{
  "type": "FeatureCollection",
  "features": [
    {
      "type": "Feature",
      "geometry": {
        "type": "LineString",
        "coordinates": [
          [
            76.6414754,
            30.3428862
          ],
          [
            76.6412988,
            30.3409412
          ],
          [
            76.6410111,
            30.339989
          ],
          [
            76.6401072,
            30.3392816
          ],
          [
            76.6388561,
            30.3383389
          ],
          [
            76.6350751,
            30.3333622
          ],
          [
            76.6334631,
            30.3311099
          ],
          [
            76.632826,
            30.3297432
          ],
          [
            76.6327245,
            30.3272373
          ],
          [
            76.633229,
            30.3237106
          ],
          [
            76.6332134,
            30.322517
          ],
          [
            76.6322363,
            30.3214522
          ],
          [
            76.6309152,
            30.3203907
          ],
          [
            76.6293839,
            30.3190328
          ],
          [
            76.6281943,
            30.3174925
          ],
          [
            76.62811,
            30.3162996
          ],
          [
            76.6285034,
            30.3148035
          ],
          [
            76.6294437,
            30.3077509
          ],
          [
            76.628731,
            30.3058479
          ],
          [
            76.6279002,
            30.3054381
          ],
          [
            76.6267293,
            30.3053302
          ]
        ]
      },
      "properties": {
        "objectid": 994726,
        "rilcode": " ",
        "rivname": "Tangori Choe",
        "ordsh": 4,
        "m8": null,
        "m4": null,
        "m2": null,
        "m1": null,
        "k500": null,
        "k250": "Tangori Choe",
        "length": null,
        "bacode": "01",
        "ba_name": null,
        "sub_basin": null,
        "st_length(shape)": 4717.017726839351
      }
    },
    {
      "type": "Feature",
      "geometry": {
        "type": "LineString",
        "coordinates": [
          [
            76.6790587,
            30.5430908
          ],
          [
            76.6784425,
            30.5433184
          ],
          [
            76.6773601,
            30.543598
          ],
          [
            76.67652,
            30.5445802
          ],
          [
            76.6760221,
            30.5450553
          ],
          [
            76.6753285,
            30.5453981
          ],
          [
            76.6749397,
            30.5453349
          ],
          [
            76.6745369,
            30.5442309
          ],
          [
            76.6742275,
            30.5433561
          ],
          [
            76.6742058,
            30.5426898
          ],
          [
            76.6734657,
            30.5424622
          ],
          [
            76.6726097,
            30.5422694
          ],
          [
            76.6722528,
            30.5422388
          ],
          [
            76.6705126,
            30.5420891
          ],
          [
            76.6695999,
            30.5421807
          ],
          [
            76.6689648,
            30.5423733
          ],
          [
            76.6684592,
            30.5422777
          ],
          [
            76.6645299,
            30.5385231
          ],
          [
            76.6637049,
            30.5381145
          ],
          [
            76.6630159,
            30.5384376
          ],
          [
            76.6619197,
            30.5376763
          ],
          [
            76.6609014,
            30.5369479
          ],
          [
            76.6592961,
            30.5358224
          ],
          [
            76.6577287,
            30.5346293
          ],
          [
            76.6564413,
            30.5340714
          ],
          [
            76.6544273,
            30.5342929
          ],
          [
            76.6522565,
            30.5342522
          ],
          [
            76.6506716,
            30.5348003
          ],
          [
            76.6500908,
            30.5348732
          ],
          [
            76.6494536,
            30.5351052
          ],
          [
            76.6488943,
            30.5353215
          ],
          [
            76.6484169,
            30.5358135
          ],
          [
            76.6482452,
            30.5361002
          ],
          [
            76.6473175,
            30.5363444
          ],
          [
            76.6465802,
            30.5363182
          ],
          [
            76.6460363,
            30.5362564
          ],
          [
            76.6458001,
            30.5359901
          ],
          [
            76.6455667,
            30.5354158
          ],
          [
            76.6455664,
            30.5354143
          ],
          [
            76.6450946,
            30.5352475
          ],
          [
            76.6449659,
            30.5350806
          ],
          [
            76.6446685,
            30.5330873
          ],
          [
            76.6444284,
            30.5314275
          ],
          [
            76.6441936,
            30.5298896
          ],
          [
            76.643985,
            30.5284915
          ],
          [
            76.6437763,
            30.5271655
          ],
          [
            76.6436041,
            30.5257404
          ],
          [
            76.6432808,
            30.5241212
          ],
          [
            76.6430721,
            30.5224074
          ],
          [
            76.6428321,
            30.5208605
          ],
          [
            76.6425035,
            30.5188085
          ],
          [
            76.6422428,
            30.5171713
          ],
          [
            76.642055,
            30.5157506
          ],
          [
            76.6418932,
            30.5140233
          ],
          [
            76.641815,
            30.513455
          ],
          [
            76.6418878,
            30.5131032
          ],
          [
            76.6420701,
            30.5126656
          ],
          [
            76.6422471,
            30.5123364
          ],
          [
            76.6426844,
            30.5113621
          ],
          [
            76.6428668,
            30.5109833
          ],
          [
            76.6429918,
            30.5107623
          ],
          [
            76.6432677,
            30.5102571
          ],
          [
            76.6435697,
            30.5096617
          ],
          [
            76.6439654,
            30.5088994
          ],
          [
            76.6440747,
            30.5086468
          ],
          [
            76.6441477,
            30.5084665
          ],
          [
            76.6440903,
            30.5081417
          ],
          [
            76.644059,
            30.5078395
          ],
          [
            76.6438871,
            30.5075869
          ],
          [
            76.6437099,
            30.507348
          ],
          [
            76.6423606,
            30.5063063
          ],
          [
            76.6414073,
            30.5054901
          ],
          [
            76.639808,
            30.5041552
          ],
          [
            76.6353061,
            30.5006214
          ],
          [
            76.6345657,
            30.5000402
          ],
          [
            76.6308147,
            30.4967584
          ],
          [
            76.6264848,
            30.4932533
          ],
          [
            76.6253102,
            30.4921627
          ],
          [
            76.6239664,
            30.4912276
          ],
          [
            76.6228644,
            30.4904294
          ],
          [
            76.622042,
            30.4898351
          ],
          [
            76.6200243,
            30.488155
          ],
          [
            76.6185406,
            30.4869419
          ],
          [
            76.6171199,
            30.4857596
          ],
          [
            76.6164749,
            30.4851857
          ],
          [
            76.6147902,
            30.4837856
          ],
          [
            76.6121271,
            30.481166
          ],
          [
            76.6100909,
            30.4784909
          ],
          [
            76.6097508,
            30.4781071
          ],
          [
            76.6093651,
            30.4776718
          ],
          [
            76.6098373,
            30.4773059
          ],
          [
            76.611022,
            30.4767266
          ],
          [
            76.6121471,
            30.4761478
          ],
          [
            76.6125971,
            30.4757493
          ],
          [
            76.6132079,
            30.4752083
          ],
          [
            76.6131443,
            30.4748992
          ],
          [
            76.6130801,
            30.4745384
          ],
          [
            76.6127185,
            30.4742321
          ],
          [
            76.6120565,
            30.4743551
          ],
          [
            76.6117603,
            30.4738799
          ],
          [
            76.6118146,
            30.4734664
          ],
          [
            76.6121813,
            30.4731146
          ],
          [
            76.6125212,
            30.4727884
          ],
          [
            76.6127317,
            30.470618
          ],
          [
            76.6124066,
            30.4705706
          ],
          [
            76.6120988,
            30.4705203
          ],
          [
            76.6113708,
            30.4704015
          ],
          [
            76.6109528,
            30.4700474
          ],
          [
            76.6106665,
            30.4692145
          ],
          [
            76.6103863,
            30.468859
          ],
          [
            76.6094876,
            30.4686289
          ],
          [
            76.6089969,
            30.4679771
          ],
          [
            76.6089885,
            30.4673206
          ],
          [
            76.6093169,
            30.4660639
          ],
          [
            76.6075135,
            30.4597541
          ],
          [
            76.6042181,
            30.4498772
          ],
          [
            76.6043155,
            30.4467128
          ],
          [
            76.6056363,
            30.4368513
          ],
          [
            76.607645,
            30.4215515
          ],
          [
            76.6102634,
            30.4162736
          ],
          [
            76.6133163,
            30.4098102
          ],
          [
            76.6168336,
            30.4023622
          ],
          [
            76.6180544,
            30.4009179
          ],
          [
            76.6240468,
            30.3957264
          ],
          [
            76.6313435,
            30.3902831
          ],
          [
            76.6331805,
            30.3885938
          ],
          [
            76.63393,
            30.3879895
          ],
          [
            76.635285,
            30.3863049
          ],
          [
            76.6362331,
            30.3851018
          ],
          [
            76.6360806,
            30.3839692
          ],
          [
            76.6367307,
            30.381038
          ],
          [
            76.6379878,
            30.3771458
          ],
          [
            76.6413581,
            30.3664281
          ],
          [
            76.6423372,
            30.3623595
          ],
          [
            76.6422799,
            30.3580027
          ],
          [
            76.6412107,
            30.3499552
          ],
          [
            76.6412685,
            30.349119
          ],
          [
            76.6417455,
            30.3487561
          ],
          [
            76.641862,
            30.3471434
          ],
          [
            76.6414754,
            30.3428862
          ]
        ]
      },
      "properties": {
        "objectid": 996336,
        "rilcode": " ",
        "rivname": "Tangori Choe",
        "ordsh": 4,
        "m8": null,
        "m4": null,
        "m2": null,
        "m1": null,
        "k500": null,
        "k250": "Tangori Choe",
        "length": null,
        "bacode": "01",
        "ba_name": null,
        "sub_basin": null,
        "st_length(shape)": 28196.86217839756
      }
    },
    {
      "type": "Feature",
      "geometry": {
        "type": "LineString",
        "coordinates": [
          [
            76.6817905,
            30.5648474
          ],
          [
            76.6813336,
            30.5648446
          ],
          [
            76.6813993,
            30.563971
          ],
          [
            76.6812422,
            30.5629588
          ],
          [
            76.6809138,
            30.5628507
          ],
          [
            76.6802223,
            30.5630093
          ],
          [
            76.6794076,
            30.5630175
          ],
          [
            76.6791315,
            30.5626846
          ],
          [
            76.6785417,
            30.5615888
          ],
          [
            76.6778182,
            30.5602469
          ],
          [
            76.6774372,
            30.5579004
          ],
          [
            76.6777576,
            30.5573091
          ],
          [
            76.6785024,
            30.5564203
          ],
          [
            76.6793944,
            30.555814
          ],
          [
            76.6797838,
            30.5555493
          ],
          [
            76.6801482,
            30.5547057
          ],
          [
            76.6801806,
            30.5542129
          ],
          [
            76.6797509,
            30.5541266
          ],
          [
            76.6791107,
            30.5539981
          ],
          [
            76.6783968,
            30.5541292
          ],
          [
            76.6779241,
            30.5545309
          ],
          [
            76.6775686,
            30.5548331
          ],
          [
            76.6770906,
            30.5552179
          ],
          [
            76.6761984,
            30.5552269
          ],
          [
            76.6758059,
            30.5548951
          ],
          [
            76.6753323,
            30.5542956
          ],
          [
            76.6743525,
            30.5533821
          ],
          [
            76.6733674,
            30.5524352
          ],
          [
            76.6726061,
            30.5522101
          ],
          [
            76.6722321,
            30.5516744
          ],
          [
            76.6718717,
            30.5508387
          ],
          [
            76.6716313,
            30.5502703
          ],
          [
            76.6724404,
            30.5498592
          ],
          [
            76.6731835,
            30.5501173
          ],
          [
            76.674185,
            30.5497745
          ],
          [
            76.6747193,
            30.5497212
          ],
          [
            76.6753085,
            30.5496624
          ],
          [
            76.6762002,
            30.5496198
          ],
          [
            76.676565,
            30.5492409
          ],
          [
            76.677122,
            30.5489389
          ],
          [
            76.6771122,
            30.5486162
          ],
          [
            76.6772212,
            30.5484423
          ],
          [
            76.677367,
            30.5482484
          ],
          [
            76.6775128,
            30.5480499
          ],
          [
            76.6775962,
            30.547919
          ],
          [
            76.6776899,
            30.5477612
          ],
          [
            76.6777887,
            30.5475943
          ],
          [
            76.6779294,
            30.5474138
          ],
          [
            76.67807,
            30.5472694
          ],
          [
            76.6782731,
            30.5470709
          ],
          [
            76.6784762,
            30.5468678
          ],
          [
            76.678721,
            30.5467053
          ],
          [
            76.6788356,
            30.5466197
          ],
          [
            76.679122,
            30.5463895
          ],
          [
            76.6793668,
            30.5461684
          ],
          [
            76.6794814,
            30.546024
          ],
          [
            76.679909,
            30.5456202
          ],
          [
            76.6794081,
            30.5454287
          ],
          [
            76.6788188,
            30.5453291
          ],
          [
            76.6786204,
            30.5449954
          ],
          [
            76.6791627,
            30.5445087
          ],
          [
            76.6795002,
            30.5440799
          ],
          [
            76.6794123,
            30.5436652
          ],
          [
            76.6790587,
            30.5430908
          ]
        ]
      },
      "properties": {
        "objectid": 996906,
        "rilcode": " ",
        "rivname": "Tangori Choe",
        "ordsh": 4,
        "m8": null,
        "m4": null,
        "m2": null,
        "m1": null,
        "k500": null,
        "k250": "Tangori Choe",
        "length": null,
        "bacode": "01",
        "ba_name": null,
        "sub_basin": null,
        "st_length(shape)": 4104.076068609676
      }
    },
    {
      "type": "Feature",
      "geometry": {
        "type": "LineString",
        "coordinates": [
          [
            76.6849424,
            30.5854492
          ],
          [
            76.6856728,
            30.5851712
          ],
          [
            76.6866989,
            30.5838853
          ],
          [
            76.6873446,
            30.5817055
          ],
          [
            76.6875545,
            30.5800246
          ],
          [
            76.687399,
            30.5798251
          ],
          [
            76.6866461,
            30.5788587
          ],
          [
            76.6853552,
            30.5780997
          ],
          [
            76.6848417,
            30.5774334
          ],
          [
            76.6847116,
            30.5764274
          ],
          [
            76.6848511,
            30.5760816
          ],
          [
            76.6852171,
            30.5751748
          ],
          [
            76.6856135,
            30.5742694
          ],
          [
            76.6857582,
            30.5734957
          ],
          [
            76.6859823,
            30.5728555
          ],
          [
            76.6861445,
            30.5724736
          ],
          [
            76.686938,
            30.5718049
          ],
          [
            76.6867978,
            30.5710925
          ],
          [
            76.6869452,
            30.5710074
          ],
          [
            76.6871146,
            30.5705272
          ],
          [
            76.68765,
            30.5699509
          ],
          [
            76.6880703,
            30.5694766
          ],
          [
            76.6886079,
            30.5679919
          ],
          [
            76.6884859,
            30.5658126
          ],
          [
            76.6887508,
            30.5646388
          ],
          [
            76.6888884,
            30.564029
          ],
          [
            76.6879815,
            30.5629638
          ],
          [
            76.6873594,
            30.5628694
          ],
          [
            76.6866769,
            30.5634936
          ],
          [
            76.6861714,
            30.563956
          ],
          [
            76.686176,
            30.5645236
          ],
          [
            76.6856475,
            30.5653715
          ],
          [
            76.6850588,
            30.5654312
          ],
          [
            76.6841752,
            30.5655208
          ],
          [
            76.6823268,
            30.5648506
          ],
          [
            76.6817905,
            30.5648474
          ]
        ]
      },
      "properties": {
        "objectid": 997563,
        "rilcode": " ",
        "rivname": "Tangori Choe",
        "ordsh": 4,
        "m8": null,
        "m4": null,
        "m2": null,
        "m1": null,
        "k500": null,
        "k250": "Tangori Choe",
        "length": null,
        "bacode": "01",
        "ba_name": null,
        "sub_basin": null,
        "st_length(shape)": 3559.237778471122
      }
    },
    {
      "type": "Feature",
      "geometry": {
        "type": "LineString",
        "coordinates": [
          [
            76.6871877,
            30.6095225
          ],
          [
            76.6868274,
            30.6092429
          ],
          [
            76.6856457,
            30.607979
          ],
          [
            76.6858178,
            30.6063657
          ],
          [
            76.6869629,
            30.6049438
          ],
          [
            76.6878714,
            30.604475
          ],
          [
            76.6881578,
            30.6043272
          ],
          [
            76.6877541,
            30.6031898
          ],
          [
            76.6864986,
            30.6028695
          ],
          [
            76.6853703,
            30.6025817
          ],
          [
            76.6835188,
            30.6028636
          ],
          [
            76.6825806,
            30.603433
          ],
          [
            76.6820559,
            30.6037515
          ],
          [
            76.680151,
            30.6035358
          ],
          [
            76.6773637,
            30.6012138
          ],
          [
            76.6762232,
            30.6001173
          ],
          [
            76.6764055,
            30.5992425
          ],
          [
            76.6764257,
            30.5978657
          ],
          [
            76.6765285,
            30.5968574
          ],
          [
            76.6763176,
            30.5956172
          ],
          [
            76.6767352,
            30.5944051
          ],
          [
            76.6768575,
            30.5938684
          ],
          [
            76.6769117,
            30.5936302
          ],
          [
            76.6782997,
            30.5929447
          ],
          [
            76.6809252,
            30.5919443
          ],
          [
            76.6820378,
            30.5909929
          ],
          [
            76.6821235,
            30.5904249
          ],
          [
            76.6817863,
            30.5896189
          ],
          [
            76.6811997,
            30.5892891
          ],
          [
            76.6809988,
            30.5887875
          ],
          [
            76.6812636,
            30.5882812
          ],
          [
            76.6822972,
            30.5872298
          ],
          [
            76.6833275,
            30.5859434
          ],
          [
            76.6845395,
            30.5856026
          ],
          [
            76.6849424,
            30.5854492
          ]
        ]
      },
      "properties": {
        "objectid": 998070,
        "rilcode": " ",
        "rivname": "Tangori Choe",
        "ordsh": 4,
        "m8": null,
        "m4": null,
        "m2": null,
        "m1": null,
        "k500": null,
        "k250": "Tangori Choe",
        "length": null,
        "bacode": "01",
        "ba_name": null,
        "sub_basin": null,
        "st_length(shape)": 4262.796233565133
      }
    },
    {
      "type": "Feature",
      "geometry": {
        "type": "LineString",
        "coordinates": [
          [
            76.6964517,
            30.6208215
          ],
          [
            76.6958774,
            30.6206763
          ],
          [
            76.694819,
            30.6202075
          ],
          [
            76.6940335,
            30.619544
          ],
          [
            76.6942496,
            30.6186793
          ],
          [
            76.6943279,
            30.6183659
          ],
          [
            76.6934296,
            30.6179722
          ],
          [
            76.6926658,
            30.6180803
          ],
          [
            76.692151,
            30.6181531
          ],
          [
            76.6912855,
            30.6173226
          ],
          [
            76.6905657,
            30.6157855
          ],
          [
            76.6903076,
            30.6139415
          ],
          [
            76.6898267,
            30.6122818
          ],
          [
            76.6896965,
            30.6118325
          ],
          [
            76.6882791,
            30.6103696
          ],
          [
            76.6875234,
            30.6097831
          ],
          [
            76.6871877,
            30.6095225
          ]
        ]
      },
      "properties": {
        "objectid": 998243,
        "rilcode": " ",
        "rivname": "Tangori Choe",
        "ordsh": 4,
        "m8": null,
        "m4": null,
        "m2": null,
        "m1": null,
        "k500": null,
        "k250": "Tangori Choe",
        "length": null,
        "bacode": "01",
        "ba_name": null,
        "sub_basin": null,
        "st_length(shape)": 1715.8142108806248
      }
    },
    {
      "type": "Feature",
      "geometry": {
        "type": "LineString",
        "coordinates": [
          [
            76.7110148,
            30.6234986
          ],
          [
            76.7105083,
            30.6233695
          ],
          [
            76.709396,
            30.6243548
          ],
          [
            76.708897,
            30.6247628
          ],
          [
            76.7081934,
            30.6249761
          ],
          [
            76.7073129,
            30.6253165
          ],
          [
            76.7070393,
            30.625185
          ],
          [
            76.706877,
            30.6246831
          ],
          [
            76.7069775,
            30.6241199
          ],
          [
            76.7064871,
            30.6238948
          ],
          [
            76.7058524,
            30.6237249
          ]
        ]
      },
      "properties": {
        "objectid": 998314,
        "rilcode": " ",
        "rivname": "Tangori Choe",
        "ordsh": 4,
        "m8": null,
        "m4": null,
        "m2": null,
        "m1": null,
        "k500": null,
        "k250": "Tangori Choe",
        "length": null,
        "bacode": "01",
        "ba_name": null,
        "sub_basin": null,
        "st_length(shape)": 692.0154329722104
      }
    },
    {
      "type": "Feature",
      "geometry": {
        "type": "LineString",
        "coordinates": [
          [
            76.7058524,
            30.6237249
          ],
          [
            76.7052309,
            30.6235585
          ],
          [
            76.7048446,
            30.6236968
          ],
          [
            76.7030973,
            30.6236813
          ],
          [
            76.7015441,
            30.6236637
          ],
          [
            76.7012793,
            30.6241701
          ],
          [
            76.7016379,
            30.6248379
          ],
          [
            76.7017748,
            30.6256514
          ],
          [
            76.7018071,
            30.6258435
          ],
          [
            76.701424,
            30.6262167
          ],
          [
            76.7006157,
            30.6267287
          ],
          [
            76.6992474,
            30.6267862
          ]
        ]
      },
      "properties": {
        "objectid": 998330,
        "rilcode": " ",
        "rivname": "Tangori Choe",
        "ordsh": 4,
        "m8": null,
        "m4": null,
        "m2": null,
        "m1": null,
        "k500": null,
        "k250": "Tangori Choe",
        "length": null,
        "bacode": "01",
        "ba_name": null,
        "sub_basin": null,
        "st_length(shape)": 945.3093605916507
      }
    },
    {
      "type": "Feature",
      "geometry": {
        "type": "LineString",
        "coordinates": [
          [
            76.6992474,
            30.6267862
          ],
          [
            76.6986095,
            30.626813
          ],
          [
            76.6978686,
            30.6263669
          ],
          [
            76.6971839,
            30.6256225
          ],
          [
            76.6974774,
            30.6243771
          ],
          [
            76.6982806,
            30.6234959
          ],
          [
            76.698862,
            30.6229116
          ],
          [
            76.6985488,
            30.6224833
          ],
          [
            76.6976267,
            30.6211188
          ],
          [
            76.6964517,
            30.6208215
          ]
        ]
      },
      "properties": {
        "objectid": 998332,
        "rilcode": " ",
        "rivname": "Tangori Choe",
        "ordsh": 4,
        "m8": null,
        "m4": null,
        "m2": null,
        "m1": null,
        "k500": null,
        "k250": "Tangori Choe",
        "length": null,
        "bacode": "01",
        "ba_name": null,
        "sub_basin": null,
        "st_length(shape)": 940.59239543238
      }
    },
    {
      "type": "Feature",
      "geometry": {
        "type": "LineString",
        "coordinates": [
          [
            76.7161339,
            30.6268363
          ],
          [
            76.7161453,
            30.626702
          ],
          [
            76.7158296,
            30.626336
          ],
          [
            76.7150144,
            30.6263445
          ],
          [
            76.7142034,
            30.6266551
          ],
          [
            76.714004,
            30.6268318
          ],
          [
            76.7135131,
            30.6272666
          ],
          [
            76.71211,
            30.6268783
          ],
          [
            76.7111569,
            30.6253438
          ],
          [
            76.7108473,
            30.6240028
          ],
          [
            76.7110148,
            30.6234986
          ]
        ]
      },
      "properties": {
        "objectid": 998335,
        "rilcode": " ",
        "rivname": "Tangori Choe",
        "ordsh": 4,
        "m8": null,
        "m4": null,
        "m2": null,
        "m1": null,
        "k500": null,
        "k250": "Tangori Choe",
        "length": null,
        "bacode": "01",
        "ba_name": null,
        "sub_basin": null,
        "st_length(shape)": 856.5249054782935
      }
    },
    {
      "type": "Feature",
      "geometry": {
        "type": "LineString",
        "coordinates": [
          [
            76.7194536,
            30.6345962
          ],
          [
            76.719551,
            30.6342546
          ],
          [
            76.7192741,
            30.6338881
          ],
          [
            76.7178708,
            30.633931
          ],
          [
            76.7170584,
            30.6337098
          ],
          [
            76.7161225,
            30.6334174
          ],
          [
            76.7157684,
            30.6330853
          ],
          [
            76.7156818,
            30.6324483
          ],
          [
            76.7160593,
            30.6316721
          ],
          [
            76.7160556,
            30.6314036
          ],
          [
            76.7160268,
            30.6308429
          ],
          [
            76.7159915,
            30.6295911
          ],
          [
            76.7158207,
            30.6284849
          ],
          [
            76.716082,
            30.6274456
          ],
          [
            76.7161339,
            30.6268363
          ]
        ]
      },
      "properties": {
        "objectid": 998452,
        "rilcode": " ",
        "rivname": "Tangori Choe",
        "ordsh": 4,
        "m8": null,
        "m4": null,
        "m2": null,
        "m1": null,
        "k500": null,
        "k250": "Tangori Choe",
        "length": null,
        "bacode": "01",
        "ba_name": null,
        "sub_basin": null,
        "st_length(shape)": 1139.1867754162206
      }
    },
    {
      "type": "Feature",
      "geometry": {
        "type": "LineString",
        "coordinates": [
          [
            76.719613,
            30.6395041
          ],
          [
            76.7195866,
            30.6391434
          ],
          [
            76.7194562,
            30.6391209
          ],
          [
            76.719357,
            30.6390353
          ],
          [
            76.718835,
            30.6385933
          ],
          [
            76.7184323,
            30.6375567
          ],
          [
            76.7185726,
            30.6364808
          ],
          [
            76.7192919,
            30.6351638
          ],
          [
            76.7194184,
            30.6347197
          ],
          [
            76.7194536,
            30.6345962
          ]
        ]
      },
      "properties": {
        "objectid": 998516,
        "rilcode": " ",
        "rivname": "Tangori Choe",
        "ordsh": 4,
        "m8": null,
        "m4": null,
        "m2": null,
        "m1": null,
        "k500": null,
        "k250": "Tangori Choe",
        "length": null,
        "bacode": "01",
        "ba_name": null,
        "sub_basin": null,
        "st_length(shape)": 596.1349788593777
      }
    },
    {
      "type": "Feature",
      "geometry": {
        "type": "LineString",
        "coordinates": [
          [
            76.7211182,
            30.668906
          ],
          [
            76.721169,
            30.6686616
          ],
          [
            76.7224419,
            30.6680638
          ],
          [
            76.7229013,
            30.667455
          ],
          [
            76.7220671,
            30.666714
          ],
          [
            76.7212495,
            30.6667841
          ],
          [
            76.7207869,
            30.666789
          ],
          [
            76.7205657,
            30.6662375
          ],
          [
            76.7205223,
            30.6656842
          ],
          [
            76.7209111,
            30.6650482
          ],
          [
            76.7215392,
            30.6645968
          ],
          [
            76.7217156,
            30.6640466
          ],
          [
            76.7218461,
            30.6636399
          ],
          [
            76.7220488,
            30.6628687
          ],
          [
            76.7227298,
            30.6626849
          ],
          [
            76.7225726,
            30.6621556
          ],
          [
            76.7226009,
            30.6616323
          ],
          [
            76.7219843,
            30.6608081
          ],
          [
            76.7221112,
            30.6596992
          ],
          [
            76.7227464,
            30.6593234
          ],
          [
            76.7236724,
            30.6593752
          ],
          [
            76.7239832,
            30.6586952
          ],
          [
            76.7243312,
            30.6581377
          ],
          [
            76.7249932,
            30.6572201
          ],
          [
            76.7246941,
            30.6561035
          ],
          [
            76.724367,
            30.6556147
          ],
          [
            76.724725,
            30.6552733
          ],
          [
            76.7244636,
            30.6545506
          ],
          [
            76.7244209,
            30.6542613
          ],
          [
            76.7243638,
            30.6538742
          ],
          [
            76.7239402,
            30.6530964
          ],
          [
            76.7241103,
            30.6525409
          ],
          [
            76.7244403,
            30.6521378
          ],
          [
            76.7244523,
            30.6515528
          ],
          [
            76.724415,
            30.6514302
          ],
          [
            76.7241165,
            30.6514333
          ],
          [
            76.7238458,
            30.6514361
          ],
          [
            76.7236644,
            30.6511919
          ],
          [
            76.7233,
            30.6505805
          ],
          [
            76.7233187,
            30.6498755
          ],
          [
            76.7232799,
            30.6498115
          ],
          [
            76.7230761,
            30.6495139
          ],
          [
            76.7230238,
            30.6493877
          ],
          [
            76.7229088,
            30.6491803
          ],
          [
            76.7228409,
            30.6490405
          ],
          [
            76.7227259,
            30.6488422
          ],
          [
            76.7226789,
            30.6487249
          ],
          [
            76.7226161,
            30.6486123
          ],
          [
            76.7225378,
            30.6485266
          ],
          [
            76.7224594,
            30.6483688
          ],
          [
            76.7223758,
            30.6481795
          ],
          [
            76.7223078,
            30.6480127
          ],
          [
            76.7222294,
            30.6478639
          ],
          [
            76.7221509,
            30.6477106
          ],
          [
            76.7221507,
            30.6474986
          ],
          [
            76.7221245,
            30.6473138
          ],
          [
            76.7220826,
            30.6471649
          ],
          [
            76.7220721,
            30.6471063
          ],
          [
            76.7220354,
            30.6469756
          ],
          [
            76.7220145,
            30.6468447
          ],
          [
            76.72203,
            30.646705
          ],
          [
            76.7221289,
            30.6464659
          ],
          [
            76.7221651,
            30.6461816
          ],
          [
            76.7223005,
            30.6459922
          ],
          [
            76.7224569,
            30.6458612
          ],
          [
            76.7225141,
            30.6457304
          ],
          [
            76.722514,
            30.6456312
          ],
          [
            76.7224826,
            30.6454869
          ],
          [
            76.7223625,
            30.6453561
          ],
          [
            76.7222058,
            30.6452075
          ],
          [
            76.7220544,
            30.6450768
          ],
          [
            76.7218875,
            30.6449777
          ],
          [
            76.7216735,
            30.6449102
          ],
          [
            76.7214178,
            30.6448202
          ],
          [
            76.7210786,
            30.6447258
          ],
          [
            76.7208438,
            30.6445501
          ],
          [
            76.7207758,
            30.6443968
          ],
          [
            76.7207027,
            30.644266
          ],
          [
            76.7205356,
            30.6440993
          ],
          [
            76.7203529,
            30.6439461
          ],
          [
            76.7202171,
            30.6438243
          ],
          [
            76.7199093,
            30.6437119
          ],
          [
            76.7196953,
            30.6436398
          ],
          [
            76.7194657,
            30.6435814
          ],
          [
            76.7192414,
            30.6435049
          ],
          [
            76.7191213,
            30.6434373
          ],
          [
            76.7190169,
            30.6433697
          ],
          [
            76.7189543,
            30.6432976
          ],
          [
            76.7189177,
            30.6432119
          ],
          [
            76.7189333,
            30.6431218
          ],
          [
            76.7189698,
            30.6430676
          ],
          [
            76.7190479,
            30.6429773
          ],
          [
            76.7191364,
            30.642869
          ],
          [
            76.7192615,
            30.6426705
          ],
          [
            76.7193291,
            30.6426028
          ],
          [
            76.7194229,
            30.6424584
          ],
          [
            76.7195271,
            30.642296
          ],
          [
            76.719626,
            30.642102
          ],
          [
            76.7197093,
            30.6419035
          ],
          [
            76.7197977,
            30.6416824
          ],
          [
            76.7199173,
            30.6413802
          ],
          [
            76.7199433,
            30.6411411
          ],
          [
            76.7199431,
            30.6409607
          ],
          [
            76.7199532,
            30.6407262
          ],
          [
            76.7198695,
            30.6404421
          ],
          [
            76.7198433,
            30.6402617
          ],
          [
            76.7198066,
            30.6400678
          ],
          [
            76.7197334,
            30.6399055
          ],
          [
            76.7197019,
            30.6397612
          ],
          [
            76.7196601,
            30.639635
          ],
          [
            76.719613,
            30.6395041
          ]
        ]
      },
      "properties": {
        "objectid": 998788,
        "rilcode": " ",
        "rivname": "Tangori Choe",
        "ordsh": 2,
        "m8": null,
        "m4": null,
        "m2": null,
        "m1": null,
        "k500": null,
        "k250": "Tangori Choe",
        "length": null,
        "bacode": "01",
        "ba_name": null,
        "sub_basin": null,
        "st_length(shape)": 4108.021777481967
      }
    },
    {
      "type": "Feature",
      "geometry": {
        "type": "LineString",
        "coordinates": [
          [
            76.7435571,
            30.729796
          ],
          [
            76.7427856,
            30.7289101
          ],
          [
            76.7419484,
            30.7282634
          ],
          [
            76.7404972,
            30.7281
          ],
          [
            76.7380786,
            30.7278276
          ],
          [
            76.7359939,
            30.7267768
          ],
          [
            76.7345123,
            30.7244679
          ],
          [
            76.7336686,
            30.7233444
          ],
          [
            76.7325295,
            30.720853
          ],
          [
            76.732638,
            30.7187658
          ],
          [
            76.7333025,
            30.7169707
          ],
          [
            76.7346559,
            30.7151087
          ],
          [
            76.7359656,
            30.7150353
          ],
          [
            76.7370489,
            30.7135933
          ],
          [
            76.7376553,
            30.7125737
          ],
          [
            76.7390919,
            30.711724
          ],
          [
            76.7397537,
            30.7097501
          ],
          [
            76.7399369,
            30.7080793
          ],
          [
            76.7403338,
            30.706883
          ],
          [
            76.7403867,
            30.70575
          ],
          [
            76.7397551,
            30.7043374
          ],
          [
            76.7397174,
            30.7040953
          ],
          [
            76.7393921,
            30.703849
          ],
          [
            76.7395141,
            30.703242
          ],
          [
            76.7394063,
            30.7023414
          ],
          [
            76.7388575,
            30.7013012
          ],
          [
            76.7382428,
            30.7006309
          ],
          [
            76.7376108,
            30.7003437
          ],
          [
            76.7366132,
            30.7009818
          ],
          [
            76.736015,
            30.7013644
          ],
          [
            76.7358395,
            30.7014006
          ],
          [
            76.7347678,
            30.7016214
          ],
          [
            76.7344114,
            30.7015944
          ],
          [
            76.7342946,
            30.700888
          ],
          [
            76.7345377,
            30.7004548
          ],
          [
            76.7346714,
            30.6998381
          ],
          [
            76.7351308,
            30.699471
          ],
          [
            76.7365857,
            30.6984053
          ],
          [
            76.7375154,
            30.6970392
          ],
          [
            76.7377203,
            30.6964217
          ],
          [
            76.7377063,
            30.6954374
          ],
          [
            76.7370573,
            30.6948597
          ],
          [
            76.7363671,
            30.6938826
          ],
          [
            76.7365017,
            30.6935211
          ],
          [
            76.7364756,
            30.6934354
          ],
          [
            76.7364597,
            30.6932324
          ],
          [
            76.7364908,
            30.693043
          ],
          [
            76.736527,
            30.6928084
          ],
          [
            76.7365007,
            30.6925874
          ],
          [
            76.7364378,
            30.6923575
          ],
          [
            76.7363542,
            30.6922403
          ],
          [
            76.7362653,
            30.6920871
          ],
          [
            76.7361555,
            30.6918707
          ],
          [
            76.7360874,
            30.6917084
          ],
          [
            76.7359097,
            30.691483
          ],
          [
            76.735565,
            30.6912443
          ],
          [
            76.7355179,
            30.691109
          ],
          [
            76.7354864,
            30.6909602
          ],
          [
            76.7354778,
            30.690917
          ],
          [
            76.7351494,
            30.6908497
          ],
          [
            76.7348529,
            30.6900222
          ],
          [
            76.7349137,
            30.6892832
          ],
          [
            76.7344405,
            30.6885499
          ],
          [
            76.7339278,
            30.6879263
          ],
          [
            76.7331223,
            30.6871592
          ],
          [
            76.7327403,
            30.6866296
          ],
          [
            76.7328862,
            30.6861305
          ],
          [
            76.7328556,
            30.6857263
          ],
          [
            76.732756,
            30.685352
          ],
          [
            76.7327922,
            30.6851265
          ],
          [
            76.7329485,
            30.6848332
          ],
          [
            76.7330631,
            30.6846482
          ],
          [
            76.7332559,
            30.6844496
          ],
          [
            76.7334175,
            30.6843277
          ],
          [
            76.7336522,
            30.6841787
          ],
          [
            76.7337627,
            30.6841392
          ],
          [
            76.7339425,
            30.6835405
          ],
          [
            76.7342718,
            30.6829018
          ],
          [
            76.7341098,
            30.6827351
          ],
          [
            76.7339165,
            30.6825458
          ],
          [
            76.7337963,
            30.6823024
          ],
          [
            76.7337594,
            30.6820995
          ],
          [
            76.7336548,
            30.6818019
          ],
          [
            76.7335135,
            30.6814728
          ],
          [
            76.7332416,
            30.6809769
          ],
          [
            76.7331893,
            30.6808461
          ],
          [
            76.7331422,
            30.6807244
          ],
          [
            76.7330951,
            30.6806117
          ],
          [
            76.7330689,
            30.680517
          ],
          [
            76.7330114,
            30.6804494
          ],
          [
            76.7329957,
            30.6803908
          ],
          [
            76.7329173,
            30.6802872
          ],
          [
            76.7328754,
            30.6801744
          ],
          [
            76.7328388,
            30.6800842
          ],
          [
            76.7327761,
            30.6799896
          ],
          [
            76.7327185,
            30.6798769
          ],
          [
            76.7326507,
            30.6797958
          ],
          [
            76.7325828,
            30.6797281
          ],
          [
            76.7324052,
            30.6796517
          ],
          [
            76.7322486,
            30.6795841
          ],
          [
            76.7320346,
            30.6795347
          ],
          [
            76.7318833,
            30.6794852
          ],
          [
            76.731737,
            30.6794132
          ],
          [
            76.7315178,
            30.6793051
          ],
          [
            76.731429,
            30.6792465
          ],
          [
            76.7312254,
            30.6790978
          ],
          [
            76.7310425,
            30.6789176
          ],
          [
            76.7309067,
            30.6787328
          ],
          [
            76.7308712,
            30.678673
          ],
          [
            76.7305976,
            30.6785611
          ],
          [
            76.7294032,
            30.6771585
          ],
          [
            76.72857,
            30.6761213
          ],
          [
            76.7267377,
            30.67491
          ],
          [
            76.7256992,
            30.6744594
          ],
          [
            76.7245427,
            30.6732102
          ],
          [
            76.7239986,
            30.6724776
          ],
          [
            76.7227071,
            30.6717527
          ],
          [
            76.7222737,
            30.6711898
          ],
          [
            76.721517,
            30.6705603
          ],
          [
            76.7210118,
            30.67014
          ],
          [
            76.7210023,
            30.6694632
          ],
          [
            76.7211182,
            30.668906
          ]
        ]
      },
      "properties": {
        "objectid": 999452,
        "rilcode": " ",
        "rivname": "Tangori Choe",
        "ordsh": 1,
        "m8": null,
        "m4": null,
        "m2": null,
        "m1": null,
        "k500": null,
        "k250": "",
        "length": null,
        "bacode": "01",
        "ba_name": null,
        "sub_basin": null,
        "st_length(shape)": 8984.457816023816
      }
    },
    {
      "type": "Feature",
      "geometry": {
        "type": "LineString",
        "coordinates": [
          [
            76.6414754,
            30.3428862
          ],
          [
            76.6412988,
            30.3409412
          ],
          [
            76.6410111,
            30.339989
          ],
          [
            76.6401072,
            30.3392816
          ],
          [
            76.6388561,
            30.3383389
          ],
          [
            76.6350751,
            30.3333622
          ],
          [
            76.6334631,
            30.3311099
          ],
          [
            76.632826,
            30.3297432
          ],
          [
            76.6327245,
            30.3272373
          ],
          [
            76.633229,
            30.3237106
          ],
          [
            76.6332134,
            30.322517
          ],
          [
            76.6322363,
            30.3214522
          ],
          [
            76.6309152,
            30.3203907
          ],
          [
            76.6293839,
            30.3190328
          ],
          [
            76.6281943,
            30.3174925
          ],
          [
            76.62811,
            30.3162996
          ],
          [
            76.6285034,
            30.3148035
          ],
          [
            76.6294437,
            30.3077509
          ],
          [
            76.628731,
            30.3058479
          ],
          [
            76.6279002,
            30.3054381
          ],
          [
            76.6267293,
            30.3053302
          ]
        ]
      },
      "properties": {
        "objectid": 994726,
        "rilcode": " ",
        "rivname": "Tangori Choe",
        "ordsh": 4,
        "m8": null,
        "m4": null,
        "m2": null,
        "m1": null,
        "k500": null,
        "k250": "Tangori Choe",
        "length": null,
        "bacode": "01",
        "ba_name": null,
        "sub_basin": null,
        "st_length(shape)": 4717.017726839351
      }
    },
    {
      "type": "Feature",
      "geometry": {
        "type": "LineString",
        "coordinates": [
          [
            76.6790587,
            30.5430908
          ],
          [
            76.6784425,
            30.5433184
          ],
          [
            76.6773601,
            30.543598
          ],
          [
            76.67652,
            30.5445802
          ],
          [
            76.6760221,
            30.5450553
          ],
          [
            76.6753285,
            30.5453981
          ],
          [
            76.6749397,
            30.5453349
          ],
          [
            76.6745369,
            30.5442309
          ],
          [
            76.6742275,
            30.5433561
          ],
          [
            76.6742058,
            30.5426898
          ],
          [
            76.6734657,
            30.5424622
          ],
          [
            76.6726097,
            30.5422694
          ],
          [
            76.6722528,
            30.5422388
          ],
          [
            76.6705126,
            30.5420891
          ],
          [
            76.6695999,
            30.5421807
          ],
          [
            76.6689648,
            30.5423733
          ],
          [
            76.6684592,
            30.5422777
          ],
          [
            76.6645299,
            30.5385231
          ],
          [
            76.6637049,
            30.5381145
          ],
          [
            76.6630159,
            30.5384376
          ],
          [
            76.6619197,
            30.5376763
          ],
          [
            76.6609014,
            30.5369479
          ],
          [
            76.6592961,
            30.5358224
          ],
          [
            76.6577287,
            30.5346293
          ],
          [
            76.6564413,
            30.5340714
          ],
          [
            76.6544273,
            30.5342929
          ],
          [
            76.6522565,
            30.5342522
          ],
          [
            76.6506716,
            30.5348003
          ],
          [
            76.6500908,
            30.5348732
          ],
          [
            76.6494536,
            30.5351052
          ],
          [
            76.6488943,
            30.5353215
          ],
          [
            76.6484169,
            30.5358135
          ],
          [
            76.6482452,
            30.5361002
          ],
          [
            76.6473175,
            30.5363444
          ],
          [
            76.6465802,
            30.5363182
          ],
          [
            76.6460363,
            30.5362564
          ],
          [
            76.6458001,
            30.5359901
          ],
          [
            76.6455667,
            30.5354158
          ],
          [
            76.6455664,
            30.5354143
          ],
          [
            76.6450946,
            30.5352475
          ],
          [
            76.6449659,
            30.5350806
          ],
          [
            76.6446685,
            30.5330873
          ],
          [
            76.6444284,
            30.5314275
          ],
          [
            76.6441936,
            30.5298896
          ],
          [
            76.643985,
            30.5284915
          ],
          [
            76.6437763,
            30.5271655
          ],
          [
            76.6436041,
            30.5257404
          ],
          [
            76.6432808,
            30.5241212
          ],
          [
            76.6430721,
            30.5224074
          ],
          [
            76.6428321,
            30.5208605
          ],
          [
            76.6425035,
            30.5188085
          ],
          [
            76.6422428,
            30.5171713
          ],
          [
            76.642055,
            30.5157506
          ],
          [
            76.6418932,
            30.5140233
          ],
          [
            76.641815,
            30.513455
          ],
          [
            76.6418878,
            30.5131032
          ],
          [
            76.6420701,
            30.5126656
          ],
          [
            76.6422471,
            30.5123364
          ],
          [
            76.6426844,
            30.5113621
          ],
          [
            76.6428668,
            30.5109833
          ],
          [
            76.6429918,
            30.5107623
          ],
          [
            76.6432677,
            30.5102571
          ],
          [
            76.6435697,
            30.5096617
          ],
          [
            76.6439654,
            30.5088994
          ],
          [
            76.6440747,
            30.5086468
          ],
          [
            76.6441477,
            30.5084665
          ],
          [
            76.6440903,
            30.5081417
          ],
          [
            76.644059,
            30.5078395
          ],
          [
            76.6438871,
            30.5075869
          ],
          [
            76.6437099,
            30.507348
          ],
          [
            76.6423606,
            30.5063063
          ],
          [
            76.6414073,
            30.5054901
          ],
          [
            76.639808,
            30.5041552
          ],
          [
            76.6353061,
            30.5006214
          ],
          [
            76.6345657,
            30.5000402
          ],
          [
            76.6308147,
            30.4967584
          ],
          [
            76.6264848,
            30.4932533
          ],
          [
            76.6253102,
            30.4921627
          ],
          [
            76.6239664,
            30.4912276
          ],
          [
            76.6228644,
            30.4904294
          ],
          [
            76.622042,
            30.4898351
          ],
          [
            76.6200243,
            30.488155
          ],
          [
            76.6185406,
            30.4869419
          ],
          [
            76.6171199,
            30.4857596
          ],
          [
            76.6164749,
            30.4851857
          ],
          [
            76.6147902,
            30.4837856
          ],
          [
            76.6121271,
            30.481166
          ],
          [
            76.6100909,
            30.4784909
          ],
          [
            76.6097508,
            30.4781071
          ],
          [
            76.6093651,
            30.4776718
          ],
          [
            76.6098373,
            30.4773059
          ],
          [
            76.611022,
            30.4767266
          ],
          [
            76.6121471,
            30.4761478
          ],
          [
            76.6125971,
            30.4757493
          ],
          [
            76.6132079,
            30.4752083
          ],
          [
            76.6131443,
            30.4748992
          ],
          [
            76.6130801,
            30.4745384
          ],
          [
            76.6127185,
            30.4742321
          ],
          [
            76.6120565,
            30.4743551
          ],
          [
            76.6117603,
            30.4738799
          ],
          [
            76.6118146,
            30.4734664
          ],
          [
            76.6121813,
            30.4731146
          ],
          [
            76.6125212,
            30.4727884
          ],
          [
            76.6127317,
            30.470618
          ],
          [
            76.6124066,
            30.4705706
          ],
          [
            76.6120988,
            30.4705203
          ],
          [
            76.6113708,
            30.4704015
          ],
          [
            76.6109528,
            30.4700474
          ],
          [
            76.6106665,
            30.4692145
          ],
          [
            76.6103863,
            30.468859
          ],
          [
            76.6094876,
            30.4686289
          ],
          [
            76.6089969,
            30.4679771
          ],
          [
            76.6089885,
            30.4673206
          ],
          [
            76.6093169,
            30.4660639
          ],
          [
            76.6075135,
            30.4597541
          ],
          [
            76.6042181,
            30.4498772
          ],
          [
            76.6043155,
            30.4467128
          ],
          [
            76.6056363,
            30.4368513
          ],
          [
            76.607645,
            30.4215515
          ],
          [
            76.6102634,
            30.4162736
          ],
          [
            76.6133163,
            30.4098102
          ],
          [
            76.6168336,
            30.4023622
          ],
          [
            76.6180544,
            30.4009179
          ],
          [
            76.6240468,
            30.3957264
          ],
          [
            76.6313435,
            30.3902831
          ],
          [
            76.6331805,
            30.3885938
          ],
          [
            76.63393,
            30.3879895
          ],
          [
            76.635285,
            30.3863049
          ],
          [
            76.6362331,
            30.3851018
          ],
          [
            76.6360806,
            30.3839692
          ],
          [
            76.6367307,
            30.381038
          ],
          [
            76.6379878,
            30.3771458
          ],
          [
            76.6413581,
            30.3664281
          ],
          [
            76.6423372,
            30.3623595
          ],
          [
            76.6422799,
            30.3580027
          ],
          [
            76.6412107,
            30.3499552
          ],
          [
            76.6412685,
            30.349119
          ],
          [
            76.6417455,
            30.3487561
          ],
          [
            76.641862,
            30.3471434
          ],
          [
            76.6414754,
            30.3428862
          ]
        ]
      },
      "properties": {
        "objectid": 996336,
        "rilcode": " ",
        "rivname": "Tangori Choe",
        "ordsh": 4,
        "m8": null,
        "m4": null,
        "m2": null,
        "m1": null,
        "k500": null,
        "k250": "Tangori Choe",
        "length": null,
        "bacode": "01",
        "ba_name": null,
        "sub_basin": null,
        "st_length(shape)": 28196.86217839756
      }
    },
    {
      "type": "Feature",
      "geometry": {
        "type": "LineString",
        "coordinates": [
          [
            76.6817905,
            30.5648474
          ],
          [
            76.6813336,
            30.5648446
          ],
          [
            76.6813993,
            30.563971
          ],
          [
            76.6812422,
            30.5629588
          ],
          [
            76.6809138,
            30.5628507
          ],
          [
            76.6802223,
            30.5630093
          ],
          [
            76.6794076,
            30.5630175
          ],
          [
            76.6791315,
            30.5626846
          ],
          [
            76.6785417,
            30.5615888
          ],
          [
            76.6778182,
            30.5602469
          ],
          [
            76.6774372,
            30.5579004
          ],
          [
            76.6777576,
            30.5573091
          ],
          [
            76.6785024,
            30.5564203
          ],
          [
            76.6793944,
            30.555814
          ],
          [
            76.6797838,
            30.5555493
          ],
          [
            76.6801482,
            30.5547057
          ],
          [
            76.6801806,
            30.5542129
          ],
          [
            76.6797509,
            30.5541266
          ],
          [
            76.6791107,
            30.5539981
          ],
          [
            76.6783968,
            30.5541292
          ],
          [
            76.6779241,
            30.5545309
          ],
          [
            76.6775686,
            30.5548331
          ],
          [
            76.6770906,
            30.5552179
          ],
          [
            76.6761984,
            30.5552269
          ],
          [
            76.6758059,
            30.5548951
          ],
          [
            76.6753323,
            30.5542956
          ],
          [
            76.6743525,
            30.5533821
          ],
          [
            76.6733674,
            30.5524352
          ],
          [
            76.6726061,
            30.5522101
          ],
          [
            76.6722321,
            30.5516744
          ],
          [
            76.6718717,
            30.5508387
          ],
          [
            76.6716313,
            30.5502703
          ],
          [
            76.6724404,
            30.5498592
          ],
          [
            76.6731835,
            30.5501173
          ],
          [
            76.674185,
            30.5497745
          ],
          [
            76.6747193,
            30.5497212
          ],
          [
            76.6753085,
            30.5496624
          ],
          [
            76.6762002,
            30.5496198
          ],
          [
            76.676565,
            30.5492409
          ],
          [
            76.677122,
            30.5489389
          ],
          [
            76.6771122,
            30.5486162
          ],
          [
            76.6772212,
            30.5484423
          ],
          [
            76.677367,
            30.5482484
          ],
          [
            76.6775128,
            30.5480499
          ],
          [
            76.6775962,
            30.547919
          ],
          [
            76.6776899,
            30.5477612
          ],
          [
            76.6777887,
            30.5475943
          ],
          [
            76.6779294,
            30.5474138
          ],
          [
            76.67807,
            30.5472694
          ],
          [
            76.6782731,
            30.5470709
          ],
          [
            76.6784762,
            30.5468678
          ],
          [
            76.678721,
            30.5467053
          ],
          [
            76.6788356,
            30.5466197
          ],
          [
            76.679122,
            30.5463895
          ],
          [
            76.6793668,
            30.5461684
          ],
          [
            76.6794814,
            30.546024
          ],
          [
            76.679909,
            30.5456202
          ],
          [
            76.6794081,
            30.5454287
          ],
          [
            76.6788188,
            30.5453291
          ],
          [
            76.6786204,
            30.5449954
          ],
          [
            76.6791627,
            30.5445087
          ],
          [
            76.6795002,
            30.5440799
          ],
          [
            76.6794123,
            30.5436652
          ],
          [
            76.6790587,
            30.5430908
          ]
        ]
      },
      "properties": {
        "objectid": 996906,
        "rilcode": " ",
        "rivname": "Tangori Choe",
        "ordsh": 4,
        "m8": null,
        "m4": null,
        "m2": null,
        "m1": null,
        "k500": null,
        "k250": "Tangori Choe",
        "length": null,
        "bacode": "01",
        "ba_name": null,
        "sub_basin": null,
        "st_length(shape)": 4104.076068609676
      }
    },
    {
      "type": "Feature",
      "geometry": {
        "type": "LineString",
        "coordinates": [
          [
            76.6849424,
            30.5854492
          ],
          [
            76.6856728,
            30.5851712
          ],
          [
            76.6866989,
            30.5838853
          ],
          [
            76.6873446,
            30.5817055
          ],
          [
            76.6875545,
            30.5800246
          ],
          [
            76.687399,
            30.5798251
          ],
          [
            76.6866461,
            30.5788587
          ],
          [
            76.6853552,
            30.5780997
          ],
          [
            76.6848417,
            30.5774334
          ],
          [
            76.6847116,
            30.5764274
          ],
          [
            76.6848511,
            30.5760816
          ],
          [
            76.6852171,
            30.5751748
          ],
          [
            76.6856135,
            30.5742694
          ],
          [
            76.6857582,
            30.5734957
          ],
          [
            76.6859823,
            30.5728555
          ],
          [
            76.6861445,
            30.5724736
          ],
          [
            76.686938,
            30.5718049
          ],
          [
            76.6867978,
            30.5710925
          ],
          [
            76.6869452,
            30.5710074
          ],
          [
            76.6871146,
            30.5705272
          ],
          [
            76.68765,
            30.5699509
          ],
          [
            76.6880703,
            30.5694766
          ],
          [
            76.6886079,
            30.5679919
          ],
          [
            76.6884859,
            30.5658126
          ],
          [
            76.6887508,
            30.5646388
          ],
          [
            76.6888884,
            30.564029
          ],
          [
            76.6879815,
            30.5629638
          ],
          [
            76.6873594,
            30.5628694
          ],
          [
            76.6866769,
            30.5634936
          ],
          [
            76.6861714,
            30.563956
          ],
          [
            76.686176,
            30.5645236
          ],
          [
            76.6856475,
            30.5653715
          ],
          [
            76.6850588,
            30.5654312
          ],
          [
            76.6841752,
            30.5655208
          ],
          [
            76.6823268,
            30.5648506
          ],
          [
            76.6817905,
            30.5648474
          ]
        ]
      },
      "properties": {
        "objectid": 997563,
        "rilcode": " ",
        "rivname": "Tangori Choe",
        "ordsh": 4,
        "m8": null,
        "m4": null,
        "m2": null,
        "m1": null,
        "k500": null,
        "k250": "Tangori Choe",
        "length": null,
        "bacode": "01",
        "ba_name": null,
        "sub_basin": null,
        "st_length(shape)": 3559.237778471122
      }
    },
    {
      "type": "Feature",
      "geometry": {
        "type": "LineString",
        "coordinates": [
          [
            76.6871877,
            30.6095225
          ],
          [
            76.6868274,
            30.6092429
          ],
          [
            76.6856457,
            30.607979
          ],
          [
            76.6858178,
            30.6063657
          ],
          [
            76.6869629,
            30.6049438
          ],
          [
            76.6878714,
            30.604475
          ],
          [
            76.6881578,
            30.6043272
          ],
          [
            76.6877541,
            30.6031898
          ],
          [
            76.6864986,
            30.6028695
          ],
          [
            76.6853703,
            30.6025817
          ],
          [
            76.6835188,
            30.6028636
          ],
          [
            76.6825806,
            30.603433
          ],
          [
            76.6820559,
            30.6037515
          ],
          [
            76.680151,
            30.6035358
          ],
          [
            76.6773637,
            30.6012138
          ],
          [
            76.6762232,
            30.6001173
          ],
          [
            76.6764055,
            30.5992425
          ],
          [
            76.6764257,
            30.5978657
          ],
          [
            76.6765285,
            30.5968574
          ],
          [
            76.6763176,
            30.5956172
          ],
          [
            76.6767352,
            30.5944051
          ],
          [
            76.6768575,
            30.5938684
          ],
          [
            76.6769117,
            30.5936302
          ],
          [
            76.6782997,
            30.5929447
          ],
          [
            76.6809252,
            30.5919443
          ],
          [
            76.6820378,
            30.5909929
          ],
          [
            76.6821235,
            30.5904249
          ],
          [
            76.6817863,
            30.5896189
          ],
          [
            76.6811997,
            30.5892891
          ],
          [
            76.6809988,
            30.5887875
          ],
          [
            76.6812636,
            30.5882812
          ],
          [
            76.6822972,
            30.5872298
          ],
          [
            76.6833275,
            30.5859434
          ],
          [
            76.6845395,
            30.5856026
          ],
          [
            76.6849424,
            30.5854492
          ]
        ]
      },
      "properties": {
        "objectid": 998070,
        "rilcode": " ",
        "rivname": "Tangori Choe",
        "ordsh": 4,
        "m8": null,
        "m4": null,
        "m2": null,
        "m1": null,
        "k500": null,
        "k250": "Tangori Choe",
        "length": null,
        "bacode": "01",
        "ba_name": null,
        "sub_basin": null,
        "st_length(shape)": 4262.796233565133
      }
    },
    {
      "type": "Feature",
      "geometry": {
        "type": "LineString",
        "coordinates": [
          [
            76.6964517,
            30.6208215
          ],
          [
            76.6958774,
            30.6206763
          ],
          [
            76.694819,
            30.6202075
          ],
          [
            76.6940335,
            30.619544
          ],
          [
            76.6942496,
            30.6186793
          ],
          [
            76.6943279,
            30.6183659
          ],
          [
            76.6934296,
            30.6179722
          ],
          [
            76.6926658,
            30.6180803
          ],
          [
            76.692151,
            30.6181531
          ],
          [
            76.6912855,
            30.6173226
          ],
          [
            76.6905657,
            30.6157855
          ],
          [
            76.6903076,
            30.6139415
          ],
          [
            76.6898267,
            30.6122818
          ],
          [
            76.6896965,
            30.6118325
          ],
          [
            76.6882791,
            30.6103696
          ],
          [
            76.6875234,
            30.6097831
          ],
          [
            76.6871877,
            30.6095225
          ]
        ]
      },
      "properties": {
        "objectid": 998243,
        "rilcode": " ",
        "rivname": "Tangori Choe",
        "ordsh": 4,
        "m8": null,
        "m4": null,
        "m2": null,
        "m1": null,
        "k500": null,
        "k250": "Tangori Choe",
        "length": null,
        "bacode": "01",
        "ba_name": null,
        "sub_basin": null,
        "st_length(shape)": 1715.8142108806248
      }
    },
    {
      "type": "Feature",
      "geometry": {
        "type": "LineString",
        "coordinates": [
          [
            76.7110148,
            30.6234986
          ],
          [
            76.7105083,
            30.6233695
          ],
          [
            76.709396,
            30.6243548
          ],
          [
            76.708897,
            30.6247628
          ],
          [
            76.7081934,
            30.6249761
          ],
          [
            76.7073129,
            30.6253165
          ],
          [
            76.7070393,
            30.625185
          ],
          [
            76.706877,
            30.6246831
          ],
          [
            76.7069775,
            30.6241199
          ],
          [
            76.7064871,
            30.6238948
          ],
          [
            76.7058524,
            30.6237249
          ]
        ]
      },
      "properties": {
        "objectid": 998314,
        "rilcode": " ",
        "rivname": "Tangori Choe",
        "ordsh": 4,
        "m8": null,
        "m4": null,
        "m2": null,
        "m1": null,
        "k500": null,
        "k250": "Tangori Choe",
        "length": null,
        "bacode": "01",
        "ba_name": null,
        "sub_basin": null,
        "st_length(shape)": 692.0154329722104
      }
    },
    {
      "type": "Feature",
      "geometry": {
        "type": "LineString",
        "coordinates": [
          [
            76.7058524,
            30.6237249
          ],
          [
            76.7052309,
            30.6235585
          ],
          [
            76.7048446,
            30.6236968
          ],
          [
            76.7030973,
            30.6236813
          ],
          [
            76.7015441,
            30.6236637
          ],
          [
            76.7012793,
            30.6241701
          ],
          [
            76.7016379,
            30.6248379
          ],
          [
            76.7017748,
            30.6256514
          ],
          [
            76.7018071,
            30.6258435
          ],
          [
            76.701424,
            30.6262167
          ],
          [
            76.7006157,
            30.6267287
          ],
          [
            76.6992474,
            30.6267862
          ]
        ]
      },
      "properties": {
        "objectid": 998330,
        "rilcode": " ",
        "rivname": "Tangori Choe",
        "ordsh": 4,
        "m8": null,
        "m4": null,
        "m2": null,
        "m1": null,
        "k500": null,
        "k250": "Tangori Choe",
        "length": null,
        "bacode": "01",
        "ba_name": null,
        "sub_basin": null,
        "st_length(shape)": 945.3093605916507
      }
    },
    {
      "type": "Feature",
      "geometry": {
        "type": "LineString",
        "coordinates": [
          [
            76.6992474,
            30.6267862
          ],
          [
            76.6986095,
            30.626813
          ],
          [
            76.6978686,
            30.6263669
          ],
          [
            76.6971839,
            30.6256225
          ],
          [
            76.6974774,
            30.6243771
          ],
          [
            76.6982806,
            30.6234959
          ],
          [
            76.698862,
            30.6229116
          ],
          [
            76.6985488,
            30.6224833
          ],
          [
            76.6976267,
            30.6211188
          ],
          [
            76.6964517,
            30.6208215
          ]
        ]
      },
      "properties": {
        "objectid": 998332,
        "rilcode": " ",
        "rivname": "Tangori Choe",
        "ordsh": 4,
        "m8": null,
        "m4": null,
        "m2": null,
        "m1": null,
        "k500": null,
        "k250": "Tangori Choe",
        "length": null,
        "bacode": "01",
        "ba_name": null,
        "sub_basin": null,
        "st_length(shape)": 940.59239543238
      }
    },
    {
      "type": "Feature",
      "geometry": {
        "type": "LineString",
        "coordinates": [
          [
            76.7161339,
            30.6268363
          ],
          [
            76.7161453,
            30.626702
          ],
          [
            76.7158296,
            30.626336
          ],
          [
            76.7150144,
            30.6263445
          ],
          [
            76.7142034,
            30.6266551
          ],
          [
            76.714004,
            30.6268318
          ],
          [
            76.7135131,
            30.6272666
          ],
          [
            76.71211,
            30.6268783
          ],
          [
            76.7111569,
            30.6253438
          ],
          [
            76.7108473,
            30.6240028
          ],
          [
            76.7110148,
            30.6234986
          ]
        ]
      },
      "properties": {
        "objectid": 998335,
        "rilcode": " ",
        "rivname": "Tangori Choe",
        "ordsh": 4,
        "m8": null,
        "m4": null,
        "m2": null,
        "m1": null,
        "k500": null,
        "k250": "Tangori Choe",
        "length": null,
        "bacode": "01",
        "ba_name": null,
        "sub_basin": null,
        "st_length(shape)": 856.5249054782935
      }
    },
    {
      "type": "Feature",
      "geometry": {
        "type": "LineString",
        "coordinates": [
          [
            76.7194536,
            30.6345962
          ],
          [
            76.719551,
            30.6342546
          ],
          [
            76.7192741,
            30.6338881
          ],
          [
            76.7178708,
            30.633931
          ],
          [
            76.7170584,
            30.6337098
          ],
          [
            76.7161225,
            30.6334174
          ],
          [
            76.7157684,
            30.6330853
          ],
          [
            76.7156818,
            30.6324483
          ],
          [
            76.7160593,
            30.6316721
          ],
          [
            76.7160556,
            30.6314036
          ],
          [
            76.7160268,
            30.6308429
          ],
          [
            76.7159915,
            30.6295911
          ],
          [
            76.7158207,
            30.6284849
          ],
          [
            76.716082,
            30.6274456
          ],
          [
            76.7161339,
            30.6268363
          ]
        ]
      },
      "properties": {
        "objectid": 998452,
        "rilcode": " ",
        "rivname": "Tangori Choe",
        "ordsh": 4,
        "m8": null,
        "m4": null,
        "m2": null,
        "m1": null,
        "k500": null,
        "k250": "Tangori Choe",
        "length": null,
        "bacode": "01",
        "ba_name": null,
        "sub_basin": null,
        "st_length(shape)": 1139.1867754162206
      }
    },
    {
      "type": "Feature",
      "geometry": {
        "type": "LineString",
        "coordinates": [
          [
            76.719613,
            30.6395041
          ],
          [
            76.7195866,
            30.6391434
          ],
          [
            76.7194562,
            30.6391209
          ],
          [
            76.719357,
            30.6390353
          ],
          [
            76.718835,
            30.6385933
          ],
          [
            76.7184323,
            30.6375567
          ],
          [
            76.7185726,
            30.6364808
          ],
          [
            76.7192919,
            30.6351638
          ],
          [
            76.7194184,
            30.6347197
          ],
          [
            76.7194536,
            30.6345962
          ]
        ]
      },
      "properties": {
        "objectid": 998516,
        "rilcode": " ",
        "rivname": "Tangori Choe",
        "ordsh": 4,
        "m8": null,
        "m4": null,
        "m2": null,
        "m1": null,
        "k500": null,
        "k250": "Tangori Choe",
        "length": null,
        "bacode": "01",
        "ba_name": null,
        "sub_basin": null,
        "st_length(shape)": 596.1349788593777
      }
    },
    {
      "type": "Feature",
      "geometry": {
        "type": "LineString",
        "coordinates": [
          [
            76.7211182,
            30.668906
          ],
          [
            76.721169,
            30.6686616
          ],
          [
            76.7224419,
            30.6680638
          ],
          [
            76.7229013,
            30.667455
          ],
          [
            76.7220671,
            30.666714
          ],
          [
            76.7212495,
            30.6667841
          ],
          [
            76.7207869,
            30.666789
          ],
          [
            76.7205657,
            30.6662375
          ],
          [
            76.7205223,
            30.6656842
          ],
          [
            76.7209111,
            30.6650482
          ],
          [
            76.7215392,
            30.6645968
          ],
          [
            76.7217156,
            30.6640466
          ],
          [
            76.7218461,
            30.6636399
          ],
          [
            76.7220488,
            30.6628687
          ],
          [
            76.7227298,
            30.6626849
          ],
          [
            76.7225726,
            30.6621556
          ],
          [
            76.7226009,
            30.6616323
          ],
          [
            76.7219843,
            30.6608081
          ],
          [
            76.7221112,
            30.6596992
          ],
          [
            76.7227464,
            30.6593234
          ],
          [
            76.7236724,
            30.6593752
          ],
          [
            76.7239832,
            30.6586952
          ],
          [
            76.7243312,
            30.6581377
          ],
          [
            76.7249932,
            30.6572201
          ],
          [
            76.7246941,
            30.6561035
          ],
          [
            76.724367,
            30.6556147
          ],
          [
            76.724725,
            30.6552733
          ],
          [
            76.7244636,
            30.6545506
          ],
          [
            76.7244209,
            30.6542613
          ],
          [
            76.7243638,
            30.6538742
          ],
          [
            76.7239402,
            30.6530964
          ],
          [
            76.7241103,
            30.6525409
          ],
          [
            76.7244403,
            30.6521378
          ],
          [
            76.7244523,
            30.6515528
          ],
          [
            76.724415,
            30.6514302
          ],
          [
            76.7241165,
            30.6514333
          ],
          [
            76.7238458,
            30.6514361
          ],
          [
            76.7236644,
            30.6511919
          ],
          [
            76.7233,
            30.6505805
          ],
          [
            76.7233187,
            30.6498755
          ],
          [
            76.7232799,
            30.6498115
          ],
          [
            76.7230761,
            30.6495139
          ],
          [
            76.7230238,
            30.6493877
          ],
          [
            76.7229088,
            30.6491803
          ],
          [
            76.7228409,
            30.6490405
          ],
          [
            76.7227259,
            30.6488422
          ],
          [
            76.7226789,
            30.6487249
          ],
          [
            76.7226161,
            30.6486123
          ],
          [
            76.7225378,
            30.6485266
          ],
          [
            76.7224594,
            30.6483688
          ],
          [
            76.7223758,
            30.6481795
          ],
          [
            76.7223078,
            30.6480127
          ],
          [
            76.7222294,
            30.6478639
          ],
          [
            76.7221509,
            30.6477106
          ],
          [
            76.7221507,
            30.6474986
          ],
          [
            76.7221245,
            30.6473138
          ],
          [
            76.7220826,
            30.6471649
          ],
          [
            76.7220721,
            30.6471063
          ],
          [
            76.7220354,
            30.6469756
          ],
          [
            76.7220145,
            30.6468447
          ],
          [
            76.72203,
            30.646705
          ],
          [
            76.7221289,
            30.6464659
          ],
          [
            76.7221651,
            30.6461816
          ],
          [
            76.7223005,
            30.6459922
          ],
          [
            76.7224569,
            30.6458612
          ],
          [
            76.7225141,
            30.6457304
          ],
          [
            76.722514,
            30.6456312
          ],
          [
            76.7224826,
            30.6454869
          ],
          [
            76.7223625,
            30.6453561
          ],
          [
            76.7222058,
            30.6452075
          ],
          [
            76.7220544,
            30.6450768
          ],
          [
            76.7218875,
            30.6449777
          ],
          [
            76.7216735,
            30.6449102
          ],
          [
            76.7214178,
            30.6448202
          ],
          [
            76.7210786,
            30.6447258
          ],
          [
            76.7208438,
            30.6445501
          ],
          [
            76.7207758,
            30.6443968
          ],
          [
            76.7207027,
            30.644266
          ],
          [
            76.7205356,
            30.6440993
          ],
          [
            76.7203529,
            30.6439461
          ],
          [
            76.7202171,
            30.6438243
          ],
          [
            76.7199093,
            30.6437119
          ],
          [
            76.7196953,
            30.6436398
          ],
          [
            76.7194657,
            30.6435814
          ],
          [
            76.7192414,
            30.6435049
          ],
          [
            76.7191213,
            30.6434373
          ],
          [
            76.7190169,
            30.6433697
          ],
          [
            76.7189543,
            30.6432976
          ],
          [
            76.7189177,
            30.6432119
          ],
          [
            76.7189333,
            30.6431218
          ],
          [
            76.7189698,
            30.6430676
          ],
          [
            76.7190479,
            30.6429773
          ],
          [
            76.7191364,
            30.642869
          ],
          [
            76.7192615,
            30.6426705
          ],
          [
            76.7193291,
            30.6426028
          ],
          [
            76.7194229,
            30.6424584
          ],
          [
            76.7195271,
            30.642296
          ],
          [
            76.719626,
            30.642102
          ],
          [
            76.7197093,
            30.6419035
          ],
          [
            76.7197977,
            30.6416824
          ],
          [
            76.7199173,
            30.6413802
          ],
          [
            76.7199433,
            30.6411411
          ],
          [
            76.7199431,
            30.6409607
          ],
          [
            76.7199532,
            30.6407262
          ],
          [
            76.7198695,
            30.6404421
          ],
          [
            76.7198433,
            30.6402617
          ],
          [
            76.7198066,
            30.6400678
          ],
          [
            76.7197334,
            30.6399055
          ],
          [
            76.7197019,
            30.6397612
          ],
          [
            76.7196601,
            30.639635
          ],
          [
            76.719613,
            30.6395041
          ]
        ]
      },
      "properties": {
        "objectid": 998788,
        "rilcode": " ",
        "rivname": "Tangori Choe",
        "ordsh": 2,
        "m8": null,
        "m4": null,
        "m2": null,
        "m1": null,
        "k500": null,
        "k250": "Tangori Choe",
        "length": null,
        "bacode": "01",
        "ba_name": null,
        "sub_basin": null,
        "st_length(shape)": 4108.021777481967
      }
    },
    {
      "type": "Feature",
      "geometry": {
        "type": "LineString",
        "coordinates": [
          [
            76.7435571,
            30.729796
          ],
          [
            76.7427856,
            30.7289101
          ],
          [
            76.7419484,
            30.7282634
          ],
          [
            76.7404972,
            30.7281
          ],
          [
            76.7380786,
            30.7278276
          ],
          [
            76.7359939,
            30.7267768
          ],
          [
            76.7345123,
            30.7244679
          ],
          [
            76.7336686,
            30.7233444
          ],
          [
            76.7325295,
            30.720853
          ],
          [
            76.732638,
            30.7187658
          ],
          [
            76.7333025,
            30.7169707
          ],
          [
            76.7346559,
            30.7151087
          ],
          [
            76.7359656,
            30.7150353
          ],
          [
            76.7370489,
            30.7135933
          ],
          [
            76.7376553,
            30.7125737
          ],
          [
            76.7390919,
            30.711724
          ],
          [
            76.7397537,
            30.7097501
          ],
          [
            76.7399369,
            30.7080793
          ],
          [
            76.7403338,
            30.706883
          ],
          [
            76.7403867,
            30.70575
          ],
          [
            76.7397551,
            30.7043374
          ],
          [
            76.7397174,
            30.7040953
          ],
          [
            76.7393921,
            30.703849
          ],
          [
            76.7395141,
            30.703242
          ],
          [
            76.7394063,
            30.7023414
          ],
          [
            76.7388575,
            30.7013012
          ],
          [
            76.7382428,
            30.7006309
          ],
          [
            76.7376108,
            30.7003437
          ],
          [
            76.7366132,
            30.7009818
          ],
          [
            76.736015,
            30.7013644
          ],
          [
            76.7358395,
            30.7014006
          ],
          [
            76.7347678,
            30.7016214
          ],
          [
            76.7344114,
            30.7015944
          ],
          [
            76.7342946,
            30.700888
          ],
          [
            76.7345377,
            30.7004548
          ],
          [
            76.7346714,
            30.6998381
          ],
          [
            76.7351308,
            30.699471
          ],
          [
            76.7365857,
            30.6984053
          ],
          [
            76.7375154,
            30.6970392
          ],
          [
            76.7377203,
            30.6964217
          ],
          [
            76.7377063,
            30.6954374
          ],
          [
            76.7370573,
            30.6948597
          ],
          [
            76.7363671,
            30.6938826
          ],
          [
            76.7365017,
            30.6935211
          ],
          [
            76.7364756,
            30.6934354
          ],
          [
            76.7364597,
            30.6932324
          ],
          [
            76.7364908,
            30.693043
          ],
          [
            76.736527,
            30.6928084
          ],
          [
            76.7365007,
            30.6925874
          ],
          [
            76.7364378,
            30.6923575
          ],
          [
            76.7363542,
            30.6922403
          ],
          [
            76.7362653,
            30.6920871
          ],
          [
            76.7361555,
            30.6918707
          ],
          [
            76.7360874,
            30.6917084
          ],
          [
            76.7359097,
            30.691483
          ],
          [
            76.735565,
            30.6912443
          ],
          [
            76.7355179,
            30.691109
          ],
          [
            76.7354864,
            30.6909602
          ],
          [
            76.7354778,
            30.690917
          ],
          [
            76.7351494,
            30.6908497
          ],
          [
            76.7348529,
            30.6900222
          ],
          [
            76.7349137,
            30.6892832
          ],
          [
            76.7344405,
            30.6885499
          ],
          [
            76.7339278,
            30.6879263
          ],
          [
            76.7331223,
            30.6871592
          ],
          [
            76.7327403,
            30.6866296
          ],
          [
            76.7328862,
            30.6861305
          ],
          [
            76.7328556,
            30.6857263
          ],
          [
            76.732756,
            30.685352
          ],
          [
            76.7327922,
            30.6851265
          ],
          [
            76.7329485,
            30.6848332
          ],
          [
            76.7330631,
            30.6846482
          ],
          [
            76.7332559,
            30.6844496
          ],
          [
            76.7334175,
            30.6843277
          ],
          [
            76.7336522,
            30.6841787
          ],
          [
            76.7337627,
            30.6841392
          ],
          [
            76.7339425,
            30.6835405
          ],
          [
            76.7342718,
            30.6829018
          ],
          [
            76.7341098,
            30.6827351
          ],
          [
            76.7339165,
            30.6825458
          ],
          [
            76.7337963,
            30.6823024
          ],
          [
            76.7337594,
            30.6820995
          ],
          [
            76.7336548,
            30.6818019
          ],
          [
            76.7335135,
            30.6814728
          ],
          [
            76.7332416,
            30.6809769
          ],
          [
            76.7331893,
            30.6808461
          ],
          [
            76.7331422,
            30.6807244
          ],
          [
            76.7330951,
            30.6806117
          ],
          [
            76.7330689,
            30.680517
          ],
          [
            76.7330114,
            30.6804494
          ],
          [
            76.7329957,
            30.6803908
          ],
          [
            76.7329173,
            30.6802872
          ],
          [
            76.7328754,
            30.6801744
          ],
          [
            76.7328388,
            30.6800842
          ],
          [
            76.7327761,
            30.6799896
          ],
          [
            76.7327185,
            30.6798769
          ],
          [
            76.7326507,
            30.6797958
          ],
          [
            76.7325828,
            30.6797281
          ],
          [
            76.7324052,
            30.6796517
          ],
          [
            76.7322486,
            30.6795841
          ],
          [
            76.7320346,
            30.6795347
          ],
          [
            76.7318833,
            30.6794852
          ],
          [
            76.731737,
            30.6794132
          ],
          [
            76.7315178,
            30.6793051
          ],
          [
            76.731429,
            30.6792465
          ],
          [
            76.7312254,
            30.6790978
          ],
          [
            76.7310425,
            30.6789176
          ],
          [
            76.7309067,
            30.6787328
          ],
          [
            76.7308712,
            30.678673
          ],
          [
            76.7305976,
            30.6785611
          ],
          [
            76.7294032,
            30.6771585
          ],
          [
            76.72857,
            30.6761213
          ],
          [
            76.7267377,
            30.67491
          ],
          [
            76.7256992,
            30.6744594
          ],
          [
            76.7245427,
            30.6732102
          ],
          [
            76.7239986,
            30.6724776
          ],
          [
            76.7227071,
            30.6717527
          ],
          [
            76.7222737,
            30.6711898
          ],
          [
            76.721517,
            30.6705603
          ],
          [
            76.7210118,
            30.67014
          ],
          [
            76.7210023,
            30.6694632
          ],
          [
            76.7211182,
            30.668906
          ]
        ]
      },
      "properties": {
        "objectid": 999452,
        "rilcode": " ",
        "rivname": "Tangori Choe",
        "ordsh": 1,
        "m8": null,
        "m4": null,
        "m2": null,
        "m1": null,
        "k500": null,
        "k250": "",
        "length": null,
        "bacode": "01",
        "ba_name": null,
        "sub_basin": null,
        "st_length(shape)": 8984.457816023816
      }
    }
  ]
}
