{
"type": "FeatureCollection",
"name": "tangori_choe_with_elev",
"crs": { "type": "name", "properties": { "name": "urn:ogc:def:crs:OGC:1.3:CRS84" } },
"features": [
{ "type": "Feature", "properties": { "lon": 76.6414754, "lat": 30.3428862, "elevation": 261.0, "slope_to_next": 2.0, "flow_direction_deg": 184.48059310681302 }, "geometry": { "type": "Point", "coordinates": [ 76.6414754, 30.3428862 ] } },
{ "type": "Feature", "properties": { "lon": 76.6412988, "lat": 30.3409412, "elevation": 263.0, "slope_to_next": -1.0, "flow_direction_deg": 194.61510559901711 }, "geometry": { "type": "Point", "coordinates": [ 76.6412988, 30.3409412 ] } },
{ "type": "Feature", "properties": { "lon": 76.6410111, "lat": 30.339989, "elevation": 262.0, "slope_to_next": 5.0, "flow_direction_deg": 227.79854979573784 }, "geometry": { "type": "Point", "coordinates": [ 76.6410111, 30.339989 ] } },
{ "type": "Feature", "properties": { "lon": 76.6401072, "lat": 30.3392816, "elevation": 267.0, "slope_to_next": -4.0, "flow_direction_deg": 228.8774304283489 }, "geometry": { "type": "Point", "coordinates": [ 76.6401072, 30.3392816 ] } },
{ "type": "Feature", "properties": { "lon": 76.6388561, "lat": 30.3383389, "elevation": 263.0, "slope_to_next": 0.0, "flow_direction_deg": 213.25447192039655 }, "geometry": { "type": "Point", "coordinates": [ 76.6388561, 30.3383389 ] } },
{ "type": "Feature", "properties": { "lon": 76.6350751, "lat": 30.3333622, "elevation": 263.0, "slope_to_next": -1.0, "flow_direction_deg": 211.70569161684634 }, "geometry": { "type": "Point", "coordinates": [ 76.6350751, 30.3333622 ] } },
{ "type": "Feature", "properties": { "lon": 76.6334631, "lat": 30.3311099, "elevation": 262.0, "slope_to_next": 2.0, "flow_direction_deg": 201.91779444156577 }, "geometry": { "type": "Point", "coordinates": [ 76.6334631, 30.3311099 ] } },
{ "type": "Feature", "properties": { "lon": 76.632826, "lat": 30.3297432, "elevation": 264.0, "slope_to_next": -3.0, "flow_direction_deg": 182.00233707491827 }, "geometry": { "type": "Point", "coordinates": [ 76.632826, 30.3297432 ] } },
{ "type": "Feature", "properties": { "lon": 76.6327245, "lat": 30.3272373, "elevation": 261.0, "slope_to_next": -3.0, "flow_direction_deg": 172.96073516034357 }, "geometry": { "type": "Point", "coordinates": [ 76.6327245, 30.3272373 ] } },
{ "type": "Feature", "properties": { "lon": 76.633229, "lat": 30.3237106, "elevation": 258.0, "slope_to_next": 2.0, "flow_direction_deg": 180.64636826103785 }, "geometry": { "type": "Point", "coordinates": [ 76.633229, 30.3237106 ] } },
{ "type": "Feature", "properties": { "lon": 76.6332134, "lat": 30.322517, "elevation": 260.0, "slope_to_next": -1.0, "flow_direction_deg": 218.38320611751959 }, "geometry": { "type": "Point", "coordinates": [ 76.6332134, 30.322517 ] } },
{ "type": "Feature", "properties": { "lon": 76.6322363, "lat": 30.3214522, "elevation": 259.0, "slope_to_next": 1.0, "flow_direction_deg": 227.05222677817761 }, "geometry": { "type": "Point", "coordinates": [ 76.6322363, 30.3214522 ] } },
{ "type": "Feature", "properties": { "lon": 76.6309152, "lat": 30.3203907, "elevation": 260.0, "slope_to_next": 0.0, "flow_direction_deg": 224.22968490291558 }, "geometry": { "type": "Point", "coordinates": [ 76.6309152, 30.3203907 ] } },
{ "type": "Feature", "properties": { "lon": 76.6293839, "lat": 30.3190328, "elevation": 260.0, "slope_to_next": 3.0, "flow_direction_deg": 213.69132892324532 }, "geometry": { "type": "Point", "coordinates": [ 76.6293839, 30.3190328 ] } },
{ "type": "Feature", "properties": { "lon": 76.6281943, "lat": 30.3174925, "elevation": 263.0, "slope_to_next": -4.0, "flow_direction_deg": 183.49096813077759 }, "geometry": { "type": "Point", "coordinates": [ 76.6281943, 30.3174925 ] } },
{ "type": "Feature", "properties": { "lon": 76.62811, "lat": 30.3162996, "elevation": 259.0, "slope_to_next": 3.0, "flow_direction_deg": 167.21081376950178 }, "geometry": { "type": "Point", "coordinates": [ 76.62811, 30.3162996 ] } },
{ "type": "Feature", "properties": { "lon": 76.6285034, "lat": 30.3148035, "elevation": 262.0, "slope_to_next": 0.0, "flow_direction_deg": 173.4338860406142 }, "geometry": { "type": "Point", "coordinates": [ 76.6285034, 30.3148035 ] } },
{ "type": "Feature", "properties": { "lon": 76.6294437, "lat": 30.3077509, "elevation": 262.0, "slope_to_next": -4.0, "flow_direction_deg": 197.91781999528615 }, "geometry": { "type": "Point", "coordinates": [ 76.6294437, 30.3077509 ] } },
{ "type": "Feature", "properties": { "lon": 76.628731, "lat": 30.3058479, "elevation": 258.0, "slope_to_next": 3.0, "flow_direction_deg": 240.2593798322365 }, "geometry": { "type": "Point", "coordinates": [ 76.628731, 30.3058479 ] } },
{ "type": "Feature", "properties": { "lon": 76.6279002, "lat": 30.3054381, "elevation": 261.0, "slope_to_next": null, "flow_direction_deg": null }, "geometry": { "type": "Point", "coordinates": [ 76.6279002, 30.3054381 ] } },
{ "type": "Feature", "properties": { "lon": 76.6267293, "lat": 30.3053302, "elevation": null, "slope_to_next": null, "flow_direction_deg": null }, "geometry": { "type": "Point", "coordinates": [ 76.6267293, 30.3053302 ] } },
{ "type": "Feature", "properties": { "lon": 76.6790587, "lat": 30.5430908, "elevation": 281.0, "slope_to_next": -3.0, "flow_direction_deg": 293.21308210608873 }, "geometry": { "type": "Point", "coordinates": [ 76.6790587, 30.5430908 ] } },
{ "type": "Feature", "properties": { "lon": 76.6784425, "lat": 30.5433184, "elevation": 278.0, "slope_to_next": 1.0, "flow_direction_deg": 286.69595914653513 }, "geometry": { "type": "Point", "coordinates": [ 76.6784425, 30.5433184 ] } },
{ "type": "Feature", "properties": { "lon": 76.6773601, "lat": 30.543598, "elevation": 279.0, "slope_to_next": 0.0, "flow_direction_deg": 323.62342285078631 }, "geometry": { "type": "Point", "coordinates": [ 76.6773601, 30.543598 ] } },
{ "type": "Feature", "properties": { "lon": 76.67652, "lat": 30.5445802, "elevation": 279.0, "slope_to_next": -3.0, "flow_direction_deg": 317.9319066840427 }, "geometry": { "type": "Point", "coordinates": [ 76.67652, 30.5445802 ] } },
{ "type": "Feature", "properties": { "lon": 76.6760221, "lat": 30.5450553, "elevation": 276.0, "slope_to_next": 1.0, "flow_direction_deg": 299.85039348503983 }, "geometry": { "type": "Point", "coordinates": [ 76.6760221, 30.5450553 ] } },
{ "type": "Feature", "properties": { "lon": 76.6753285, "lat": 30.5453981, "elevation": 277.0, "slope_to_next": -1.0, "flow_direction_deg": 259.31160336756005 }, "geometry": { "type": "Point", "coordinates": [ 76.6753285, 30.5453981 ] } },
{ "type": "Feature", "properties": { "lon": 76.6749397, "lat": 30.5453349, "elevation": 276.0, "slope_to_next": 3.0, "flow_direction_deg": 197.44412148325304 }, "geometry": { "type": "Point", "coordinates": [ 76.6749397, 30.5453349 ] } },
{ "type": "Feature", "properties": { "lon": 76.6745369, "lat": 30.5442309, "elevation": 279.0, "slope_to_next": -2.0, "flow_direction_deg": 196.94104681757108 }, "geometry": { "type": "Point", "coordinates": [ 76.6745369, 30.5442309 ] } },
{ "type": "Feature", "properties": { "lon": 76.6742275, "lat": 30.5433561, "elevation": 277.0, "slope_to_next": 1.0, "flow_direction_deg": 181.60667604977553 }, "geometry": { "type": "Point", "coordinates": [ 76.6742275, 30.5433561 ] } },
{ "type": "Feature", "properties": { "lon": 76.6742058, "lat": 30.5426898, "elevation": 278.0, "slope_to_next": 0.0, "flow_direction_deg": 250.35013479280929 }, "geometry": { "type": "Point", "coordinates": [ 76.6742058, 30.5426898 ] } },
{ "type": "Feature", "properties": { "lon": 76.6734657, "lat": 30.5424622, "elevation": 278.0, "slope_to_next": 2.0, "flow_direction_deg": 255.34454404170955 }, "geometry": { "type": "Point", "coordinates": [ 76.6734657, 30.5424622 ] } },
{ "type": "Feature", "properties": { "lon": 76.6726097, "lat": 30.5422694, "elevation": 280.0, "slope_to_next": 2.0, "flow_direction_deg": 264.3149999174189 }, "geometry": { "type": "Point", "coordinates": [ 76.6726097, 30.5422694 ] } },
{ "type": "Feature", "properties": { "lon": 76.6722528, "lat": 30.5422388, "elevation": 282.0, "slope_to_next": -6.0, "flow_direction_deg": 264.29649827138417 }, "geometry": { "type": "Point", "coordinates": [ 76.6722528, 30.5422388 ] } },
{ "type": "Feature", "properties": { "lon": 76.6705126, "lat": 30.5420891, "elevation": 276.0, "slope_to_next": 1.0, "flow_direction_deg": 276.64689475577597 }, "geometry": { "type": "Point", "coordinates": [ 76.6705126, 30.5420891 ] } },
{ "type": "Feature", "properties": { "lon": 76.6695999, "lat": 30.5421807, "elevation": 277.0, "slope_to_next": 1.0, "flow_direction_deg": 289.39801691603873 }, "geometry": { "type": "Point", "coordinates": [ 76.6695999, 30.5421807 ] } },
{ "type": "Feature", "properties": { "lon": 76.6689648, "lat": 30.5423733, "elevation": 278.0, "slope_to_next": 1.0, "flow_direction_deg": 257.61768818957268 }, "geometry": { "type": "Point", "coordinates": [ 76.6689648, 30.5423733 ] } },
{ "type": "Feature", "properties": { "lon": 76.6684592, "lat": 30.5422777, "elevation": 279.0, "slope_to_next": -2.0, "flow_direction_deg": 222.03077941746662 }, "geometry": { "type": "Point", "coordinates": [ 76.6684592, 30.5422777 ] } },
{ "type": "Feature", "properties": { "lon": 76.6645299, "lat": 30.5385231, "elevation": 277.0, "slope_to_next": 3.0, "flow_direction_deg": 240.09974564129294 }, "geometry": { "type": "Point", "coordinates": [ 76.6645299, 30.5385231 ] } },
{ "type": "Feature", "properties": { "lon": 76.6637049, "lat": 30.5381145, "elevation": 280.0, "slope_to_next": -3.0, "flow_direction_deg": 298.56683215011844 }, "geometry": { "type": "Point", "coordinates": [ 76.6637049, 30.5381145 ] } },
{ "type": "Feature", "properties": { "lon": 76.6630159, "lat": 30.5384376, "elevation": 277.0, "slope_to_next": 0.0, "flow_direction_deg": 231.11981907181016 }, "geometry": { "type": "Point", "coordinates": [ 76.6630159, 30.5384376 ] } },
{ "type": "Feature", "properties": { "lon": 76.6619197, "lat": 30.5376763, "elevation": 277.0, "slope_to_next": 2.0, "flow_direction_deg": 230.29056979191361 }, "geometry": { "type": "Point", "coordinates": [ 76.6619197, 30.5376763 ] } },
{ "type": "Feature", "properties": { "lon": 76.6609014, "lat": 30.5369479, "elevation": 279.0, "slope_to_next": 0.0, "flow_direction_deg": 230.85436159840739 }, "geometry": { "type": "Point", "coordinates": [ 76.6609014, 30.5369479 ] } },
{ "type": "Feature", "properties": { "lon": 76.6592961, "lat": 30.5358224, "elevation": 279.0, "slope_to_next": -1.0, "flow_direction_deg": 228.53145787869187 }, "geometry": { "type": "Point", "coordinates": [ 76.6592961, 30.5358224 ] } },
{ "type": "Feature", "properties": { "lon": 76.6577287, "lat": 30.5346293, "elevation": 278.0, "slope_to_next": -2.0, "flow_direction_deg": 243.29221310476333 }, "geometry": { "type": "Point", "coordinates": [ 76.6577287, 30.5346293 ] } },
{ "type": "Feature", "properties": { "lon": 76.6564413, "lat": 30.5340714, "elevation": 276.0, "slope_to_next": 0.0, "flow_direction_deg": 277.27706133618472 }, "geometry": { "type": "Point", "coordinates": [ 76.6564413, 30.5340714 ] } },
{ "type": "Feature", "properties": { "lon": 76.6544273, "lat": 30.5342929, "elevation": 276.0, "slope_to_next": 4.0, "flow_direction_deg": 268.75356598239193 }, "geometry": { "type": "Point", "coordinates": [ 76.6544273, 30.5342929 ] } },
{ "type": "Feature", "properties": { "lon": 76.6522565, "lat": 30.5342522, "elevation": 280.0, "slope_to_next": -3.0, "flow_direction_deg": 291.87614869951727 }, "geometry": { "type": "Point", "coordinates": [ 76.6522565, 30.5342522 ] } },
{ "type": "Feature", "properties": { "lon": 76.6506716, "lat": 30.5348003, "elevation": 277.0, "slope_to_next": 3.0, "flow_direction_deg": 278.29125450990205 }, "geometry": { "type": "Point", "coordinates": [ 76.6506716, 30.5348003 ] } },
{ "type": "Feature", "properties": { "lon": 76.6500908, "lat": 30.5348732, "elevation": 280.0, "slope_to_next": -1.0, "flow_direction_deg": 292.91469533880883 }, "geometry": { "type": "Point", "coordinates": [ 76.6500908, 30.5348732 ] } },
{ "type": "Feature", "properties": { "lon": 76.6494536, "lat": 30.5351052, "elevation": 279.0, "slope_to_next": -1.0, "flow_direction_deg": 294.18033596582677 }, "geometry": { "type": "Point", "coordinates": [ 76.6494536, 30.5351052 ] } },
{ "type": "Feature", "properties": { "lon": 76.6488943, "lat": 30.5353215, "elevation": 278.0, "slope_to_next": -2.0, "flow_direction_deg": 320.11277466765318 }, "geometry": { "type": "Point", "coordinates": [ 76.6488943, 30.5353215 ] } },
{ "type": "Feature", "properties": { "lon": 76.6484169, "lat": 30.5358135, "elevation": 276.0, "slope_to_next": 0.0, "flow_direction_deg": 332.71423149984474 }, "geometry": { "type": "Point", "coordinates": [ 76.6484169, 30.5358135 ] } },
{ "type": "Feature", "properties": { "lon": 76.6482452, "lat": 30.5361002, "elevation": 276.0, "slope_to_next": -1.0, "flow_direction_deg": 286.99435444560032 }, "geometry": { "type": "Point", "coordinates": [ 76.6482452, 30.5361002 ] } },
{ "type": "Feature", "properties": { "lon": 76.6473175, "lat": 30.5363444, "elevation": 275.0, "slope_to_next": 0.0, "flow_direction_deg": 267.63766779326045 }, "geometry": { "type": "Point", "coordinates": [ 76.6473175, 30.5363444 ] } },
{ "type": "Feature", "properties": { "lon": 76.6465802, "lat": 30.5363182, "elevation": 275.0, "slope_to_next": 1.0, "flow_direction_deg": 262.48506414642134 }, "geometry": { "type": "Point", "coordinates": [ 76.6465802, 30.5363182 ] } },
{ "type": "Feature", "properties": { "lon": 76.6460363, "lat": 30.5362564, "elevation": 276.0, "slope_to_next": 1.0, "flow_direction_deg": 217.37825536573757 }, "geometry": { "type": "Point", "coordinates": [ 76.6460363, 30.5362564 ] } },
{ "type": "Feature", "properties": { "lon": 76.6458001, "lat": 30.5359901, "elevation": 277.0, "slope_to_next": 0.0, "flow_direction_deg": 199.29236218947005 }, "geometry": { "type": "Point", "coordinates": [ 76.6458001, 30.5359901 ] } },
{ "type": "Feature", "properties": { "lon": 76.6455667, "lat": 30.5354158, "elevation": 277.0, "slope_to_next": 0.0, "flow_direction_deg": 189.77401943471182 }, "geometry": { "type": "Point", "coordinates": [ 76.6455667, 30.5354158 ] } },
{ "type": "Feature", "properties": { "lon": 76.6455664, "lat": 30.5354143, "elevation": 277.0, "slope_to_next": 0.0, "flow_direction_deg": 247.68371148183709 }, "geometry": { "type": "Point", "coordinates": [ 76.6455664, 30.5354143 ] } },
{ "type": "Feature", "properties": { "lon": 76.6450946, "lat": 30.5352475, "elevation": 277.0, "slope_to_next": 1.0, "flow_direction_deg": 213.59133132603873 }, "geometry": { "type": "Point", "coordinates": [ 76.6450946, 30.5352475 ] } },
{ "type": "Feature", "properties": { "lon": 76.6449659, "lat": 30.5350806, "elevation": 278.0, "slope_to_next": 2.0, "flow_direction_deg": 187.32301111119421 }, "geometry": { "type": "Point", "coordinates": [ 76.6449659, 30.5350806 ] } },
{ "type": "Feature", "properties": { "lon": 76.6446685, "lat": 30.5330873, "elevation": 280.0, "slope_to_next": -2.0, "flow_direction_deg": 187.10242354481676 }, "geometry": { "type": "Point", "coordinates": [ 76.6446685, 30.5330873 ] } },
{ "type": "Feature", "properties": { "lon": 76.6444284, "lat": 30.5314275, "elevation": 278.0, "slope_to_next": -1.0, "flow_direction_deg": 187.49194259468578 }, "geometry": { "type": "Point", "coordinates": [ 76.6444284, 30.5314275 ] } },
{ "type": "Feature", "properties": { "lon": 76.6441936, "lat": 30.5298896, "elevation": 277.0, "slope_to_next": 1.0, "flow_direction_deg": 187.32348303408051 }, "geometry": { "type": "Point", "coordinates": [ 76.6441936, 30.5298896 ] } },
{ "type": "Feature", "properties": { "lon": 76.643985, "lat": 30.5284915, "elevation": 278.0, "slope_to_next": -2.0, "flow_direction_deg": 187.7207725658493 }, "geometry": { "type": "Point", "coordinates": [ 76.643985, 30.5284915 ] } },
{ "type": "Feature", "properties": { "lon": 76.6437763, "lat": 30.5271655, "elevation": 276.0, "slope_to_next": -2.0, "flow_direction_deg": 185.94230332293554 }, "geometry": { "type": "Point", "coordinates": [ 76.6437763, 30.5271655 ] } },
{ "type": "Feature", "properties": { "lon": 76.6436041, "lat": 30.5257404, "elevation": 274.0, "slope_to_next": 2.0, "flow_direction_deg": 189.75915002940681 }, "geometry": { "type": "Point", "coordinates": [ 76.6436041, 30.5257404 ] } },
{ "type": "Feature", "properties": { "lon": 76.6432808, "lat": 30.5241212, "elevation": 276.0, "slope_to_next": 4.0, "flow_direction_deg": 185.98852383028637 }, "geometry": { "type": "Point", "coordinates": [ 76.6432808, 30.5241212 ] } },
{ "type": "Feature", "properties": { "lon": 76.6430721, "lat": 30.5224074, "elevation": 280.0, "slope_to_next": -6.0, "flow_direction_deg": 187.61259602000143 }, "geometry": { "type": "Point", "coordinates": [ 76.6430721, 30.5224074 ] } },
{ "type": "Feature", "properties": { "lon": 76.6428321, "lat": 30.5208605, "elevation": 274.0, "slope_to_next": 2.0, "flow_direction_deg": 187.85446831927237 }, "geometry": { "type": "Point", "coordinates": [ 76.6428321, 30.5208605 ] } },
{ "type": "Feature", "properties": { "lon": 76.6425035, "lat": 30.5188085, "elevation": 276.0, "slope_to_next": -1.0, "flow_direction_deg": 187.81094380107481 }, "geometry": { "type": "Point", "coordinates": [ 76.6425035, 30.5188085 ] } },
{ "type": "Feature", "properties": { "lon": 76.6422428, "lat": 30.5171713, "elevation": 275.0, "slope_to_next": 1.0, "flow_direction_deg": 186.49679287195218 }, "geometry": { "type": "Point", "coordinates": [ 76.6422428, 30.5171713 ] } },
{ "type": "Feature", "properties": { "lon": 76.642055, "lat": 30.5157506, "elevation": 276.0, "slope_to_next": -2.0, "flow_direction_deg": 184.61371806992537 }, "geometry": { "type": "Point", "coordinates": [ 76.642055, 30.5157506 ] } },
{ "type": "Feature", "properties": { "lon": 76.6418932, "lat": 30.5140233, "elevation": 274.0, "slope_to_next": -2.0, "flow_direction_deg": 186.76067256110395 }, "geometry": { "type": "Point", "coordinates": [ 76.6418932, 30.5140233 ] } },
{ "type": "Feature", "properties": { "lon": 76.641815, "lat": 30.513455, "elevation": 272.0, "slope_to_next": 0.0, "flow_direction_deg": 169.89162903664658 }, "geometry": { "type": "Point", "coordinates": [ 76.641815, 30.513455 ] } },
{ "type": "Feature", "properties": { "lon": 76.6418878, "lat": 30.5131032, "elevation": 272.0, "slope_to_next": 0.0, "flow_direction_deg": 160.25694402830072 }, "geometry": { "type": "Point", "coordinates": [ 76.6418878, 30.5131032 ] } },
{ "type": "Feature", "properties": { "lon": 76.6420701, "lat": 30.5126656, "elevation": 272.0, "slope_to_next": 2.0, "flow_direction_deg": 155.14590750428306 }, "geometry": { "type": "Point", "coordinates": [ 76.6420701, 30.5126656 ] } },
{ "type": "Feature", "properties": { "lon": 76.6422471, "lat": 30.5123364, "elevation": 274.0, "slope_to_next": -1.0, "flow_direction_deg": 158.85928708464439 }, "geometry": { "type": "Point", "coordinates": [ 76.6422471, 30.5123364 ] } },
{ "type": "Feature", "properties": { "lon": 76.6426844, "lat": 30.5113621, "elevation": 273.0, "slope_to_next": -1.0, "flow_direction_deg": 157.4691036544076 }, "geometry": { "type": "Point", "coordinates": [ 76.6426844, 30.5113621 ] } },
{ "type": "Feature", "properties": { "lon": 76.6428668, "lat": 30.5109833, "elevation": 272.0, "slope_to_next": 1.0, "flow_direction_deg": 154.02034950961206 }, "geometry": { "type": "Point", "coordinates": [ 76.6428668, 30.5109833 ] } },
{ "type": "Feature", "properties": { "lon": 76.6429918, "lat": 30.5107623, "elevation": 273.0, "slope_to_next": 1.0, "flow_direction_deg": 154.80283434734486 }, "geometry": { "type": "Point", "coordinates": [ 76.6429918, 30.5107623 ] } },
{ "type": "Feature", "properties": { "lon": 76.6432677, "lat": 30.5102571, "elevation": 274.0, "slope_to_next": -1.0, "flow_direction_deg": 156.39495427315637 }, "geometry": { "type": "Point", "coordinates": [ 76.6432677, 30.5102571 ] } },
{ "type": "Feature", "properties": { "lon": 76.6435697, "lat": 30.5096617, "elevation": 273.0, "slope_to_next": -1.0, "flow_direction_deg": 155.90485655289649 }, "geometry": { "type": "Point", "coordinates": [ 76.6435697, 30.5096617 ] } },
{ "type": "Feature", "properties": { "lon": 76.6439654, "lat": 30.5088994, "elevation": 272.0, "slope_to_next": 1.0, "flow_direction_deg": 159.55485724747155 }, "geometry": { "type": "Point", "coordinates": [ 76.6439654, 30.5088994 ] } },
{ "type": "Feature", "properties": { "lon": 76.6440747, "lat": 30.5086468, "elevation": 273.0, "slope_to_next": 2.0, "flow_direction_deg": 160.76986266808592 }, "geometry": { "type": "Point", "coordinates": [ 76.6440747, 30.5086468 ] } },
{ "type": "Feature", "properties": { "lon": 76.6441477, "lat": 30.5084665, "elevation": 275.0, "slope_to_next": -1.0, "flow_direction_deg": 188.65724656996605 }, "geometry": { "type": "Point", "coordinates": [ 76.6441477, 30.5084665 ] } },
{ "type": "Feature", "properties": { "lon": 76.6440903, "lat": 30.5081417, "elevation": 274.0, "slope_to_next": 0.0, "flow_direction_deg": 185.09928292121464 }, "geometry": { "type": "Point", "coordinates": [ 76.6440903, 30.5081417 ] } },
{ "type": "Feature", "properties": { "lon": 76.644059, "lat": 30.5078395, "elevation": 274.0, "slope_to_next": 1.0, "flow_direction_deg": 210.38363356911864 }, "geometry": { "type": "Point", "coordinates": [ 76.644059, 30.5078395 ] } },
{ "type": "Feature", "properties": { "lon": 76.6438871, "lat": 30.5075869, "elevation": 275.0, "slope_to_next": 3.0, "flow_direction_deg": 212.58064318263999 }, "geometry": { "type": "Point", "coordinates": [ 76.6438871, 30.5075869 ] } },
{ "type": "Feature", "properties": { "lon": 76.6437099, "lat": 30.507348, "elevation": 278.0, "slope_to_next": -2.0, "flow_direction_deg": 228.13762692981217 }, "geometry": { "type": "Point", "coordinates": [ 76.6437099, 30.507348 ] } },
{ "type": "Feature", "properties": { "lon": 76.6423606, "lat": 30.5063063, "elevation": 276.0, "slope_to_next": 1.0, "flow_direction_deg": 225.18012867546213 }, "geometry": { "type": "Point", "coordinates": [ 76.6423606, 30.5063063 ] } },
{ "type": "Feature", "properties": { "lon": 76.6414073, "lat": 30.5054901, "elevation": 277.0, "slope_to_next": -3.0, "flow_direction_deg": 225.90924398698559 }, "geometry": { "type": "Point", "coordinates": [ 76.6414073, 30.5054901 ] } },
{ "type": "Feature", "properties": { "lon": 76.639808, "lat": 30.5041552, "elevation": 274.0, "slope_to_next": -5.0, "flow_direction_deg": 227.66643846410292 }, "geometry": { "type": "Point", "coordinates": [ 76.639808, 30.5041552 ] } },
{ "type": "Feature", "properties": { "lon": 76.6353061, "lat": 30.5006214, "elevation": 269.0, "slope_to_next": 4.0, "flow_direction_deg": 227.66522858443136 }, "geometry": { "type": "Point", "coordinates": [ 76.6353061, 30.5006214 ] } },
{ "type": "Feature", "properties": { "lon": 76.6345657, "lat": 30.5000402, "elevation": 273.0, "slope_to_next": -4.0, "flow_direction_deg": 224.56313075374422 }, "geometry": { "type": "Point", "coordinates": [ 76.6345657, 30.5000402 ] } },
{ "type": "Feature", "properties": { "lon": 76.6308147, "lat": 30.4967584, "elevation": 269.0, "slope_to_next": 3.0, "flow_direction_deg": 226.78889541247867 }, "geometry": { "type": "Point", "coordinates": [ 76.6308147, 30.4967584 ] } },
{ "type": "Feature", "properties": { "lon": 76.6264848, "lat": 30.4932533, "elevation": 272.0, "slope_to_next": -2.0, "flow_direction_deg": 222.86355390418447 }, "geometry": { "type": "Point", "coordinates": [ 76.6264848, 30.4932533 ] } },
{ "type": "Feature", "properties": { "lon": 76.6253102, "lat": 30.4921627, "elevation": 270.0, "slope_to_next": 1.0, "flow_direction_deg": 231.07795556337453 }, "geometry": { "type": "Point", "coordinates": [ 76.6253102, 30.4921627 ] } },
{ "type": "Feature", "properties": { "lon": 76.6239664, "lat": 30.4912276, "elevation": 271.0, "slope_to_next": 2.0, "flow_direction_deg": 229.95120842836388 }, "geometry": { "type": "Point", "coordinates": [ 76.6239664, 30.4912276 ] } },
{ "type": "Feature", "properties": { "lon": 76.6228644, "lat": 30.4904294, "elevation": 273.0, "slope_to_next": -5.0, "flow_direction_deg": 230.01679519127191 }, "geometry": { "type": "Point", "coordinates": [ 76.6228644, 30.4904294 ] } },
{ "type": "Feature", "properties": { "lon": 76.622042, "lat": 30.4898351, "elevation": 268.0, "slope_to_next": 2.0, "flow_direction_deg": 225.98259081605462 }, "geometry": { "type": "Point", "coordinates": [ 76.622042, 30.4898351 ] } },
{ "type": "Feature", "properties": { "lon": 76.6200243, "lat": 30.488155, "elevation": 270.0, "slope_to_next": 1.0, "flow_direction_deg": 226.50534719865223 }, "geometry": { "type": "Point", "coordinates": [ 76.6200243, 30.488155 ] } },
{ "type": "Feature", "properties": { "lon": 76.6185406, "lat": 30.4869419, "elevation": 271.0, "slope_to_next": 4.0, "flow_direction_deg": 225.99991133198927 }, "geometry": { "type": "Point", "coordinates": [ 76.6185406, 30.4869419 ] } },
{ "type": "Feature", "properties": { "lon": 76.6171199, "lat": 30.4857596, "elevation": 275.0, "slope_to_next": -4.0, "flow_direction_deg": 224.08399276083557 }, "geometry": { "type": "Point", "coordinates": [ 76.6171199, 30.4857596 ] } },
{ "type": "Feature", "properties": { "lon": 76.6164749, "lat": 30.4851857, "elevation": 271.0, "slope_to_next": 1.0, "flow_direction_deg": 226.03934400234274 }, "geometry": { "type": "Point", "coordinates": [ 76.6164749, 30.4851857 ] } },
{ "type": "Feature", "properties": { "lon": 76.6147902, "lat": 30.4837856, "elevation": 272.0, "slope_to_next": 4.0, "flow_direction_deg": 221.22210806722592 }, "geometry": { "type": "Point", "coordinates": [ 76.6147902, 30.4837856 ] } },
{ "type": "Feature", "properties": { "lon": 76.6121271, "lat": 30.481166, "elevation": 276.0, "slope_to_next": 2.0, "flow_direction_deg": 213.26460386987327 }, "geometry": { "type": "Point", "coordinates": [ 76.6121271, 30.481166 ] } },
{ "type": "Feature", "properties": { "lon": 76.6100909, "lat": 30.4784909, "elevation": 278.0, "slope_to_next": -5.0, "flow_direction_deg": 217.36881111640139 }, "geometry": { "type": "Point", "coordinates": [ 76.6100909, 30.4784909 ] } },
{ "type": "Feature", "properties": { "lon": 76.6097508, "lat": 30.4781071, "elevation": 273.0, "slope_to_next": -3.0, "flow_direction_deg": 217.36634957144304 }, "geometry": { "type": "Point", "coordinates": [ 76.6097508, 30.4781071 ] } },
{ "type": "Feature", "properties": { "lon": 76.6093651, "lat": 30.4776718, "elevation": 270.0, "slope_to_next": 5.0, "flow_direction_deg": 131.95908731271936 }, "geometry": { "type": "Point", "coordinates": [ 76.6093651, 30.4776718 ] } },
{ "type": "Feature", "properties": { "lon": 76.6098373, "lat": 30.4773059, "elevation": 275.0, "slope_to_next": 7.0, "flow_direction_deg": 119.5693047613708 }, "geometry": { "type": "Point", "coordinates": [ 76.6098373, 30.4773059 ] } },
{ "type": "Feature", "properties": { "lon": 76.611022, "lat": 30.4767266, "elevation": 282.0, "slope_to_next": -6.0, "flow_direction_deg": 120.83328847023944 }, "geometry": { "type": "Point", "coordinates": [ 76.611022, 30.4767266 ] } },
{ "type": "Feature", "properties": { "lon": 76.6121471, "lat": 30.4761478, "elevation": 276.0, "slope_to_next": -2.0, "flow_direction_deg": 135.77738226354165 }, "geometry": { "type": "Point", "coordinates": [ 76.6121471, 30.4761478 ] } },
{ "type": "Feature", "properties": { "lon": 76.6125971, "lat": 30.4757493, "elevation": 274.0, "slope_to_next": -3.0, "flow_direction_deg": 135.78263838972134 }, "geometry": { "type": "Point", "coordinates": [ 76.6125971, 30.4757493 ] } },
{ "type": "Feature", "properties": { "lon": 76.6132079, "lat": 30.4752083, "elevation": 271.0, "slope_to_next": -1.0, "flow_direction_deg": 190.05591507678903 }, "geometry": { "type": "Point", "coordinates": [ 76.6132079, 30.4752083 ] } },
{ "type": "Feature", "properties": { "lon": 76.6131443, "lat": 30.4748992, "elevation": 270.0, "slope_to_next": 0.0, "flow_direction_deg": 188.71876061620617 }, "geometry": { "type": "Point", "coordinates": [ 76.6131443, 30.4748992 ] } },
{ "type": "Feature", "properties": { "lon": 76.6130801, "lat": 30.4745384, "elevation": 270.0, "slope_to_next": 0.0, "flow_direction_deg": 225.495861947647 }, "geometry": { "type": "Point", "coordinates": [ 76.6130801, 30.4745384 ] } },
{ "type": "Feature", "properties": { "lon": 76.6127185, "lat": 30.4742321, "elevation": 270.0, "slope_to_next": 3.0, "flow_direction_deg": 282.16590398792073 }, "geometry": { "type": "Point", "coordinates": [ 76.6127185, 30.4742321 ] } },
{ "type": "Feature", "properties": { "lon": 76.6120565, "lat": 30.4743551, "elevation": 273.0, "slope_to_next": -3.0, "flow_direction_deg": 208.2452351679101 }, "geometry": { "type": "Point", "coordinates": [ 76.6120565, 30.4743551 ] } },
{ "type": "Feature", "properties": { "lon": 76.6117603, "lat": 30.4738799, "elevation": 270.0, "slope_to_next": -1.0, "flow_direction_deg": 173.54283880301205 }, "geometry": { "type": "Point", "coordinates": [ 76.6117603, 30.4738799 ] } },
{ "type": "Feature", "properties": { "lon": 76.6118146, "lat": 30.4734664, "elevation": 269.0, "slope_to_next": 1.0, "flow_direction_deg": 138.0643726580563 }, "geometry": { "type": "Point", "coordinates": [ 76.6118146, 30.4734664 ] } },
{ "type": "Feature", "properties": { "lon": 76.6121813, "lat": 30.4731146, "elevation": 270.0, "slope_to_next": 0.0, "flow_direction_deg": 138.07397829110027 }, "geometry": { "type": "Point", "coordinates": [ 76.6121813, 30.4731146 ] } },
{ "type": "Feature", "properties": { "lon": 76.6125212, "lat": 30.4727884, "elevation": 270.0, "slope_to_next": 0.0, "flow_direction_deg": 175.22164978895375 }, "geometry": { "type": "Point", "coordinates": [ 76.6125212, 30.4727884 ] } },
{ "type": "Feature", "properties": { "lon": 76.6127317, "lat": 30.470618, "elevation": 270.0, "slope_to_next": -1.0, "flow_direction_deg": 260.39855786974886 }, "geometry": { "type": "Point", "coordinates": [ 76.6127317, 30.470618 ] } },
{ "type": "Feature", "properties": { "lon": 76.6124066, "lat": 30.4705706, "elevation": 269.0, "slope_to_next": 0.0, "flow_direction_deg": 259.26400987858597 }, "geometry": { "type": "Point", "coordinates": [ 76.6124066, 30.4705706 ] } },
{ "type": "Feature", "properties": { "lon": 76.6120988, "lat": 30.4705203, "elevation": 269.0, "slope_to_next": 2.0, "flow_direction_deg": 259.27894890786439 }, "geometry": { "type": "Point", "coordinates": [ 76.6120988, 30.4705203 ] } },
{ "type": "Feature", "properties": { "lon": 76.6113708, "lat": 30.4704015, "elevation": 271.0, "slope_to_next": 0.0, "flow_direction_deg": 225.49505094659824 }, "geometry": { "type": "Point", "coordinates": [ 76.6113708, 30.4704015 ] } },
{ "type": "Feature", "properties": { "lon": 76.6109528, "lat": 30.4700474, "elevation": 271.0, "slope_to_next": -1.0, "flow_direction_deg": 196.50293064270608 }, "geometry": { "type": "Point", "coordinates": [ 76.6109528, 30.4700474 ] } },
{ "type": "Feature", "properties": { "lon": 76.6106665, "lat": 30.4692145, "elevation": 270.0, "slope_to_next": -1.0, "flow_direction_deg": 214.18990013134785 }, "geometry": { "type": "Point", "coordinates": [ 76.6106665, 30.4692145 ] } },
{ "type": "Feature", "properties": { "lon": 76.6103863, "lat": 30.468859, "elevation": 269.0, "slope_to_next": -1.0, "flow_direction_deg": 253.45572694238786 }, "geometry": { "type": "Point", "coordinates": [ 76.6103863, 30.468859 ] } },
{ "type": "Feature", "properties": { "lon": 76.6094876, "lat": 30.4686289, "elevation": 268.0, "slope_to_next": 3.0, "flow_direction_deg": 212.97880520529668 }, "geometry": { "type": "Point", "coordinates": [ 76.6094876, 30.4686289 ] } },
{ "type": "Feature", "properties": { "lon": 76.6089969, "lat": 30.4679771, "elevation": 271.0, "slope_to_next": 0.0, "flow_direction_deg": 180.63185261206135 }, "geometry": { "type": "Point", "coordinates": [ 76.6089969, 30.4679771 ] } },
{ "type": "Feature", "properties": { "lon": 76.6089885, "lat": 30.4673206, "elevation": 271.0, "slope_to_next": -1.0, "flow_direction_deg": 167.30658638584214 }, "geometry": { "type": "Point", "coordinates": [ 76.6089885, 30.4673206 ] } },
{ "type": "Feature", "properties": { "lon": 76.6093169, "lat": 30.4660639, "elevation": 270.0, "slope_to_next": 0.0, "flow_direction_deg": 193.84000396617088 }, "geometry": { "type": "Point", "coordinates": [ 76.6093169, 30.4660639 ] } },
{ "type": "Feature", "properties": { "lon": 76.6075135, "lat": 30.4597541, "elevation": 270.0, "slope_to_next": -1.0, "flow_direction_deg": 196.04679060406372 }, "geometry": { "type": "Point", "coordinates": [ 76.6075135, 30.4597541 ] } },
{ "type": "Feature", "properties": { "lon": 76.6042181, "lat": 30.4498772, "elevation": 269.0, "slope_to_next": -1.0, "flow_direction_deg": 178.47999025042714 }, "geometry": { "type": "Point", "coordinates": [ 76.6042181, 30.4498772 ] } },
{ "type": "Feature", "properties": { "lon": 76.6043155, "lat": 30.4467128, "elevation": 268.0, "slope_to_next": 4.0, "flow_direction_deg": 173.41281864051609 }, "geometry": { "type": "Point", "coordinates": [ 76.6043155, 30.4467128 ] } },
{ "type": "Feature", "properties": { "lon": 76.6056363, "lat": 30.4368513, "elevation": 272.0, "slope_to_next": -1.0, "flow_direction_deg": 173.54082246422297 }, "geometry": { "type": "Point", "coordinates": [ 76.6056363, 30.4368513 ] } },
{ "type": "Feature", "properties": { "lon": 76.607645, "lat": 30.4215515, "elevation": 271.0, "slope_to_next": 0.0, "flow_direction_deg": 156.83733933196152 }, "geometry": { "type": "Point", "coordinates": [ 76.607645, 30.4215515 ] } },
{ "type": "Feature", "properties": { "lon": 76.6102634, "lat": 30.4162736, "elevation": 271.0, "slope_to_next": -4.0, "flow_direction_deg": 157.83608053827299 }, "geometry": { "type": "Point", "coordinates": [ 76.6102634, 30.4162736 ] } },
{ "type": "Feature", "properties": { "lon": 76.6133163, "lat": 30.4098102, "elevation": 267.0, "slope_to_next": 0.0, "flow_direction_deg": 157.83830715432941 }, "geometry": { "type": "Point", "coordinates": [ 76.6133163, 30.4098102 ] } },
{ "type": "Feature", "properties": { "lon": 76.6168336, "lat": 30.4023622, "elevation": 267.0, "slope_to_next": 1.0, "flow_direction_deg": 143.90649451120146 }, "geometry": { "type": "Point", "coordinates": [ 76.6168336, 30.4023622 ] } },
{ "type": "Feature", "properties": { "lon": 76.6180544, "lat": 30.4009179, "elevation": 268.0, "slope_to_next": 1.0, "flow_direction_deg": 135.12504337219025 }, "geometry": { "type": "Point", "coordinates": [ 76.6180544, 30.4009179 ] } },
{ "type": "Feature", "properties": { "lon": 76.6240468, "lat": 30.3957264, "elevation": 269.0, "slope_to_next": -2.0, "flow_direction_deg": 130.85290603717237 }, "geometry": { "type": "Point", "coordinates": [ 76.6240468, 30.3957264 ] } },
{ "type": "Feature", "properties": { "lon": 76.6313435, "lat": 30.3902831, "elevation": 267.0, "slope_to_next": 0.0, "flow_direction_deg": 136.83108072151879 }, "geometry": { "type": "Point", "coordinates": [ 76.6313435, 30.3902831 ] } },
{ "type": "Feature", "properties": { "lon": 76.6331805, "lat": 30.3885938, "elevation": 267.0, "slope_to_next": 1.0, "flow_direction_deg": 133.06608304374549 }, "geometry": { "type": "Point", "coordinates": [ 76.6331805, 30.3885938 ] } },
{ "type": "Feature", "properties": { "lon": 76.63393, "lat": 30.3879895, "elevation": 268.0, "slope_to_next": -2.0, "flow_direction_deg": 145.24480809202379 }, "geometry": { "type": "Point", "coordinates": [ 76.63393, 30.3879895 ] } },
{ "type": "Feature", "properties": { "lon": 76.635285, "lat": 30.3863049, "elevation": 266.0, "slope_to_next": -3.0, "flow_direction_deg": 145.7918452110971 }, "geometry": { "type": "Point", "coordinates": [ 76.635285, 30.3863049 ] } },
{ "type": "Feature", "properties": { "lon": 76.6362331, "lat": 30.3851018, "elevation": 263.0, "slope_to_next": 4.0, "flow_direction_deg": 186.62538977232182 }, "geometry": { "type": "Point", "coordinates": [ 76.6362331, 30.3851018 ] } },
{ "type": "Feature", "properties": { "lon": 76.6360806, "lat": 30.3839692, "elevation": 267.0, "slope_to_next": 0.0, "flow_direction_deg": 169.16844996317013 }, "geometry": { "type": "Point", "coordinates": [ 76.6360806, 30.3839692 ] } },
{ "type": "Feature", "properties": { "lon": 76.6367307, "lat": 30.381038, "elevation": 267.0, "slope_to_next": -1.0, "flow_direction_deg": 164.43005463733516 }, "geometry": { "type": "Point", "coordinates": [ 76.6367307, 30.381038 ] } },
{ "type": "Feature", "properties": { "lon": 76.6379878, "lat": 30.3771458, "elevation": 266.0, "slope_to_next": -3.0, "flow_direction_deg": 164.8198869257908 }, "geometry": { "type": "Point", "coordinates": [ 76.6379878, 30.3771458 ] } },
{ "type": "Feature", "properties": { "lon": 76.6413581, "lat": 30.3664281, "elevation": 263.0, "slope_to_next": -3.0, "flow_direction_deg": 168.2696661392074 }, "geometry": { "type": "Point", "coordinates": [ 76.6413581, 30.3664281 ] } },
{ "type": "Feature", "properties": { "lon": 76.6423372, "lat": 30.3623595, "elevation": 260.0, "slope_to_next": 8.0, "flow_direction_deg": 180.65019493823306 }, "geometry": { "type": "Point", "coordinates": [ 76.6423372, 30.3623595 ] } },
{ "type": "Feature", "properties": { "lon": 76.6422799, "lat": 30.3580027, "elevation": 268.0, "slope_to_next": -3.0, "flow_direction_deg": 186.54058984829842 }, "geometry": { "type": "Point", "coordinates": [ 76.6422799, 30.3580027 ] } },
{ "type": "Feature", "properties": { "lon": 76.6412107, "lat": 30.3499552, "elevation": 265.0, "slope_to_next": -1.0, "flow_direction_deg": 176.58635742955209 }, "geometry": { "type": "Point", "coordinates": [ 76.6412107, 30.3499552 ] } },
{ "type": "Feature", "properties": { "lon": 76.6412685, "lat": 30.349119, "elevation": 264.0, "slope_to_next": -1.0, "flow_direction_deg": 131.39955325907482 }, "geometry": { "type": "Point", "coordinates": [ 76.6412685, 30.349119 ] } },
{ "type": "Feature", "properties": { "lon": 76.6417455, "lat": 30.3487561, "elevation": 263.0, "slope_to_next": 1.0, "flow_direction_deg": 176.43274533595843 }, "geometry": { "type": "Point", "coordinates": [ 76.6417455, 30.3487561 ] } },
{ "type": "Feature", "properties": { "lon": 76.641862, "lat": 30.3471434, "elevation": 264.0, "slope_to_next": -3.0, "flow_direction_deg": 184.48119017127675 }, "geometry": { "type": "Point", "coordinates": [ 76.641862, 30.3471434 ] } },
{ "type": "Feature", "properties": { "lon": 76.6414754, "lat": 30.3428862, "elevation": 261.0, "slope_to_next": 16.0, "flow_direction_deg": 8.8885124718101451 }, "geometry": { "type": "Point", "coordinates": [ 76.6414754, 30.3428862 ] } },
{ "type": "Feature", "properties": { "lon": 76.6817905, "lat": 30.5648474, "elevation": 277.0, "slope_to_next": 0.0, "flow_direction_deg": 269.5923401431711 }, "geometry": { "type": "Point", "coordinates": [ 76.6817905, 30.5648474 ] } },
{ "type": "Feature", "properties": { "lon": 76.6813336, "lat": 30.5648446, "elevation": 277.0, "slope_to_next": 3.0, "flow_direction_deg": 176.29486686683185 }, "geometry": { "type": "Point", "coordinates": [ 76.6813336, 30.5648446 ] } },
{ "type": "Feature", "properties": { "lon": 76.6813993, "lat": 30.563971, "elevation": 280.0, "slope_to_next": 0.0, "flow_direction_deg": 187.61212051474837 }, "geometry": { "type": "Point", "coordinates": [ 76.6813993, 30.563971 ] } },
{ "type": "Feature", "properties": { "lon": 76.6812422, "lat": 30.5629588, "elevation": 280.0, "slope_to_next": 1.0, "flow_direction_deg": 249.07914903424722 }, "geometry": { "type": "Point", "coordinates": [ 76.6812422, 30.5629588 ] } },
{ "type": "Feature", "properties": { "lon": 76.6809138, "lat": 30.5628507, "elevation": 281.0, "slope_to_next": 0.0, "flow_direction_deg": 284.91528375251073 }, "geometry": { "type": "Point", "coordinates": [ 76.6809138, 30.5628507 ] } },
{ "type": "Feature", "properties": { "lon": 76.6802223, "lat": 30.5630093, "elevation": 281.0, "slope_to_next": -1.0, "flow_direction_deg": 270.66990713740893 }, "geometry": { "type": "Point", "coordinates": [ 76.6802223, 30.5630093 ] } },
{ "type": "Feature", "properties": { "lon": 76.6794076, "lat": 30.5630175, "elevation": 280.0, "slope_to_next": 0.0, "flow_direction_deg": 215.5327600555602 }, "geometry": { "type": "Point", "coordinates": [ 76.6794076, 30.5630175 ] } },
{ "type": "Feature", "properties": { "lon": 76.6791315, "lat": 30.5626846, "elevation": 280.0, "slope_to_next": 0.0, "flow_direction_deg": 204.86617881220195 }, "geometry": { "type": "Point", "coordinates": [ 76.6791315, 30.5626846 ] } },
{ "type": "Feature", "properties": { "lon": 76.6785417, "lat": 30.5615888, "elevation": 280.0, "slope_to_next": 1.0, "flow_direction_deg": 204.90400180102668 }, "geometry": { "type": "Point", "coordinates": [ 76.6785417, 30.5615888 ] } },
{ "type": "Feature", "properties": { "lon": 76.6778182, "lat": 30.5602469, "elevation": 281.0, "slope_to_next": 0.0, "flow_direction_deg": 187.95943714010886 }, "geometry": { "type": "Point", "coordinates": [ 76.6778182, 30.5602469 ] } },
{ "type": "Feature", "properties": { "lon": 76.6774372, "lat": 30.5579004, "elevation": 281.0, "slope_to_next": -1.0, "flow_direction_deg": 154.98602083638082 }, "geometry": { "type": "Point", "coordinates": [ 76.6774372, 30.5579004 ] } },
{ "type": "Feature", "properties": { "lon": 76.6777576, "lat": 30.5573091, "elevation": 280.0, "slope_to_next": 1.0, "flow_direction_deg": 144.18526230046825 }, "geometry": { "type": "Point", "coordinates": [ 76.6777576, 30.5573091 ] } },
{ "type": "Feature", "properties": { "lon": 76.6785024, "lat": 30.5564203, "elevation": 281.0, "slope_to_next": 0.0, "flow_direction_deg": 128.28451507701413 }, "geometry": { "type": "Point", "coordinates": [ 76.6785024, 30.5564203 ] } },
{ "type": "Feature", "properties": { "lon": 76.6793944, "lat": 30.555814, "elevation": 281.0, "slope_to_next": -1.0, "flow_direction_deg": 128.28678141144292 }, "geometry": { "type": "Point", "coordinates": [ 76.6793944, 30.555814 ] } },
{ "type": "Feature", "properties": { "lon": 76.6797838, "lat": 30.5555493, "elevation": 280.0, "slope_to_next": -2.0, "flow_direction_deg": 159.59587733598801 }, "geometry": { "type": "Point", "coordinates": [ 76.6797838, 30.5555493 ] } },
{ "type": "Feature", "properties": { "lon": 76.6801482, "lat": 30.5547057, "elevation": 278.0, "slope_to_next": -2.0, "flow_direction_deg": 176.75950310818496 }, "geometry": { "type": "Point", "coordinates": [ 76.6801482, 30.5547057 ] } },
{ "type": "Feature", "properties": { "lon": 76.6801806, "lat": 30.5542129, "elevation": 276.0, "slope_to_next": 3.0, "flow_direction_deg": 256.87220487180963 }, "geometry": { "type": "Point", "coordinates": [ 76.6801806, 30.5542129 ] } },
{ "type": "Feature", "properties": { "lon": 76.6797509, "lat": 30.5541266, "elevation": 279.0, "slope_to_next": 1.0, "flow_direction_deg": 256.87979867930699 }, "geometry": { "type": "Point", "coordinates": [ 76.6797509, 30.5541266 ] } },
{ "type": "Feature", "properties": { "lon": 76.6791107, "lat": 30.5539981, "elevation": 280.0, "slope_to_next": -1.0, "flow_direction_deg": 282.03812324026785 }, "geometry": { "type": "Point", "coordinates": [ 76.6791107, 30.5539981 ] } },
{ "type": "Feature", "properties": { "lon": 76.6783968, "lat": 30.5541292, "elevation": 279.0, "slope_to_next": -4.0, "flow_direction_deg": 314.6200904973058 }, "geometry": { "type": "Point", "coordinates": [ 76.6783968, 30.5541292 ] } },
{ "type": "Feature", "properties": { "lon": 76.6779241, "lat": 30.5545309, "elevation": 275.0, "slope_to_next": 3.0, "flow_direction_deg": 314.62930812019067 }, "geometry": { "type": "Point", "coordinates": [ 76.6779241, 30.5545309 ] } },
{ "type": "Feature", "properties": { "lon": 76.6775686, "lat": 30.5548331, "elevation": 278.0, "slope_to_next": 0.0, "flow_direction_deg": 313.07098899847898 }, "geometry": { "type": "Point", "coordinates": [ 76.6775686, 30.5548331 ] } },
{ "type": "Feature", "properties": { "lon": 76.6770906, "lat": 30.5552179, "elevation": 278.0, "slope_to_next": 2.0, "flow_direction_deg": 270.67136119080027 }, "geometry": { "type": "Point", "coordinates": [ 76.6770906, 30.5552179 ] } },
{ "type": "Feature", "properties": { "lon": 76.6761984, "lat": 30.5552269, "elevation": 280.0, "slope_to_next": -2.0, "flow_direction_deg": 225.53026053481608 }, "geometry": { "type": "Point", "coordinates": [ 76.6761984, 30.5552269 ] } },
{ "type": "Feature", "properties": { "lon": 76.6758059, "lat": 30.5548951, "elevation": 278.0, "slope_to_next": -1.0, "flow_direction_deg": 214.22747626078993 }, "geometry": { "type": "Point", "coordinates": [ 76.6758059, 30.5548951 ] } },
{ "type": "Feature", "properties": { "lon": 76.6753323, "lat": 30.5542956, "elevation": 277.0, "slope_to_next": 0.0, "flow_direction_deg": 222.72744124490097 }, "geometry": { "type": "Point", "coordinates": [ 76.6753323, 30.5542956 ] } },
{ "type": "Feature", "properties": { "lon": 76.6743525, "lat": 30.5533821, "elevation": 277.0, "slope_to_next": -1.0, "flow_direction_deg": 221.8574495824316 }, "geometry": { "type": "Point", "coordinates": [ 76.6743525, 30.5533821 ] } },
{ "type": "Feature", "properties": { "lon": 76.6733674, "lat": 30.5524352, "elevation": 276.0, "slope_to_next": 3.0, "flow_direction_deg": 251.05044328042311 }, "geometry": { "type": "Point", "coordinates": [ 76.6733674, 30.5524352 ] } },
{ "type": "Feature", "properties": { "lon": 76.6726061, "lat": 30.5522101, "elevation": 279.0, "slope_to_next": -2.0, "flow_direction_deg": 211.01549942002634 }, "geometry": { "type": "Point", "coordinates": [ 76.6726061, 30.5522101 ] } },
{ "type": "Feature", "properties": { "lon": 76.6722321, "lat": 30.5516744, "elevation": 277.0, "slope_to_next": 5.0, "flow_direction_deg": 200.37438985966591 }, "geometry": { "type": "Point", "coordinates": [ 76.6722321, 30.5516744 ] } },
{ "type": "Feature", "properties": { "lon": 76.6718717, "lat": 30.5508387, "elevation": 282.0, "slope_to_next": 0.0, "flow_direction_deg": 200.01316515288983 }, "geometry": { "type": "Point", "coordinates": [ 76.6718717, 30.5508387 ] } },
{ "type": "Feature", "properties": { "lon": 76.6716313, "lat": 30.5502703, "elevation": 282.0, "slope_to_next": -4.0, "flow_direction_deg": 120.54020476357516 }, "geometry": { "type": "Point", "coordinates": [ 76.6716313, 30.5502703 ] } },
{ "type": "Feature", "properties": { "lon": 76.6724404, "lat": 30.5498592, "elevation": 278.0, "slope_to_next": 1.0, "flow_direction_deg": 68.034879253403858 }, "geometry": { "type": "Point", "coordinates": [ 76.6724404, 30.5498592 ] } },
{ "type": "Feature", "properties": { "lon": 76.6731835, "lat": 30.5501173, "elevation": 279.0, "slope_to_next": -1.0, "flow_direction_deg": 111.6755540279853 }, "geometry": { "type": "Point", "coordinates": [ 76.6731835, 30.5501173 ] } },
{ "type": "Feature", "properties": { "lon": 76.674185, "lat": 30.5497745, "elevation": 278.0, "slope_to_next": 1.0, "flow_direction_deg": 96.607336717365001 }, "geometry": { "type": "Point", "coordinates": [ 76.674185, 30.5497745 ] } },
{ "type": "Feature", "properties": { "lon": 76.6747193, "lat": 30.5497212, "elevation": 279.0, "slope_to_next": -1.0, "flow_direction_deg": 96.609921541131655 }, "geometry": { "type": "Point", "coordinates": [ 76.6747193, 30.5497212 ] } },
{ "type": "Feature", "properties": { "lon": 76.6753085, "lat": 30.5496624, "elevation": 278.0, "slope_to_next": -1.0, "flow_direction_deg": 93.174965666575133 }, "geometry": { "type": "Point", "coordinates": [ 76.6753085, 30.5496624 ] } },
{ "type": "Feature", "properties": { "lon": 76.6762002, "lat": 30.5496198, "elevation": 277.0, "slope_to_next": 4.0, "flow_direction_deg": 140.33630345304277 }, "geometry": { "type": "Point", "coordinates": [ 76.6762002, 30.5496198 ] } },
{ "type": "Feature", "properties": { "lon": 76.676565, "lat": 30.5492409, "elevation": 281.0, "slope_to_next": -3.0, "flow_direction_deg": 122.19354600252854 }, "geometry": { "type": "Point", "coordinates": [ 76.676565, 30.5492409 ] } },
{ "type": "Feature", "properties": { "lon": 76.677122, "lat": 30.5489389, "elevation": 278.0, "slope_to_next": 0.0, "flow_direction_deg": 181.49814505211205 }, "geometry": { "type": "Point", "coordinates": [ 76.677122, 30.5489389 ] } },
{ "type": "Feature", "properties": { "lon": 76.6771122, "lat": 30.5486162, "elevation": 278.0, "slope_to_next": 0.0, "flow_direction_deg": 151.63993464235898 }, "geometry": { "type": "Point", "coordinates": [ 76.6771122, 30.5486162 ] } },
{ "type": "Feature", "properties": { "lon": 76.6772212, "lat": 30.5484423, "elevation": 278.0, "slope_to_next": -1.0, "flow_direction_deg": 147.07424163614161 }, "geometry": { "type": "Point", "coordinates": [ 76.6772212, 30.5484423 ] } },
{ "type": "Feature", "properties": { "lon": 76.677367, "lat": 30.5482484, "elevation": 277.0, "slope_to_next": 0.0, "flow_direction_deg": 147.68412537912451 }, "geometry": { "type": "Point", "coordinates": [ 76.677367, 30.5482484 ] } },
{ "type": "Feature", "properties": { "lon": 76.6775128, "lat": 30.5480499, "elevation": 277.0, "slope_to_next": 0.0, "flow_direction_deg": 151.24654791010749 }, "geometry": { "type": "Point", "coordinates": [ 76.6775128, 30.5480499 ] } },
{ "type": "Feature", "properties": { "lon": 76.6775962, "lat": 30.547919, "elevation": 277.0, "slope_to_next": 1.0, "flow_direction_deg": 152.9159261213299 }, "geometry": { "type": "Point", "coordinates": [ 76.6775962, 30.547919 ] } },
{ "type": "Feature", "properties": { "lon": 76.6776899, "lat": 30.5477612, "elevation": 278.0, "slope_to_next": 1.0, "flow_direction_deg": 152.98705617012752 }, "geometry": { "type": "Point", "coordinates": [ 76.6776899, 30.5477612 ] } },
{ "type": "Feature", "properties": { "lon": 76.6777887, "lat": 30.5475943, "elevation": 279.0, "slope_to_next": 1.0, "flow_direction_deg": 146.12599365617103 }, "geometry": { "type": "Point", "coordinates": [ 76.6777887, 30.5475943 ] } },
{ "type": "Feature", "properties": { "lon": 76.6779294, "lat": 30.5474138, "elevation": 280.0, "slope_to_next": 0.0, "flow_direction_deg": 140.01858059373421 }, "geometry": { "type": "Point", "coordinates": [ 76.6779294, 30.5474138 ] } },
{ "type": "Feature", "properties": { "lon": 76.67807, "lat": 30.5472694, "elevation": 280.0, "slope_to_next": 0.0, "flow_direction_deg": 138.61445995397258 }, "geometry": { "type": "Point", "coordinates": [ 76.67807, 30.5472694 ] } },
{ "type": "Feature", "properties": { "lon": 76.6782731, "lat": 30.5470709, "elevation": 280.0, "slope_to_next": 0.0, "flow_direction_deg": 139.26449608181679 }, "geometry": { "type": "Point", "coordinates": [ 76.6782731, 30.5470709 ] } },
{ "type": "Feature", "properties": { "lon": 76.6784762, "lat": 30.5468678, "elevation": 280.0, "slope_to_next": -1.0, "flow_direction_deg": 127.62426844545155 }, "geometry": { "type": "Point", "coordinates": [ 76.6784762, 30.5468678 ] } },
{ "type": "Feature", "properties": { "lon": 76.678721, "lat": 30.5467053, "elevation": 279.0, "slope_to_next": 0.0, "flow_direction_deg": 130.93558912882935 }, "geometry": { "type": "Point", "coordinates": [ 76.678721, 30.5467053 ] } },
{ "type": "Feature", "properties": { "lon": 76.6788356, "lat": 30.5466197, "elevation": 279.0, "slope_to_next": -2.0, "flow_direction_deg": 133.02387256774131 }, "geometry": { "type": "Point", "coordinates": [ 76.6788356, 30.5466197 ] } },
{ "type": "Feature", "properties": { "lon": 76.679122, "lat": 30.5463895, "elevation": 277.0, "slope_to_next": 1.0, "flow_direction_deg": 136.36249236664327 }, "geometry": { "type": "Point", "coordinates": [ 76.679122, 30.5463895 ] } },
{ "type": "Feature", "properties": { "lon": 76.6793668, "lat": 30.5461684, "elevation": 278.0, "slope_to_next": 0.0, "flow_direction_deg": 145.6477767008173 }, "geometry": { "type": "Point", "coordinates": [ 76.6793668, 30.5461684 ] } },
{ "type": "Feature", "properties": { "lon": 76.6794814, "lat": 30.546024, "elevation": 278.0, "slope_to_next": 3.0, "flow_direction_deg": 137.63559124790879 }, "geometry": { "type": "Point", "coordinates": [ 76.6794814, 30.546024 ] } },
{ "type": "Feature", "properties": { "lon": 76.679909, "lat": 30.5456202, "elevation": 281.0, "slope_to_next": 0.0, "flow_direction_deg": 246.06292637784227 }, "geometry": { "type": "Point", "coordinates": [ 76.679909, 30.5456202 ] } },
{ "type": "Feature", "properties": { "lon": 76.6794081, "lat": 30.5454287, "elevation": 281.0, "slope_to_next": 0.0, "flow_direction_deg": 258.8970695660409 }, "geometry": { "type": "Point", "coordinates": [ 76.6794081, 30.5454287 ] } },
{ "type": "Feature", "properties": { "lon": 76.6788188, "lat": 30.5453291, "elevation": 281.0, "slope_to_next": -1.0, "flow_direction_deg": 207.11431985227111 }, "geometry": { "type": "Point", "coordinates": [ 76.6788188, 30.5453291 ] } },
{ "type": "Feature", "properties": { "lon": 76.6786204, "lat": 30.5449954, "elevation": 280.0, "slope_to_next": -1.0, "flow_direction_deg": 136.18037589356436 }, "geometry": { "type": "Point", "coordinates": [ 76.6786204, 30.5449954 ] } },
{ "type": "Feature", "properties": { "lon": 76.6791627, "lat": 30.5445087, "elevation": 279.0, "slope_to_next": 0.0, "flow_direction_deg": 145.86805111181417 }, "geometry": { "type": "Point", "coordinates": [ 76.6791627, 30.5445087 ] } },
{ "type": "Feature", "properties": { "lon": 76.6795002, "lat": 30.5440799, "elevation": 279.0, "slope_to_next": 4.0, "flow_direction_deg": 190.34538975541088 }, "geometry": { "type": "Point", "coordinates": [ 76.6795002, 30.5440799 ] } },
{ "type": "Feature", "properties": { "lon": 76.6794123, "lat": 30.5436652, "elevation": 283.0, "slope_to_next": -2.0, "flow_direction_deg": 207.9317866162703 }, "geometry": { "type": "Point", "coordinates": [ 76.6794123, 30.5436652 ] } },
{ "type": "Feature", "properties": { "lon": 76.6790587, "lat": 30.5430908, "elevation": 281.0, "slope_to_next": 2.0, "flow_direction_deg": 6.8188835810811952 }, "geometry": { "type": "Point", "coordinates": [ 76.6790587, 30.5430908 ] } },
{ "type": "Feature", "properties": { "lon": 76.6849424, "lat": 30.5854492, "elevation": 283.0, "slope_to_next": 0.0, "flow_direction_deg": 113.85123983124572 }, "geometry": { "type": "Point", "coordinates": [ 76.6849424, 30.5854492 ] } },
{ "type": "Feature", "properties": { "lon": 76.6856728, "lat": 30.5851712, "elevation": 283.0, "slope_to_next": 2.0, "flow_direction_deg": 145.5126380839381 }, "geometry": { "type": "Point", "coordinates": [ 76.6856728, 30.5851712 ] } },
{ "type": "Feature", "properties": { "lon": 76.6866989, "lat": 30.5838853, "elevation": 285.0, "slope_to_next": -2.0, "flow_direction_deg": 165.69352376803045 }, "geometry": { "type": "Point", "coordinates": [ 76.6866989, 30.5838853 ] } },
{ "type": "Feature", "properties": { "lon": 76.6873446, "lat": 30.5817055, "elevation": 283.0, "slope_to_next": 0.0, "flow_direction_deg": 173.86392094095743 }, "geometry": { "type": "Point", "coordinates": [ 76.6873446, 30.5817055 ] } },
{ "type": "Feature", "properties": { "lon": 76.6875545, "lat": 30.5800246, "elevation": 283.0, "slope_to_next": 0.0, "flow_direction_deg": 213.86335614136067 }, "geometry": { "type": "Point", "coordinates": [ 76.6875545, 30.5800246 ] } },
{ "type": "Feature", "properties": { "lon": 76.687399, "lat": 30.5798251, "elevation": 283.0, "slope_to_next": -2.0, "flow_direction_deg": 213.85102566220388 }, "geometry": { "type": "Point", "coordinates": [ 76.687399, 30.5798251 ] } },
{ "type": "Feature", "properties": { "lon": 76.6866461, "lat": 30.5788587, "elevation": 281.0, "slope_to_next": 0.0, "flow_direction_deg": 235.669769449054 }, "geometry": { "type": "Point", "coordinates": [ 76.6866461, 30.5788587 ] } },
{ "type": "Feature", "properties": { "lon": 76.6853552, "lat": 30.5780997, "elevation": 281.0, "slope_to_next": 0.0, "flow_direction_deg": 213.56454662317461 }, "geometry": { "type": "Point", "coordinates": [ 76.6853552, 30.5780997 ] } },
{ "type": "Feature", "properties": { "lon": 76.6848417, "lat": 30.5774334, "elevation": 281.0, "slope_to_next": -2.0, "flow_direction_deg": 186.35324386837399 }, "geometry": { "type": "Point", "coordinates": [ 76.6848417, 30.5774334 ] } },
{ "type": "Feature", "properties": { "lon": 76.6847116, "lat": 30.5764274, "elevation": 279.0, "slope_to_next": 1.0, "flow_direction_deg": 160.84687559425026 }, "geometry": { "type": "Point", "coordinates": [ 76.6847116, 30.5764274 ] } },
{ "type": "Feature", "properties": { "lon": 76.6848511, "lat": 30.5760816, "elevation": 280.0, "slope_to_next": 0.0, "flow_direction_deg": 160.83769139680157 }, "geometry": { "type": "Point", "coordinates": [ 76.6848511, 30.5760816 ] } },
{ "type": "Feature", "properties": { "lon": 76.6852171, "lat": 30.5751748, "elevation": 280.0, "slope_to_next": 0.0, "flow_direction_deg": 159.34615297548669 }, "geometry": { "type": "Point", "coordinates": [ 76.6852171, 30.5751748 ] } },
{ "type": "Feature", "properties": { "lon": 76.6856135, "lat": 30.5742694, "elevation": 280.0, "slope_to_next": 0.0, "flow_direction_deg": 170.85258535960224 }, "geometry": { "type": "Point", "coordinates": [ 76.6856135, 30.5742694 ] } },
{ "type": "Feature", "properties": { "lon": 76.6857582, "lat": 30.5734957, "elevation": 280.0, "slope_to_next": 2.0, "flow_direction_deg": 163.22800635591307 }, "geometry": { "type": "Point", "coordinates": [ 76.6857582, 30.5734957 ] } },
{ "type": "Feature", "properties": { "lon": 76.6859823, "lat": 30.5728555, "elevation": 282.0, "slope_to_next": 0.0, "flow_direction_deg": 159.91369647757256 }, "geometry": { "type": "Point", "coordinates": [ 76.6859823, 30.5728555 ] } },
{ "type": "Feature", "properties": { "lon": 76.6861445, "lat": 30.5724736, "elevation": 282.0, "slope_to_next": -2.0, "flow_direction_deg": 134.38549168751092 }, "geometry": { "type": "Point", "coordinates": [ 76.6861445, 30.5724736 ] } },
{ "type": "Feature", "properties": { "lon": 76.686938, "lat": 30.5718049, "elevation": 280.0, "slope_to_next": 3.0, "flow_direction_deg": 189.61709106615103 }, "geometry": { "type": "Point", "coordinates": [ 76.686938, 30.5718049 ] } },
{ "type": "Feature", "properties": { "lon": 76.6867978, "lat": 30.5710925, "elevation": 283.0, "slope_to_next": -1.0, "flow_direction_deg": 123.84368179571999 }, "geometry": { "type": "Point", "coordinates": [ 76.6867978, 30.5710925 ] } },
{ "type": "Feature", "properties": { "lon": 76.6869452, "lat": 30.5710074, "elevation": 282.0, "slope_to_next": 0.0, "flow_direction_deg": 163.10457090566422 }, "geometry": { "type": "Point", "coordinates": [ 76.6869452, 30.5710074 ] } },
{ "type": "Feature", "properties": { "lon": 76.6871146, "lat": 30.5705272, "elevation": 282.0, "slope_to_next": -3.0, "flow_direction_deg": 141.34352431009506 }, "geometry": { "type": "Point", "coordinates": [ 76.6871146, 30.5705272 ] } },
{ "type": "Feature", "properties": { "lon": 76.68765, "lat": 30.5699509, "elevation": 279.0, "slope_to_next": 1.0, "flow_direction_deg": 142.65687112132167 }, "geometry": { "type": "Point", "coordinates": [ 76.68765, 30.5699509 ] } },
{ "type": "Feature", "properties": { "lon": 76.6880703, "lat": 30.5694766, "elevation": 280.0, "slope_to_next": 1.0, "flow_direction_deg": 162.68397736187171 }, "geometry": { "type": "Point", "coordinates": [ 76.6880703, 30.5694766 ] } },
{ "type": "Feature", "properties": { "lon": 76.6886079, "lat": 30.5679919, "elevation": 281.0, "slope_to_next": 3.0, "flow_direction_deg": 182.75966009201269 }, "geometry": { "type": "Point", "coordinates": [ 76.6886079, 30.5679919 ] } },
{ "type": "Feature", "properties": { "lon": 76.6884859, "lat": 30.5658126, "elevation": 284.0, "slope_to_next": -1.0, "flow_direction_deg": 169.00328369460999 }, "geometry": { "type": "Point", "coordinates": [ 76.6884859, 30.5658126 ] } },
{ "type": "Feature", "properties": { "lon": 76.6887508, "lat": 30.5646388, "elevation": 283.0, "slope_to_next": -1.0, "flow_direction_deg": 169.00462149633245 }, "geometry": { "type": "Point", "coordinates": [ 76.6887508, 30.5646388 ] } },
{ "type": "Feature", "properties": { "lon": 76.6888884, "lat": 30.564029, "elevation": 282.0, "slope_to_next": -3.0, "flow_direction_deg": 216.24547111275842 }, "geometry": { "type": "Point", "coordinates": [ 76.6888884, 30.564029 ] } },
{ "type": "Feature", "properties": { "lon": 76.6879815, "lat": 30.5629638, "elevation": 279.0, "slope_to_next": -1.0, "flow_direction_deg": 260.00570893456279 }, "geometry": { "type": "Point", "coordinates": [ 76.6879815, 30.5629638 ] } },
{ "type": "Feature", "properties": { "lon": 76.6873594, "lat": 30.5628694, "elevation": 278.0, "slope_to_next": 2.0, "flow_direction_deg": 316.7262803988483 }, "geometry": { "type": "Point", "coordinates": [ 76.6873594, 30.5628694 ] } },
{ "type": "Feature", "properties": { "lon": 76.6866769, "lat": 30.5634936, "elevation": 280.0, "slope_to_next": 0.0, "flow_direction_deg": 316.73137050653366 }, "geometry": { "type": "Point", "coordinates": [ 76.6866769, 30.5634936 ] } },
{ "type": "Feature", "properties": { "lon": 76.6861714, "lat": 30.563956, "elevation": 280.0, "slope_to_next": -1.0, "flow_direction_deg": 0.39981856420956774 }, "geometry": { "type": "Point", "coordinates": [ 76.6861714, 30.563956 ] } },
{ "type": "Feature", "properties": { "lon": 76.686176, "lat": 30.5645236, "elevation": 279.0, "slope_to_next": 3.0, "flow_direction_deg": 331.77774553776032 }, "geometry": { "type": "Point", "coordinates": [ 76.686176, 30.5645236 ] } },
{ "type": "Feature", "properties": { "lon": 76.6856475, "lat": 30.5653715, "elevation": 282.0, "slope_to_next": -1.0, "flow_direction_deg": 276.71720430194659 }, "geometry": { "type": "Point", "coordinates": [ 76.6856475, 30.5653715 ] } },
{ "type": "Feature", "properties": { "lon": 76.6850588, "lat": 30.5654312, "elevation": 281.0, "slope_to_next": -2.0, "flow_direction_deg": 276.71685542050898 }, "geometry": { "type": "Point", "coordinates": [ 76.6850588, 30.5654312 ] } },
{ "type": "Feature", "properties": { "lon": 76.6841752, "lat": 30.5655208, "elevation": 279.0, "slope_to_next": -1.0, "flow_direction_deg": 247.16478142337905 }, "geometry": { "type": "Point", "coordinates": [ 76.6841752, 30.5655208 ] } },
{ "type": "Feature", "properties": { "lon": 76.6823268, "lat": 30.5648506, "elevation": 278.0, "slope_to_next": -1.0, "flow_direction_deg": 269.60310263834174 }, "geometry": { "type": "Point", "coordinates": [ 76.6823268, 30.5648506 ] } },
{ "type": "Feature", "properties": { "lon": 76.6817905, "lat": 30.5648474, "elevation": 277.0, "slope_to_next": 6.0, "flow_direction_deg": 5.9360441497357215 }, "geometry": { "type": "Point", "coordinates": [ 76.6817905, 30.5648474 ] } },
{ "type": "Feature", "properties": { "lon": 76.6871877, "lat": 30.6095225, "elevation": 283.0, "slope_to_next": -1.0, "flow_direction_deg": 227.96043014821475 }, "geometry": { "type": "Point", "coordinates": [ 76.6871877, 30.6095225 ] } },
{ "type": "Feature", "properties": { "lon": 76.6868274, "lat": 30.6092429, "elevation": 282.0, "slope_to_next": 4.0, "flow_direction_deg": 218.82360714762444 }, "geometry": { "type": "Point", "coordinates": [ 76.6868274, 30.6092429 ] } },
{ "type": "Feature", "properties": { "lon": 76.6856457, "lat": 30.607979, "elevation": 286.0, "slope_to_next": 0.0, "flow_direction_deg": 174.75413685821741 }, "geometry": { "type": "Point", "coordinates": [ 76.6856457, 30.607979 ] } },
{ "type": "Feature", "properties": { "lon": 76.6858178, "lat": 30.6063657, "elevation": 286.0, "slope_to_next": -1.0, "flow_direction_deg": 145.27226542970322 }, "geometry": { "type": "Point", "coordinates": [ 76.6858178, 30.6063657 ] } },
{ "type": "Feature", "properties": { "lon": 76.6869629, "lat": 30.6049438, "elevation": 285.0, "slope_to_next": 0.0, "flow_direction_deg": 120.94371203562781 }, "geometry": { "type": "Point", "coordinates": [ 76.6869629, 30.6049438 ] } },
{ "type": "Feature", "properties": { "lon": 76.6878714, "lat": 30.604475, "elevation": 285.0, "slope_to_next": 0.0, "flow_direction_deg": 120.94604452543524 }, "geometry": { "type": "Point", "coordinates": [ 76.6878714, 30.604475 ] } },
{ "type": "Feature", "properties": { "lon": 76.6881578, "lat": 30.6043272, "elevation": 285.0, "slope_to_next": 0.0, "flow_direction_deg": 196.98766340842997 }, "geometry": { "type": "Point", "coordinates": [ 76.6881578, 30.6043272 ] } },
{ "type": "Feature", "properties": { "lon": 76.6877541, "lat": 30.6031898, "elevation": 285.0, "slope_to_next": 2.0, "flow_direction_deg": 253.49040280460088 }, "geometry": { "type": "Point", "coordinates": [ 76.6877541, 30.6031898 ] } },
{ "type": "Feature", "properties": { "lon": 76.6864986, "lat": 30.6028695, "elevation": 287.0, "slope_to_next": -2.0, "flow_direction_deg": 253.49307994076707 }, "geometry": { "type": "Point", "coordinates": [ 76.6864986, 30.6028695 ] } },
{ "type": "Feature", "properties": { "lon": 76.6853703, "lat": 30.6025817, "elevation": 285.0, "slope_to_next": 0.0, "flow_direction_deg": 280.03191879461292 }, "geometry": { "type": "Point", "coordinates": [ 76.6853703, 30.6025817 ] } },
{ "type": "Feature", "properties": { "lon": 76.6835188, "lat": 30.6028636, "elevation": 285.0, "slope_to_next": -1.0, "flow_direction_deg": 305.18867455162723 }, "geometry": { "type": "Point", "coordinates": [ 76.6835188, 30.6028636 ] } },
{ "type": "Feature", "properties": { "lon": 76.6825806, "lat": 30.603433, "elevation": 284.0, "slope_to_next": 1.0, "flow_direction_deg": 305.19343625154988 }, "geometry": { "type": "Point", "coordinates": [ 76.6825806, 30.603433 ] } },
{ "type": "Feature", "properties": { "lon": 76.6820559, "lat": 30.6037515, "elevation": 285.0, "slope_to_next": 2.0, "flow_direction_deg": 262.50573832054687 }, "geometry": { "type": "Point", "coordinates": [ 76.6820559, 30.6037515 ] } },
{ "type": "Feature", "properties": { "lon": 76.680151, "lat": 30.6035358, "elevation": 287.0, "slope_to_next": -2.0, "flow_direction_deg": 225.9361703535746 }, "geometry": { "type": "Point", "coordinates": [ 76.680151, 30.6035358 ] } },
{ "type": "Feature", "properties": { "lon": 76.6773637, "lat": 30.6012138, "elevation": 285.0, "slope_to_next": 0.0, "flow_direction_deg": 221.83759493067211 }, "geometry": { "type": "Point", "coordinates": [ 76.6773637, 30.6012138 ] } },
{ "type": "Feature", "properties": { "lon": 76.6762232, "lat": 30.6001173, "elevation": 285.0, "slope_to_next": 2.0, "flow_direction_deg": 169.83088924381536 }, "geometry": { "type": "Point", "coordinates": [ 76.6762232, 30.6001173 ] } },
{ "type": "Feature", "properties": { "lon": 76.6764055, "lat": 30.5992425, "elevation": 287.0, "slope_to_next": 0.0, "flow_direction_deg": 179.27645985246613 }, "geometry": { "type": "Point", "coordinates": [ 76.6764055, 30.5992425 ] } },
{ "type": "Feature", "properties": { "lon": 76.6764257, "lat": 30.5978657, "elevation": 287.0, "slope_to_next": -2.0, "flow_direction_deg": 174.98464273448519 }, "geometry": { "type": "Point", "coordinates": [ 76.6764257, 30.5978657 ] } },
{ "type": "Feature", "properties": { "lon": 76.6765285, "lat": 30.5968574, "elevation": 285.0, "slope_to_next": 0.0, "flow_direction_deg": 188.32773303916301 }, "geometry": { "type": "Point", "coordinates": [ 76.6765285, 30.5968574 ] } },
{ "type": "Feature", "properties": { "lon": 76.6763176, "lat": 30.5956172, "elevation": 285.0, "slope_to_next": 0.0, "flow_direction_deg": 163.48146973109874 }, "geometry": { "type": "Point", "coordinates": [ 76.6763176, 30.5956172 ] } },
{ "type": "Feature", "properties": { "lon": 76.6767352, "lat": 30.5944051, "elevation": 285.0, "slope_to_next": -1.0, "flow_direction_deg": 168.90215167630663 }, "geometry": { "type": "Point", "coordinates": [ 76.6767352, 30.5944051 ] } },
{ "type": "Feature", "properties": { "lon": 76.6768575, "lat": 30.5938684, "elevation": 284.0, "slope_to_next": 0.0, "flow_direction_deg": 168.91799688977972 }, "geometry": { "type": "Point", "coordinates": [ 76.6768575, 30.5938684 ] } },
{ "type": "Feature", "properties": { "lon": 76.6769117, "lat": 30.5936302, "elevation": 284.0, "slope_to_next": -5.0, "flow_direction_deg": 119.84425121530217 }, "geometry": { "type": "Point", "coordinates": [ 76.6769117, 30.5936302 ] } },
{ "type": "Feature", "properties": { "lon": 76.6782997, "lat": 30.5929447, "elevation": 279.0, "slope_to_next": 4.0, "flow_direction_deg": 113.87563126316962 }, "geometry": { "type": "Point", "coordinates": [ 76.6782997, 30.5929447 ] } },
{ "type": "Feature", "properties": { "lon": 76.6809252, "lat": 30.5919443, "elevation": 283.0, "slope_to_next": -1.0, "flow_direction_deg": 134.80926944645557 }, "geometry": { "type": "Point", "coordinates": [ 76.6809252, 30.5919443 ] } },
{ "type": "Feature", "properties": { "lon": 76.6820378, "lat": 30.5909929, "elevation": 282.0, "slope_to_next": -1.0, "flow_direction_deg": 172.59974556259101 }, "geometry": { "type": "Point", "coordinates": [ 76.6820378, 30.5909929 ] } },
{ "type": "Feature", "properties": { "lon": 76.6821235, "lat": 30.5904249, "elevation": 281.0, "slope_to_next": 1.0, "flow_direction_deg": 199.80601636949461 }, "geometry": { "type": "Point", "coordinates": [ 76.6821235, 30.5904249 ] } },
{ "type": "Feature", "properties": { "lon": 76.6817863, "lat": 30.5896189, "elevation": 282.0, "slope_to_next": 2.0, "flow_direction_deg": 236.85107442683812 }, "geometry": { "type": "Point", "coordinates": [ 76.6817863, 30.5896189 ] } },
{ "type": "Feature", "properties": { "lon": 76.6811997, "lat": 30.5892891, "elevation": 284.0, "slope_to_next": 1.0, "flow_direction_deg": 199.02332118138068 }, "geometry": { "type": "Point", "coordinates": [ 76.6811997, 30.5892891 ] } },
{ "type": "Feature", "properties": { "lon": 76.6809988, "lat": 30.5887875, "elevation": 285.0, "slope_to_next": -2.0, "flow_direction_deg": 155.76122851602781 }, "geometry": { "type": "Point", "coordinates": [ 76.6809988, 30.5887875 ] } },
{ "type": "Feature", "properties": { "lon": 76.6812636, "lat": 30.5882812, "elevation": 283.0, "slope_to_next": -2.0, "flow_direction_deg": 139.75927510090037 }, "geometry": { "type": "Point", "coordinates": [ 76.6812636, 30.5882812 ] } },
{ "type": "Feature", "properties": { "lon": 76.6822972, "lat": 30.5872298, "elevation": 281.0, "slope_to_next": 2.0, "flow_direction_deg": 145.41430583256988 }, "geometry": { "type": "Point", "coordinates": [ 76.6822972, 30.5872298 ] } },
{ "type": "Feature", "properties": { "lon": 76.6833275, "lat": 30.5859434, "elevation": 283.0, "slope_to_next": 0.0, "flow_direction_deg": 108.08844350212422 }, "geometry": { "type": "Point", "coordinates": [ 76.6833275, 30.5859434 ] } },
{ "type": "Feature", "properties": { "lon": 76.6845395, "lat": 30.5856026, "elevation": 283.0, "slope_to_next": 0.0, "flow_direction_deg": 113.85840002208039 }, "geometry": { "type": "Point", "coordinates": [ 76.6845395, 30.5856026 ] } },
{ "type": "Feature", "properties": { "lon": 76.6849424, "lat": 30.5854492, "elevation": 283.0, "slope_to_next": 5.0, "flow_direction_deg": 15.642281479108874 }, "geometry": { "type": "Point", "coordinates": [ 76.6849424, 30.5854492 ] } },
{ "type": "Feature", "properties": { "lon": 76.6964517, "lat": 30.6208215, "elevation": 288.0, "slope_to_next": 0.0, "flow_direction_deg": 253.62749910644351 }, "geometry": { "type": "Point", "coordinates": [ 76.6964517, 30.6208215 ] } },
{ "type": "Feature", "properties": { "lon": 76.6958774, "lat": 30.6206763, "elevation": 288.0, "slope_to_next": 0.0, "flow_direction_deg": 242.76526756085278 }, "geometry": { "type": "Point", "coordinates": [ 76.6958774, 30.6206763 ] } },
{ "type": "Feature", "properties": { "lon": 76.694819, "lat": 30.6202075, "elevation": 288.0, "slope_to_next": 1.0, "flow_direction_deg": 225.53376274185908 }, "geometry": { "type": "Point", "coordinates": [ 76.694819, 30.6202075 ] } },
{ "type": "Feature", "properties": { "lon": 76.6940335, "lat": 30.619544, "elevation": 289.0, "slope_to_next": -1.0, "flow_direction_deg": 167.8623187688446 }, "geometry": { "type": "Point", "coordinates": [ 76.6940335, 30.619544 ] } },
{ "type": "Feature", "properties": { "lon": 76.6942496, "lat": 30.6186793, "elevation": 288.0, "slope_to_next": 1.0, "flow_direction_deg": 167.86571337711325 }, "geometry": { "type": "Point", "coordinates": [ 76.6942496, 30.6186793 ] } },
{ "type": "Feature", "properties": { "lon": 76.6943279, "lat": 30.6183659, "elevation": 289.0, "slope_to_next": -1.0, "flow_direction_deg": 243.01161534448329 }, "geometry": { "type": "Point", "coordinates": [ 76.6943279, 30.6183659 ] } },
{ "type": "Feature", "properties": { "lon": 76.6934296, "lat": 30.6179722, "elevation": 288.0, "slope_to_next": 1.0, "flow_direction_deg": 279.33932167926133 }, "geometry": { "type": "Point", "coordinates": [ 76.6934296, 30.6179722 ] } },
{ "type": "Feature", "properties": { "lon": 76.6926658, "lat": 30.6180803, "elevation": 289.0, "slope_to_next": 0.0, "flow_direction_deg": 279.33180828974292 }, "geometry": { "type": "Point", "coordinates": [ 76.6926658, 30.6180803 ] } },
{ "type": "Feature", "properties": { "lon": 76.692151, "lat": 30.6181531, "elevation": 289.0, "slope_to_next": 0.0, "flow_direction_deg": 221.88763437282765 }, "geometry": { "type": "Point", "coordinates": [ 76.692151, 30.6181531 ] } },
{ "type": "Feature", "properties": { "lon": 76.6912855, "lat": 30.6173226, "elevation": 289.0, "slope_to_next": -1.0, "flow_direction_deg": 201.94977588369423 }, "geometry": { "type": "Point", "coordinates": [ 76.6912855, 30.6173226 ] } },
{ "type": "Feature", "properties": { "lon": 76.6905657, "lat": 30.6157855, "elevation": 288.0, "slope_to_next": -1.0, "flow_direction_deg": 186.86867221533475 }, "geometry": { "type": "Point", "coordinates": [ 76.6905657, 30.6157855 ] } },
{ "type": "Feature", "properties": { "lon": 76.6903076, "lat": 30.6139415, "elevation": 287.0, "slope_to_next": 1.0, "flow_direction_deg": 194.00223903464826 }, "geometry": { "type": "Point", "coordinates": [ 76.6903076, 30.6139415 ] } },
{ "type": "Feature", "properties": { "lon": 76.6898267, "lat": 30.6122818, "elevation": 288.0, "slope_to_next": 2.0, "flow_direction_deg": 194.00382581941787 }, "geometry": { "type": "Point", "coordinates": [ 76.6898267, 30.6122818 ] } },
{ "type": "Feature", "properties": { "lon": 76.6896965, "lat": 30.6118325, "elevation": 290.0, "slope_to_next": -3.0, "flow_direction_deg": 219.82424746474175 }, "geometry": { "type": "Point", "coordinates": [ 76.6896965, 30.6118325 ] } },
{ "type": "Feature", "properties": { "lon": 76.6882791, "lat": 30.6103696, "elevation": 287.0, "slope_to_next": -3.0, "flow_direction_deg": 227.95732892265372 }, "geometry": { "type": "Point", "coordinates": [ 76.6882791, 30.6103696 ] } },
{ "type": "Feature", "properties": { "lon": 76.6875234, "lat": 30.6097831, "elevation": 284.0, "slope_to_next": -1.0, "flow_direction_deg": 227.95049154927005 }, "geometry": { "type": "Point", "coordinates": [ 76.6875234, 30.6097831 ] } },
{ "type": "Feature", "properties": { "lon": 76.6871877, "lat": 30.6095225, "elevation": 283.0, "slope_to_next": 7.0, "flow_direction_deg": 55.716434374139624 }, "geometry": { "type": "Point", "coordinates": [ 76.6871877, 30.6095225 ] } },
{ "type": "Feature", "properties": { "lon": 76.7110148, "lat": 30.6234986, "elevation": 290.0, "slope_to_next": 0.0, "flow_direction_deg": 253.50106159869259 }, "geometry": { "type": "Point", "coordinates": [ 76.7110148, 30.6234986 ] } },
{ "type": "Feature", "properties": { "lon": 76.7105083, "lat": 30.6233695, "elevation": 290.0, "slope_to_next": -1.0, "flow_direction_deg": 315.8300335756108 }, "geometry": { "type": "Point", "coordinates": [ 76.7105083, 30.6233695 ] } },
{ "type": "Feature", "properties": { "lon": 76.709396, "lat": 30.6243548, "elevation": 289.0, "slope_to_next": 0.0, "flow_direction_deg": 313.53614519533124 }, "geometry": { "type": "Point", "coordinates": [ 76.709396, 30.6243548 ] } },
{ "type": "Feature", "properties": { "lon": 76.708897, "lat": 30.6247628, "elevation": 289.0, "slope_to_next": 1.0, "flow_direction_deg": 289.40716426273275 }, "geometry": { "type": "Point", "coordinates": [ 76.708897, 30.6247628 ] } },
{ "type": "Feature", "properties": { "lon": 76.7081934, "lat": 30.6249761, "elevation": 290.0, "slope_to_next": 1.0, "flow_direction_deg": 294.19280988140395 }, "geometry": { "type": "Point", "coordinates": [ 76.7081934, 30.6249761 ] } },
{ "type": "Feature", "properties": { "lon": 76.7073129, "lat": 30.6253165, "elevation": 291.0, "slope_to_next": 2.0, "flow_direction_deg": 240.81521037816256 }, "geometry": { "type": "Point", "coordinates": [ 76.7073129, 30.6253165 ] } },
{ "type": "Feature", "properties": { "lon": 76.7070393, "lat": 30.625185, "elevation": 293.0, "slope_to_next": 0.0, "flow_direction_deg": 195.55019873371094 }, "geometry": { "type": "Point", "coordinates": [ 76.7070393, 30.625185 ] } },
{ "type": "Feature", "properties": { "lon": 76.706877, "lat": 30.6246831, "elevation": 293.0, "slope_to_next": -2.0, "flow_direction_deg": 171.27004919075364 }, "geometry": { "type": "Point", "coordinates": [ 76.706877, 30.6246831 ] } },
{ "type": "Feature", "properties": { "lon": 76.7069775, "lat": 30.6241199, "elevation": 291.0, "slope_to_next": -1.0, "flow_direction_deg": 241.92429808358207 }, "geometry": { "type": "Point", "coordinates": [ 76.7069775, 30.6241199 ] } },
{ "type": "Feature", "properties": { "lon": 76.7064871, "lat": 30.6238948, "elevation": 290.0, "slope_to_next": 1.0, "flow_direction_deg": 252.72079123993771 }, "geometry": { "type": "Point", "coordinates": [ 76.7064871, 30.6238948 ] } },
{ "type": "Feature", "properties": { "lon": 76.7058524, "lat": 30.6237249, "elevation": 291.0, "slope_to_next": 0.0, "flow_direction_deg": 0.0 }, "geometry": { "type": "Point", "coordinates": [ 76.7058524, 30.6237249 ] } },
{ "type": "Feature", "properties": { "lon": 76.7058524, "lat": 30.6237249, "elevation": 291.0, "slope_to_next": 1.0, "flow_direction_deg": 252.71754891391649 }, "geometry": { "type": "Point", "coordinates": [ 76.7058524, 30.6237249 ] } },
{ "type": "Feature", "properties": { "lon": 76.7052309, "lat": 30.6235585, "elevation": 292.0, "slope_to_next": -2.0, "flow_direction_deg": 292.58914466689532 }, "geometry": { "type": "Point", "coordinates": [ 76.7052309, 30.6235585 ] } },
{ "type": "Feature", "properties": { "lon": 76.7048446, "lat": 30.6236968, "elevation": 290.0, "slope_to_next": -1.0, "flow_direction_deg": 269.40982972095918 }, "geometry": { "type": "Point", "coordinates": [ 76.7048446, 30.6236968 ] } },
{ "type": "Feature", "properties": { "lon": 76.7030973, "lat": 30.6236813, "elevation": 289.0, "slope_to_next": -2.0, "flow_direction_deg": 269.24597076100878 }, "geometry": { "type": "Point", "coordinates": [ 76.7030973, 30.6236813 ] } },
{ "type": "Feature", "properties": { "lon": 76.7015441, "lat": 30.6236637, "elevation": 287.0, "slope_to_next": 2.0, "flow_direction_deg": 335.7734322152503 }, "geometry": { "type": "Point", "coordinates": [ 76.7015441, 30.6236637 ] } },
{ "type": "Feature", "properties": { "lon": 76.7012793, "lat": 30.6241701, "elevation": 289.0, "slope_to_next": -1.0, "flow_direction_deg": 24.801115807875647 }, "geometry": { "type": "Point", "coordinates": [ 76.7012793, 30.6241701 ] } },
{ "type": "Feature", "properties": { "lon": 76.7016379, "lat": 30.6248379, "elevation": 288.0, "slope_to_next": 0.0, "flow_direction_deg": 8.2398233538567638 }, "geometry": { "type": "Point", "coordinates": [ 76.7016379, 30.6248379 ] } },
{ "type": "Feature", "properties": { "lon": 76.7017748, "lat": 30.6256514, "elevation": 288.0, "slope_to_next": 0.0, "flow_direction_deg": 8.2328733164407026 }, "geometry": { "type": "Point", "coordinates": [ 76.7017748, 30.6256514 ] } },
{ "type": "Feature", "properties": { "lon": 76.7018071, "lat": 30.6258435, "elevation": 288.0, "slope_to_next": 1.0, "flow_direction_deg": 318.5447226423662 }, "geometry": { "type": "Point", "coordinates": [ 76.7018071, 30.6258435 ] } },
{ "type": "Feature", "properties": { "lon": 76.701424, "lat": 30.6262167, "elevation": 289.0, "slope_to_next": -3.0, "flow_direction_deg": 306.35738647835086 }, "geometry": { "type": "Point", "coordinates": [ 76.701424, 30.6262167 ] } },
{ "type": "Feature", "properties": { "lon": 76.7006157, "lat": 30.6267287, "elevation": 286.0, "slope_to_next": 3.0, "flow_direction_deg": 272.79618175554594 }, "geometry": { "type": "Point", "coordinates": [ 76.7006157, 30.6267287 ] } },
{ "type": "Feature", "properties": { "lon": 76.6992474, "lat": 30.6267862, "elevation": 289.0, "slope_to_next": 0.0, "flow_direction_deg": 0.0 }, "geometry": { "type": "Point", "coordinates": [ 76.6992474, 30.6267862 ] } },
{ "type": "Feature", "properties": { "lon": 76.6992474, "lat": 30.6267862, "elevation": 289.0, "slope_to_next": 1.0, "flow_direction_deg": 272.7953264549451 }, "geometry": { "type": "Point", "coordinates": [ 76.6992474, 30.6267862 ] } },
{ "type": "Feature", "properties": { "lon": 76.6986095, "lat": 30.626813, "elevation": 290.0, "slope_to_next": 0.0, "flow_direction_deg": 235.01927214041461 }, "geometry": { "type": "Point", "coordinates": [ 76.6986095, 30.626813 ] } },
{ "type": "Feature", "properties": { "lon": 76.6978686, "lat": 30.6263669, "elevation": 290.0, "slope_to_next": 1.0, "flow_direction_deg": 218.36175477361849 }, "geometry": { "type": "Point", "coordinates": [ 76.6978686, 30.6263669 ] } },
{ "type": "Feature", "properties": { "lon": 76.6971839, "lat": 30.6256225, "elevation": 291.0, "slope_to_next": -4.0, "flow_direction_deg": 168.53601927045224 }, "geometry": { "type": "Point", "coordinates": [ 76.6971839, 30.6256225 ] } },
{ "type": "Feature", "properties": { "lon": 76.6974774, "lat": 30.6243771, "elevation": 287.0, "slope_to_next": -1.0, "flow_direction_deg": 141.89061354520578 }, "geometry": { "type": "Point", "coordinates": [ 76.6974774, 30.6243771 ] } },
{ "type": "Feature", "properties": { "lon": 76.6982806, "lat": 30.6234959, "elevation": 286.0, "slope_to_next": 4.0, "flow_direction_deg": 139.42757185538574 }, "geometry": { "type": "Point", "coordinates": [ 76.6982806, 30.6234959 ] } },
{ "type": "Feature", "properties": { "lon": 76.698862, "lat": 30.6229116, "elevation": 290.0, "slope_to_next": -2.0, "flow_direction_deg": 212.18152356565977 }, "geometry": { "type": "Point", "coordinates": [ 76.698862, 30.6229116 ] } },
{ "type": "Feature", "properties": { "lon": 76.6985488, "lat": 30.6224833, "elevation": 288.0, "slope_to_next": 0.0, "flow_direction_deg": 210.17995597375179 }, "geometry": { "type": "Point", "coordinates": [ 76.6985488, 30.6224833 ] } },
{ "type": "Feature", "properties": { "lon": 76.6976267, "lat": 30.6211188, "elevation": 288.0, "slope_to_next": 0.0, "flow_direction_deg": 253.61586540535615 }, "geometry": { "type": "Point", "coordinates": [ 76.6976267, 30.6211188 ] } },
{ "type": "Feature", "properties": { "lon": 76.6964517, "lat": 30.6208215, "elevation": 288.0, "slope_to_next": 1.0, "flow_direction_deg": 70.443757824279714 }, "geometry": { "type": "Point", "coordinates": [ 76.6964517, 30.6208215 ] } },
{ "type": "Feature", "properties": { "lon": 76.7161339, "lat": 30.6268363, "elevation": 289.0, "slope_to_next": 1.0, "flow_direction_deg": 175.82233005294972 }, "geometry": { "type": "Point", "coordinates": [ 76.7161339, 30.6268363 ] } },
{ "type": "Feature", "properties": { "lon": 76.7161453, "lat": 30.626702, "elevation": 290.0, "slope_to_next": 2.0, "flow_direction_deg": 216.5845654578433 }, "geometry": { "type": "Point", "coordinates": [ 76.7161453, 30.626702 ] } },
{ "type": "Feature", "properties": { "lon": 76.7158296, "lat": 30.626336, "elevation": 292.0, "slope_to_next": 2.0, "flow_direction_deg": 270.69443426742703 }, "geometry": { "type": "Point", "coordinates": [ 76.7158296, 30.626336 ] } },
{ "type": "Feature", "properties": { "lon": 76.7150144, "lat": 30.6263445, "elevation": 294.0, "slope_to_next": -5.0, "flow_direction_deg": 293.99252617361623 }, "geometry": { "type": "Point", "coordinates": [ 76.7150144, 30.6263445 ] } },
{ "type": "Feature", "properties": { "lon": 76.7142034, "lat": 30.6266551, "elevation": 289.0, "slope_to_next": 0.0, "flow_direction_deg": 315.84152313001323 }, "geometry": { "type": "Point", "coordinates": [ 76.7142034, 30.6266551 ] } },
{ "type": "Feature", "properties": { "lon": 76.714004, "lat": 30.6268318, "elevation": 289.0, "slope_to_next": 2.0, "flow_direction_deg": 315.82751867012792 }, "geometry": { "type": "Point", "coordinates": [ 76.714004, 30.6268318 ] } },
{ "type": "Feature", "properties": { "lon": 76.7135131, "lat": 30.6272666, "elevation": 291.0, "slope_to_next": 2.0, "flow_direction_deg": 252.17213817100088 }, "geometry": { "type": "Point", "coordinates": [ 76.7135131, 30.6272666 ] } },
{ "type": "Feature", "properties": { "lon": 76.71211, "lat": 30.6268783, "elevation": 293.0, "slope_to_next": 0.0, "flow_direction_deg": 208.12363677555945 }, "geometry": { "type": "Point", "coordinates": [ 76.71211, 30.6268783 ] } },
{ "type": "Feature", "properties": { "lon": 76.7111569, "lat": 30.6253438, "elevation": 293.0, "slope_to_next": -5.0, "flow_direction_deg": 191.23677644485525 }, "geometry": { "type": "Point", "coordinates": [ 76.7111569, 30.6253438 ] } },
{ "type": "Feature", "properties": { "lon": 76.7108473, "lat": 30.6240028, "elevation": 288.0, "slope_to_next": 2.0, "flow_direction_deg": 164.0459689182162 }, "geometry": { "type": "Point", "coordinates": [ 76.7108473, 30.6240028 ] } },
{ "type": "Feature", "properties": { "lon": 76.7110148, "lat": 30.6234986, "elevation": 290.0, "slope_to_next": 5.0, "flow_direction_deg": 33.195627636213544 }, "geometry": { "type": "Point", "coordinates": [ 76.7110148, 30.6234986 ] } },
{ "type": "Feature", "properties": { "lon": 76.7194536, "lat": 30.6345962, "elevation": 295.0, "slope_to_next": -1.0, "flow_direction_deg": 166.21556356868859 }, "geometry": { "type": "Point", "coordinates": [ 76.7194536, 30.6345962 ] } },
{ "type": "Feature", "properties": { "lon": 76.719551, "lat": 30.6342546, "elevation": 294.0, "slope_to_next": -1.0, "flow_direction_deg": 213.02730157136187 }, "geometry": { "type": "Point", "coordinates": [ 76.719551, 30.6342546 ] } },
{ "type": "Feature", "properties": { "lon": 76.7192741, "lat": 30.6338881, "elevation": 293.0, "slope_to_next": 0.0, "flow_direction_deg": 272.03517688151157 }, "geometry": { "type": "Point", "coordinates": [ 76.7192741, 30.6338881 ] } },
{ "type": "Feature", "properties": { "lon": 76.7178708, "lat": 30.633931, "elevation": 293.0, "slope_to_next": 2.0, "flow_direction_deg": 252.44065626791365 }, "geometry": { "type": "Point", "coordinates": [ 76.7178708, 30.633931 ] } },
{ "type": "Feature", "properties": { "lon": 76.7170584, "lat": 30.6337098, "elevation": 295.0, "slope_to_next": 1.0, "flow_direction_deg": 250.04431189610364 }, "geometry": { "type": "Point", "coordinates": [ 76.7170584, 30.6337098 ] } },
{ "type": "Feature", "properties": { "lon": 76.7161225, "lat": 30.6334174, "elevation": 296.0, "slope_to_next": 0.0, "flow_direction_deg": 222.53481770377314 }, "geometry": { "type": "Point", "coordinates": [ 76.7161225, 30.6334174 ] } },
{ "type": "Feature", "properties": { "lon": 76.7157684, "lat": 30.6330853, "elevation": 296.0, "slope_to_next": -1.0, "flow_direction_deg": 186.67204953472941 }, "geometry": { "type": "Point", "coordinates": [ 76.7157684, 30.6330853 ] } },
{ "type": "Feature", "properties": { "lon": 76.7156818, "lat": 30.6324483, "elevation": 295.0, "slope_to_next": -3.0, "flow_direction_deg": 157.29167171429845 }, "geometry": { "type": "Point", "coordinates": [ 76.7156818, 30.6324483 ] } },
{ "type": "Feature", "properties": { "lon": 76.7160593, "lat": 30.6316721, "elevation": 292.0, "slope_to_next": 0.0, "flow_direction_deg": 180.67934730851661 }, "geometry": { "type": "Point", "coordinates": [ 76.7160593, 30.6316721 ] } },
{ "type": "Feature", "properties": { "lon": 76.7160556, "lat": 30.6314036, "elevation": 292.0, "slope_to_next": -1.0, "flow_direction_deg": 182.53067680417297 }, "geometry": { "type": "Point", "coordinates": [ 76.7160556, 30.6314036 ] } },
{ "type": "Feature", "properties": { "lon": 76.7160268, "lat": 30.6308429, "elevation": 291.0, "slope_to_next": -1.0, "flow_direction_deg": 181.39000851146531 }, "geometry": { "type": "Point", "coordinates": [ 76.7160268, 30.6308429 ] } },
{ "type": "Feature", "properties": { "lon": 76.7159915, "lat": 30.6295911, "elevation": 290.0, "slope_to_next": -1.0, "flow_direction_deg": 187.56808592620385 }, "geometry": { "type": "Point", "coordinates": [ 76.7159915, 30.6295911 ] } },
{ "type": "Feature", "properties": { "lon": 76.7158207, "lat": 30.6284849, "elevation": 289.0, "slope_to_next": -1.0, "flow_direction_deg": 167.79243754143511 }, "geometry": { "type": "Point", "coordinates": [ 76.7158207, 30.6284849 ] } },
{ "type": "Feature", "properties": { "lon": 76.716082, "lat": 30.6274456, "elevation": 288.0, "slope_to_next": 1.0, "flow_direction_deg": 175.80786251228881 }, "geometry": { "type": "Point", "coordinates": [ 76.716082, 30.6274456 ] } },
{ "type": "Feature", "properties": { "lon": 76.7161339, "lat": 30.6268363, "elevation": 289.0, "slope_to_next": 1.0, "flow_direction_deg": 13.295004656153083 }, "geometry": { "type": "Point", "coordinates": [ 76.7161339, 30.6268363 ] } },
{ "type": "Feature", "properties": { "lon": 76.719613, "lat": 30.6395041, "elevation": 290.0, "slope_to_next": 1.0, "flow_direction_deg": 183.60333570911399 }, "geometry": { "type": "Point", "coordinates": [ 76.719613, 30.6395041 ] } },
{ "type": "Feature", "properties": { "lon": 76.7195866, "lat": 30.6391434, "elevation": 291.0, "slope_to_next": 1.0, "flow_direction_deg": 258.66018973937452 }, "geometry": { "type": "Point", "coordinates": [ 76.7195866, 30.6391434 ] } },
{ "type": "Feature", "properties": { "lon": 76.7194562, "lat": 30.6391209, "elevation": 292.0, "slope_to_next": 0.0, "flow_direction_deg": 224.91662047959684 }, "geometry": { "type": "Point", "coordinates": [ 76.7194562, 30.6391209 ] } },
{ "type": "Feature", "properties": { "lon": 76.719357, "lat": 30.6390353, "elevation": 292.0, "slope_to_next": 1.0, "flow_direction_deg": 225.45837431138352 }, "geometry": { "type": "Point", "coordinates": [ 76.719357, 30.6390353 ] } },
{ "type": "Feature", "properties": { "lon": 76.718835, "lat": 30.6385933, "elevation": 293.0, "slope_to_next": 0.0, "flow_direction_deg": 198.48235538646207 }, "geometry": { "type": "Point", "coordinates": [ 76.718835, 30.6385933 ] } },
{ "type": "Feature", "properties": { "lon": 76.7184323, "lat": 30.6375567, "elevation": 293.0, "slope_to_next": -3.0, "flow_direction_deg": 173.59815421631595 }, "geometry": { "type": "Point", "coordinates": [ 76.7184323, 30.6375567 ] } },
{ "type": "Feature", "properties": { "lon": 76.7185726, "lat": 30.6364808, "elevation": 290.0, "slope_to_next": 1.0, "flow_direction_deg": 154.82940330366944 }, "geometry": { "type": "Point", "coordinates": [ 76.7185726, 30.6364808 ] } },
{ "type": "Feature", "properties": { "lon": 76.7192919, "lat": 30.6351638, "elevation": 291.0, "slope_to_next": 4.0, "flow_direction_deg": 166.22878957444482 }, "geometry": { "type": "Point", "coordinates": [ 76.7192919, 30.6351638 ] } },
{ "type": "Feature", "properties": { "lon": 76.7194184, "lat": 30.6347197, "elevation": 295.0, "slope_to_next": 0.0, "flow_direction_deg": 166.22065960199859 }, "geometry": { "type": "Point", "coordinates": [ 76.7194184, 30.6347197 ] } },
{ "type": "Feature", "properties": { "lon": 76.7194536, "lat": 30.6345962, "elevation": 295.0, "slope_to_next": 7.0, "flow_direction_deg": 2.389604434747298 }, "geometry": { "type": "Point", "coordinates": [ 76.7194536, 30.6345962 ] } },
{ "type": "Feature", "properties": { "lon": 76.7211182, "lat": 30.668906, "elevation": 302.0, "slope_to_next": 0.0, "flow_direction_deg": 169.86355598877299 }, "geometry": { "type": "Point", "coordinates": [ 76.7211182, 30.668906 ] } },
{ "type": "Feature", "properties": { "lon": 76.721169, "lat": 30.6686616, "elevation": 302.0, "slope_to_next": -2.0, "flow_direction_deg": 118.6343733018229 }, "geometry": { "type": "Point", "coordinates": [ 76.721169, 30.6686616 ] } },
{ "type": "Feature", "properties": { "lon": 76.7224419, "lat": 30.6680638, "elevation": 300.0, "slope_to_next": 2.0, "flow_direction_deg": 147.01387178117483 }, "geometry": { "type": "Point", "coordinates": [ 76.7224419, 30.6680638 ] } },
{ "type": "Feature", "properties": { "lon": 76.7229013, "lat": 30.667455, "elevation": 302.0, "slope_to_next": -2.0, "flow_direction_deg": 224.07844707578485 }, "geometry": { "type": "Point", "coordinates": [ 76.7229013, 30.667455 ] } },
{ "type": "Feature", "properties": { "lon": 76.7220671, "lat": 30.666714, "elevation": 300.0, "slope_to_next": 1.0, "flow_direction_deg": 275.69259212538293 }, "geometry": { "type": "Point", "coordinates": [ 76.7220671, 30.666714 ] } },
{ "type": "Feature", "properties": { "lon": 76.7212495, "lat": 30.6667841, "elevation": 301.0, "slope_to_next": 0.0, "flow_direction_deg": 270.70565190778609 }, "geometry": { "type": "Point", "coordinates": [ 76.7212495, 30.6667841 ] } },
{ "type": "Feature", "properties": { "lon": 76.7207869, "lat": 30.666789, "elevation": 301.0, "slope_to_next": 3.0, "flow_direction_deg": 199.03428592305306 }, "geometry": { "type": "Point", "coordinates": [ 76.7207869, 30.666789 ] } },
{ "type": "Feature", "properties": { "lon": 76.7205657, "lat": 30.6662375, "elevation": 304.0, "slope_to_next": -4.0, "flow_direction_deg": 183.85986561686934 }, "geometry": { "type": "Point", "coordinates": [ 76.7205657, 30.6662375 ] } },
{ "type": "Feature", "properties": { "lon": 76.7205223, "lat": 30.6656842, "elevation": 300.0, "slope_to_next": -2.0, "flow_direction_deg": 152.262976453178 }, "geometry": { "type": "Point", "coordinates": [ 76.7205223, 30.6656842 ] } },
{ "type": "Feature", "properties": { "lon": 76.7209111, "lat": 30.6650482, "elevation": 298.0, "slope_to_next": 1.0, "flow_direction_deg": 129.87887256550283 }, "geometry": { "type": "Point", "coordinates": [ 76.7209111, 30.6650482 ] } },
{ "type": "Feature", "properties": { "lon": 76.7215392, "lat": 30.6645968, "elevation": 299.0, "slope_to_next": 3.0, "flow_direction_deg": 164.58217934895663 }, "geometry": { "type": "Point", "coordinates": [ 76.7215392, 30.6645968 ] } },
{ "type": "Feature", "properties": { "lon": 76.7217156, "lat": 30.6640466, "elevation": 302.0, "slope_to_next": -5.0, "flow_direction_deg": 164.56999778760883 }, "geometry": { "type": "Point", "coordinates": [ 76.7217156, 30.6640466 ] } },
{ "type": "Feature", "properties": { "lon": 76.7218461, "lat": 30.6636399, "elevation": 297.0, "slope_to_next": 4.0, "flow_direction_deg": 167.26029244084168 }, "geometry": { "type": "Point", "coordinates": [ 76.7218461, 30.6636399 ] } },
{ "type": "Feature", "properties": { "lon": 76.7220488, "lat": 30.6628687, "elevation": 301.0, "slope_to_next": 0.0, "flow_direction_deg": 107.41995797950744 }, "geometry": { "type": "Point", "coordinates": [ 76.7220488, 30.6628687 ] } },
{ "type": "Feature", "properties": { "lon": 76.7227298, "lat": 30.6626849, "elevation": 301.0, "slope_to_next": 0.0, "flow_direction_deg": 194.33098746076351 }, "geometry": { "type": "Point", "coordinates": [ 76.7227298, 30.6626849 ] } },
{ "type": "Feature", "properties": { "lon": 76.7225726, "lat": 30.6621556, "elevation": 301.0, "slope_to_next": 0.0, "flow_direction_deg": 177.3365672113149 }, "geometry": { "type": "Point", "coordinates": [ 76.7225726, 30.6621556 ] } },
{ "type": "Feature", "properties": { "lon": 76.7226009, "lat": 30.6616323, "elevation": 301.0, "slope_to_next": -2.0, "flow_direction_deg": 212.76267493717654 }, "geometry": { "type": "Point", "coordinates": [ 76.7226009, 30.6616323 ] } },
{ "type": "Feature", "properties": { "lon": 76.7219843, "lat": 30.6608081, "elevation": 299.0, "slope_to_next": 3.0, "flow_direction_deg": 174.37788176072797 }, "geometry": { "type": "Point", "coordinates": [ 76.7219843, 30.6608081 ] } },
{ "type": "Feature", "properties": { "lon": 76.7221112, "lat": 30.6596992, "elevation": 302.0, "slope_to_next": -3.0, "flow_direction_deg": 124.51868817065611 }, "geometry": { "type": "Point", "coordinates": [ 76.7221112, 30.6596992 ] } },
{ "type": "Feature", "properties": { "lon": 76.7227464, "lat": 30.6593234, "elevation": 299.0, "slope_to_next": 0.0, "flow_direction_deg": 86.279072202054351 }, "geometry": { "type": "Point", "coordinates": [ 76.7227464, 30.6593234 ] } },
{ "type": "Feature", "properties": { "lon": 76.7236724, "lat": 30.6593752, "elevation": 299.0, "slope_to_next": 0.0, "flow_direction_deg": 158.53666705636579 }, "geometry": { "type": "Point", "coordinates": [ 76.7236724, 30.6593752 ] } },
{ "type": "Feature", "properties": { "lon": 76.7239832, "lat": 30.6586952, "elevation": 299.0, "slope_to_next": 1.0, "flow_direction_deg": 151.76571153641981 }, "geometry": { "type": "Point", "coordinates": [ 76.7239832, 30.6586952 ] } },
{ "type": "Feature", "properties": { "lon": 76.7243312, "lat": 30.6581377, "elevation": 300.0, "slope_to_next": 1.0, "flow_direction_deg": 148.17568126321112 }, "geometry": { "type": "Point", "coordinates": [ 76.7243312, 30.6581377 ] } },
{ "type": "Feature", "properties": { "lon": 76.7249932, "lat": 30.6572201, "elevation": 301.0, "slope_to_next": -4.0, "flow_direction_deg": 192.97619440793912 }, "geometry": { "type": "Point", "coordinates": [ 76.7249932, 30.6572201 ] } },
{ "type": "Feature", "properties": { "lon": 76.7246941, "lat": 30.6561035, "elevation": 297.0, "slope_to_next": 1.0, "flow_direction_deg": 209.92771699104784 }, "geometry": { "type": "Point", "coordinates": [ 76.7246941, 30.6561035 ] } },
{ "type": "Feature", "properties": { "lon": 76.724367, "lat": 30.6556147, "elevation": 298.0, "slope_to_next": 0.0, "flow_direction_deg": 137.9470102340016 }, "geometry": { "type": "Point", "coordinates": [ 76.724367, 30.6556147 ] } },
{ "type": "Feature", "properties": { "lon": 76.724725, "lat": 30.6552733, "elevation": 298.0, "slope_to_next": 2.0, "flow_direction_deg": 197.28375773707933 }, "geometry": { "type": "Point", "coordinates": [ 76.724725, 30.6552733 ] } },
{ "type": "Feature", "properties": { "lon": 76.7244636, "lat": 30.6545506, "elevation": 300.0, "slope_to_next": 0.0, "flow_direction_deg": 187.23625469168772 }, "geometry": { "type": "Point", "coordinates": [ 76.7244636, 30.6545506 ] } },
{ "type": "Feature", "properties": { "lon": 76.7244209, "lat": 30.6542613, "elevation": 300.0, "slope_to_next": 1.0, "flow_direction_deg": 187.23189125160724 }, "geometry": { "type": "Point", "coordinates": [ 76.7244209, 30.6542613 ] } },
{ "type": "Feature", "properties": { "lon": 76.7243638, "lat": 30.6538742, "elevation": 301.0, "slope_to_next": -1.0, "flow_direction_deg": 205.10377651673684 }, "geometry": { "type": "Point", "coordinates": [ 76.7243638, 30.6538742 ] } },
{ "type": "Feature", "properties": { "lon": 76.7239402, "lat": 30.6530964, "elevation": 300.0, "slope_to_next": 0.0, "flow_direction_deg": 165.2421063140431 }, "geometry": { "type": "Point", "coordinates": [ 76.7239402, 30.6530964 ] } },
{ "type": "Feature", "properties": { "lon": 76.7241103, "lat": 30.6525409, "elevation": 300.0, "slope_to_next": -1.0, "flow_direction_deg": 144.84402239392819 }, "geometry": { "type": "Point", "coordinates": [ 76.7241103, 30.6525409 ] } },
{ "type": "Feature", "properties": { "lon": 76.7244403, "lat": 30.6521378, "elevation": 299.0, "slope_to_next": -1.0, "flow_direction_deg": 178.98901523349969 }, "geometry": { "type": "Point", "coordinates": [ 76.7244403, 30.6521378 ] } },
{ "type": "Feature", "properties": { "lon": 76.7244523, "lat": 30.6515528, "elevation": 298.0, "slope_to_next": 3.0, "flow_direction_deg": 194.66725182497709 }, "geometry": { "type": "Point", "coordinates": [ 76.7244523, 30.6515528 ] } },
{ "type": "Feature", "properties": { "lon": 76.724415, "lat": 30.6514302, "elevation": 301.0, "slope_to_next": -2.0, "flow_direction_deg": 270.69171063512789 }, "geometry": { "type": "Point", "coordinates": [ 76.724415, 30.6514302 ] } },
{ "type": "Feature", "properties": { "lon": 76.7241165, "lat": 30.6514333, "elevation": 299.0, "slope_to_next": -1.0, "flow_direction_deg": 270.68892632376787 }, "geometry": { "type": "Point", "coordinates": [ 76.7241165, 30.6514333 ] } },
{ "type": "Feature", "properties": { "lon": 76.7238458, "lat": 30.6514361, "elevation": 298.0, "slope_to_next": -2.0, "flow_direction_deg": 212.58063008172991 }, "geometry": { "type": "Point", "coordinates": [ 76.7238458, 30.6514361 ] } },
{ "type": "Feature", "properties": { "lon": 76.7236644, "lat": 30.6511919, "elevation": 296.0, "slope_to_next": 2.0, "flow_direction_deg": 207.14614358245998 }, "geometry": { "type": "Point", "coordinates": [ 76.7236644, 30.6511919 ] } },
{ "type": "Feature", "properties": { "lon": 76.7233, "lat": 30.6505805, "elevation": 298.0, "slope_to_next": 2.0, "flow_direction_deg": 178.69277914900317 }, "geometry": { "type": "Point", "coordinates": [ 76.7233, 30.6505805 ] } },
{ "type": "Feature", "properties": { "lon": 76.7233187, "lat": 30.6498755, "elevation": 300.0, "slope_to_next": 1.0, "flow_direction_deg": 207.54458186065199 }, "geometry": { "type": "Point", "coordinates": [ 76.7233187, 30.6498755 ] } },
{ "type": "Feature", "properties": { "lon": 76.7232799, "lat": 30.6498115, "elevation": 301.0, "slope_to_next": -2.0, "flow_direction_deg": 210.50425976836979 }, "geometry": { "type": "Point", "coordinates": [ 76.7232799, 30.6498115 ] } },
{ "type": "Feature", "properties": { "lon": 76.7230761, "lat": 30.6495139, "elevation": 299.0, "slope_to_next": 0.0, "flow_direction_deg": 199.6225796763874 }, "geometry": { "type": "Point", "coordinates": [ 76.7230761, 30.6495139 ] } },
{ "type": "Feature", "properties": { "lon": 76.7230238, "lat": 30.6493877, "elevation": 299.0, "slope_to_next": -1.0, "flow_direction_deg": 205.50232866136332 }, "geometry": { "type": "Point", "coordinates": [ 76.7230238, 30.6493877 ] } },
{ "type": "Feature", "properties": { "lon": 76.7229088, "lat": 30.6491803, "elevation": 298.0, "slope_to_next": 0.0, "flow_direction_deg": 202.67738628659777 }, "geometry": { "type": "Point", "coordinates": [ 76.7229088, 30.6491803 ] } },
{ "type": "Feature", "properties": { "lon": 76.7228409, "lat": 30.6490405, "elevation": 298.0, "slope_to_next": -1.0, "flow_direction_deg": 206.51542994340136 }, "geometry": { "type": "Point", "coordinates": [ 76.7228409, 30.6490405 ] } },
{ "type": "Feature", "properties": { "lon": 76.7227259, "lat": 30.6488422, "elevation": 297.0, "slope_to_next": 0.0, "flow_direction_deg": 199.01959966664904 }, "geometry": { "type": "Point", "coordinates": [ 76.7227259, 30.6488422 ] } },
{ "type": "Feature", "properties": { "lon": 76.7226789, "lat": 30.6487249, "elevation": 297.0, "slope_to_next": -1.0, "flow_direction_deg": 205.63251244086109 }, "geometry": { "type": "Point", "coordinates": [ 76.7226789, 30.6487249 ] } },
{ "type": "Feature", "properties": { "lon": 76.7226161, "lat": 30.6486123, "elevation": 296.0, "slope_to_next": 0.0, "flow_direction_deg": 218.16823009033226 }, "geometry": { "type": "Point", "coordinates": [ 76.7226161, 30.6486123 ] } },
{ "type": "Feature", "properties": { "lon": 76.7225378, "lat": 30.6485266, "elevation": 296.0, "slope_to_next": 1.0, "flow_direction_deg": 203.14332171266835 }, "geometry": { "type": "Point", "coordinates": [ 76.7225378, 30.6485266 ] } },
{ "type": "Feature", "properties": { "lon": 76.7224594, "lat": 30.6483688, "elevation": 297.0, "slope_to_next": 0.0, "flow_direction_deg": 200.80367889723237 }, "geometry": { "type": "Point", "coordinates": [ 76.7224594, 30.6483688 ] } },
{ "type": "Feature", "properties": { "lon": 76.7223758, "lat": 30.6481795, "elevation": 297.0, "slope_to_next": 0.0, "flow_direction_deg": 199.32719910604001 }, "geometry": { "type": "Point", "coordinates": [ 76.7223758, 30.6481795 ] } },
{ "type": "Feature", "properties": { "lon": 76.7223078, "lat": 30.6480127, "elevation": 297.0, "slope_to_next": -1.0, "flow_direction_deg": 204.38407861428428 }, "geometry": { "type": "Point", "coordinates": [ 76.7223078, 30.6480127 ] } },
{ "type": "Feature", "properties": { "lon": 76.7222294, "lat": 30.6478639, "elevation": 296.0, "slope_to_next": 0.0, "flow_direction_deg": 203.77546680542858 }, "geometry": { "type": "Point", "coordinates": [ 76.7222294, 30.6478639 ] } },
{ "type": "Feature", "properties": { "lon": 76.7221509, "lat": 30.6477106, "elevation": 296.0, "slope_to_next": -1.0, "flow_direction_deg": 180.04650252919953 }, "geometry": { "type": "Point", "coordinates": [ 76.7221509, 30.6477106 ] } },
{ "type": "Feature", "properties": { "lon": 76.7221507, "lat": 30.6474986, "elevation": 295.0, "slope_to_next": -1.0, "flow_direction_deg": 186.95412905819103 }, "geometry": { "type": "Point", "coordinates": [ 76.7221507, 30.6474986 ] } },
{ "type": "Feature", "properties": { "lon": 76.7221245, "lat": 30.6473138, "elevation": 294.0, "slope_to_next": 0.0, "flow_direction_deg": 193.60902277521632 }, "geometry": { "type": "Point", "coordinates": [ 76.7221245, 30.6473138 ] } },
{ "type": "Feature", "properties": { "lon": 76.7220826, "lat": 30.6471649, "elevation": 294.0, "slope_to_next": 0.0, "flow_direction_deg": 188.7633627942003 }, "geometry": { "type": "Point", "coordinates": [ 76.7220826, 30.6471649 ] } },
{ "type": "Feature", "properties": { "lon": 76.7220721, "lat": 30.6471063, "elevation": 294.0, "slope_to_next": 0.0, "flow_direction_deg": 193.58105104650485 }, "geometry": { "type": "Point", "coordinates": [ 76.7220721, 30.6471063 ] } },
{ "type": "Feature", "properties": { "lon": 76.7220354, "lat": 30.6469756, "elevation": 294.0, "slope_to_next": 0.0, "flow_direction_deg": 187.82136713674655 }, "geometry": { "type": "Point", "coordinates": [ 76.7220354, 30.6469756 ] } },
{ "type": "Feature", "properties": { "lon": 76.7220145, "lat": 30.6468447, "elevation": 294.0, "slope_to_next": 0.0, "flow_direction_deg": 174.54735143715732 }, "geometry": { "type": "Point", "coordinates": [ 76.7220145, 30.6468447 ] } },
{ "type": "Feature", "properties": { "lon": 76.72203, "lat": 30.646705, "elevation": 294.0, "slope_to_next": 1.0, "flow_direction_deg": 160.41130117055945 }, "geometry": { "type": "Point", "coordinates": [ 76.72203, 30.646705 ] } },
{ "type": "Feature", "properties": { "lon": 76.7221289, "lat": 30.6464659, "elevation": 295.0, "slope_to_next": 0.0, "flow_direction_deg": 173.74838989305169 }, "geometry": { "type": "Point", "coordinates": [ 76.7221289, 30.6464659 ] } },
{ "type": "Feature", "properties": { "lon": 76.7221651, "lat": 30.6461816, "elevation": 295.0, "slope_to_next": 0.0, "flow_direction_deg": 148.40669555457225 }, "geometry": { "type": "Point", "coordinates": [ 76.7221651, 30.6461816 ] } },
{ "type": "Feature", "properties": { "lon": 76.7223005, "lat": 30.6459922, "elevation": 295.0, "slope_to_next": -1.0, "flow_direction_deg": 134.23273008838851 }, "geometry": { "type": "Point", "coordinates": [ 76.7223005, 30.6459922 ] } },
{ "type": "Feature", "properties": { "lon": 76.7224569, "lat": 30.6458612, "elevation": 294.0, "slope_to_next": 0.0, "flow_direction_deg": 159.38207586326359 }, "geometry": { "type": "Point", "coordinates": [ 76.7224569, 30.6458612 ] } },
{ "type": "Feature", "properties": { "lon": 76.7225141, "lat": 30.6457304, "elevation": 294.0, "slope_to_next": 0.0, "flow_direction_deg": 180.04969115742676 }, "geometry": { "type": "Point", "coordinates": [ 76.7225141, 30.6457304 ] } },
{ "type": "Feature", "properties": { "lon": 76.722514, "lat": 30.6456312, "elevation": 294.0, "slope_to_next": 0.0, "flow_direction_deg": 190.60367941390686 }, "geometry": { "type": "Point", "coordinates": [ 76.722514, 30.6456312 ] } },
{ "type": "Feature", "properties": { "lon": 76.7224826, "lat": 30.6454869, "elevation": 294.0, "slope_to_next": 1.0, "flow_direction_deg": 218.30731487784706 }, "geometry": { "type": "Point", "coordinates": [ 76.7224826, 30.6454869 ] } },
{ "type": "Feature", "properties": { "lon": 76.7223625, "lat": 30.6453561, "elevation": 295.0, "slope_to_next": -1.0, "flow_direction_deg": 222.21547022522839 }, "geometry": { "type": "Point", "coordinates": [ 76.7223625, 30.6453561 ] } },
{ "type": "Feature", "properties": { "lon": 76.7222058, "lat": 30.6452075, "elevation": 294.0, "slope_to_next": 4.0, "flow_direction_deg": 224.90246151754701 }, "geometry": { "type": "Point", "coordinates": [ 76.7222058, 30.6452075 ] } },
{ "type": "Feature", "properties": { "lon": 76.7220544, "lat": 30.6450768, "elevation": 298.0, "slope_to_next": 0.0, "flow_direction_deg": 235.38836972835406 }, "geometry": { "type": "Point", "coordinates": [ 76.7220544, 30.6450768 ] } },
{ "type": "Feature", "properties": { "lon": 76.7218875, "lat": 30.6449777, "elevation": 298.0, "slope_to_next": 1.0, "flow_direction_deg": 249.86600193060724 }, "geometry": { "type": "Point", "coordinates": [ 76.7218875, 30.6449777 ] } },
{ "type": "Feature", "properties": { "lon": 76.7216735, "lat": 30.6449102, "elevation": 299.0, "slope_to_next": 2.0, "flow_direction_deg": 247.7501056312413 }, "geometry": { "type": "Point", "coordinates": [ 76.7216735, 30.6449102 ] } },
{ "type": "Feature", "properties": { "lon": 76.7214178, "lat": 30.6448202, "elevation": 301.0, "slope_to_next": -1.0, "flow_direction_deg": 252.07486122779602 }, "geometry": { "type": "Point", "coordinates": [ 76.7214178, 30.6448202 ] } },
{ "type": "Feature", "properties": { "lon": 76.7210786, "lat": 30.6447258, "elevation": 300.0, "slope_to_next": -3.0, "flow_direction_deg": 228.98452013867413 }, "geometry": { "type": "Point", "coordinates": [ 76.7210786, 30.6447258 ] } },
{ "type": "Feature", "properties": { "lon": 76.7208438, "lat": 30.6445501, "elevation": 297.0, "slope_to_next": 0.0, "flow_direction_deg": 200.88827188763503 }, "geometry": { "type": "Point", "coordinates": [ 76.7208438, 30.6445501 ] } },
{ "type": "Feature", "properties": { "lon": 76.7207758, "lat": 30.6443968, "elevation": 297.0, "slope_to_next": 1.0, "flow_direction_deg": 205.67925968480338 }, "geometry": { "type": "Point", "coordinates": [ 76.7207758, 30.6443968 ] } },
{ "type": "Feature", "properties": { "lon": 76.7207027, "lat": 30.644266, "elevation": 298.0, "slope_to_next": -2.0, "flow_direction_deg": 220.77497550416268 }, "geometry": { "type": "Point", "coordinates": [ 76.7207027, 30.644266 ] } },
{ "type": "Feature", "properties": { "lon": 76.7205356, "lat": 30.6440993, "elevation": 296.0, "slope_to_next": -1.0, "flow_direction_deg": 225.7358145607036 }, "geometry": { "type": "Point", "coordinates": [ 76.7205356, 30.6440993 ] } },
{ "type": "Feature", "properties": { "lon": 76.7203529, "lat": 30.6439461, "elevation": 295.0, "slope_to_next": 0.0, "flow_direction_deg": 223.80831249197513 }, "geometry": { "type": "Point", "coordinates": [ 76.7203529, 30.6439461 ] } },
{ "type": "Feature", "properties": { "lon": 76.7202171, "lat": 30.6438243, "elevation": 295.0, "slope_to_next": 0.0, "flow_direction_deg": 247.00154323265991 }, "geometry": { "type": "Point", "coordinates": [ 76.7202171, 30.6438243 ] } },
{ "type": "Feature", "properties": { "lon": 76.7199093, "lat": 30.6437119, "elevation": 295.0, "slope_to_next": 0.0, "flow_direction_deg": 248.61466478767431 }, "geometry": { "type": "Point", "coordinates": [ 76.7199093, 30.6437119 ] } },
{ "type": "Feature", "properties": { "lon": 76.7196953, "lat": 30.6436398, "elevation": 295.0, "slope_to_next": -1.0, "flow_direction_deg": 253.53025626806368 }, "geometry": { "type": "Point", "coordinates": [ 76.7196953, 30.6436398 ] } },
{ "type": "Feature", "properties": { "lon": 76.7194657, "lat": 30.6435814, "elevation": 294.0, "slope_to_next": 1.0, "flow_direction_deg": 248.37573944238613 }, "geometry": { "type": "Point", "coordinates": [ 76.7194657, 30.6435814 ] } },
{ "type": "Feature", "properties": { "lon": 76.7192414, "lat": 30.6435049, "elevation": 295.0, "slope_to_next": -1.0, "flow_direction_deg": 236.80640166033683 }, "geometry": { "type": "Point", "coordinates": [ 76.7192414, 30.6435049 ] } },
{ "type": "Feature", "properties": { "lon": 76.7191213, "lat": 30.6434373, "elevation": 294.0, "slope_to_next": 1.0, "flow_direction_deg": 233.03467261813489 }, "geometry": { "type": "Point", "coordinates": [ 76.7191213, 30.6434373 ] } },
{ "type": "Feature", "properties": { "lon": 76.7190169, "lat": 30.6433697, "elevation": 295.0, "slope_to_next": 0.0, "flow_direction_deg": 216.75956091037372 }, "geometry": { "type": "Point", "coordinates": [ 76.7190169, 30.6433697 ] } },
{ "type": "Feature", "properties": { "lon": 76.7189543, "lat": 30.6432976, "elevation": 295.0, "slope_to_next": 0.0, "flow_direction_deg": 200.17505199932242 }, "geometry": { "type": "Point", "coordinates": [ 76.7189543, 30.6432976 ] } },
{ "type": "Feature", "properties": { "lon": 76.7189177, "lat": 30.6432119, "elevation": 295.0, "slope_to_next": 2.0, "flow_direction_deg": 171.52733339803478 }, "geometry": { "type": "Point", "coordinates": [ 76.7189177, 30.6432119 ] } },
{ "type": "Feature", "properties": { "lon": 76.7189333, "lat": 30.6431218, "elevation": 297.0, "slope_to_next": 0.0, "flow_direction_deg": 149.91228873329396 }, "geometry": { "type": "Point", "coordinates": [ 76.7189333, 30.6431218 ] } },
{ "type": "Feature", "properties": { "lon": 76.7189698, "lat": 30.6430676, "elevation": 297.0, "slope_to_next": -2.0, "flow_direction_deg": 143.34628874309863 }, "geometry": { "type": "Point", "coordinates": [ 76.7189698, 30.6430676 ] } },
{ "type": "Feature", "properties": { "lon": 76.7190479, "lat": 30.6429773, "elevation": 295.0, "slope_to_next": 1.0, "flow_direction_deg": 144.89028122541788 }, "geometry": { "type": "Point", "coordinates": [ 76.7190479, 30.6429773 ] } },
{ "type": "Feature", "properties": { "lon": 76.7191364, "lat": 30.642869, "elevation": 296.0, "slope_to_next": 0.0, "flow_direction_deg": 151.53240143312405 }, "geometry": { "type": "Point", "coordinates": [ 76.7191364, 30.642869 ] } },
{ "type": "Feature", "properties": { "lon": 76.7192615, "lat": 30.6426705, "elevation": 296.0, "slope_to_next": 0.0, "flow_direction_deg": 139.33436662511008 }, "geometry": { "type": "Point", "coordinates": [ 76.7192615, 30.6426705 ] } },
{ "type": "Feature", "properties": { "lon": 76.7193291, "lat": 30.6426028, "elevation": 296.0, "slope_to_next": 0.0, "flow_direction_deg": 150.80006549864078 }, "geometry": { "type": "Point", "coordinates": [ 76.7193291, 30.6426028 ] } },
{ "type": "Feature", "properties": { "lon": 76.7194229, "lat": 30.6424584, "elevation": 296.0, "slope_to_next": 1.0, "flow_direction_deg": 151.09985253130344 }, "geometry": { "type": "Point", "coordinates": [ 76.7194229, 30.6424584 ] } },
{ "type": "Feature", "properties": { "lon": 76.7195271, "lat": 30.642296, "elevation": 297.0, "slope_to_next": 0.0, "flow_direction_deg": 156.31725174184044 }, "geometry": { "type": "Point", "coordinates": [ 76.7195271, 30.642296 ] } },
{ "type": "Feature", "properties": { "lon": 76.719626, "lat": 30.642102, "elevation": 297.0, "slope_to_next": 1.0, "flow_direction_deg": 160.14779009238691 }, "geometry": { "type": "Point", "coordinates": [ 76.719626, 30.642102 ] } },
{ "type": "Feature", "properties": { "lon": 76.7197093, "lat": 30.6419035, "elevation": 298.0, "slope_to_next": 0.0, "flow_direction_deg": 161.01714243128083 }, "geometry": { "type": "Point", "coordinates": [ 76.7197093, 30.6419035 ] } },
{ "type": "Feature", "properties": { "lon": 76.7197977, "lat": 30.6416824, "elevation": 298.0, "slope_to_next": -1.0, "flow_direction_deg": 161.19600787070567 }, "geometry": { "type": "Point", "coordinates": [ 76.7197977, 30.6416824 ] } },
{ "type": "Feature", "properties": { "lon": 76.7199173, "lat": 30.6413802, "elevation": 297.0, "slope_to_next": 0.0, "flow_direction_deg": 174.65506443066693 }, "geometry": { "type": "Point", "coordinates": [ 76.7199173, 30.6413802 ] } },
{ "type": "Feature", "properties": { "lon": 76.7199433, "lat": 30.6411411, "elevation": 297.0, "slope_to_next": 0.0, "flow_direction_deg": 180.05465189145622 }, "geometry": { "type": "Point", "coordinates": [ 76.7199433, 30.6411411 ] } },
{ "type": "Feature", "properties": { "lon": 76.7199431, "lat": 30.6409607, "elevation": 297.0, "slope_to_next": 0.0, "flow_direction_deg": 177.87776837523336 }, "geometry": { "type": "Point", "coordinates": [ 76.7199431, 30.6409607 ] } },
{ "type": "Feature", "properties": { "lon": 76.7199532, "lat": 30.6407262, "elevation": 297.0, "slope_to_next": 0.0, "flow_direction_deg": 194.22381699440606 }, "geometry": { "type": "Point", "coordinates": [ 76.7199532, 30.6407262 ] } },
{ "type": "Feature", "properties": { "lon": 76.7198695, "lat": 30.6404421, "elevation": 297.0, "slope_to_next": -3.0, "flow_direction_deg": 187.12253462449206 }, "geometry": { "type": "Point", "coordinates": [ 76.7198695, 30.6404421 ] } },
{ "type": "Feature", "properties": { "lon": 76.7198433, "lat": 30.6402617, "elevation": 294.0, "slope_to_next": -1.0, "flow_direction_deg": 189.24929208949683 }, "geometry": { "type": "Point", "coordinates": [ 76.7198433, 30.6402617 ] } },
{ "type": "Feature", "properties": { "lon": 76.7198066, "lat": 30.6400678, "elevation": 293.0, "slope_to_next": 0.0, "flow_direction_deg": 201.20869450156601 }, "geometry": { "type": "Point", "coordinates": [ 76.7198066, 30.6400678 ] } },
{ "type": "Feature", "properties": { "lon": 76.7197334, "lat": 30.6399055, "elevation": 293.0, "slope_to_next": -2.0, "flow_direction_deg": 190.63729505158375 }, "geometry": { "type": "Point", "coordinates": [ 76.7197334, 30.6399055 ] } },
{ "type": "Feature", "properties": { "lon": 76.7197019, "lat": 30.6397612, "elevation": 291.0, "slope_to_next": 0.0, "flow_direction_deg": 195.90641431936984 }, "geometry": { "type": "Point", "coordinates": [ 76.7197019, 30.6397612 ] } },
{ "type": "Feature", "properties": { "lon": 76.7196601, "lat": 30.639635, "elevation": 291.0, "slope_to_next": -1.0, "flow_direction_deg": 197.20163482457255 }, "geometry": { "type": "Point", "coordinates": [ 76.7196601, 30.639635 ] } },
{ "type": "Feature", "properties": { "lon": 76.719613, "lat": 30.6395041, "elevation": 290.0, "slope_to_next": null, "flow_direction_deg": null }, "geometry": { "type": "Point", "coordinates": [ 76.719613, 30.6395041 ] } },
{ "type": "Feature", "properties": { "lon": 76.7435571, "lat": 30.729796, "elevation": null, "slope_to_next": null, "flow_direction_deg": null }, "geometry": { "type": "Point", "coordinates": [ 76.7435571, 30.729796 ] } },
{ "type": "Feature", "properties": { "lon": 76.7427856, "lat": 30.7289101, "elevation": 322.0, "slope_to_next": 0.0, "flow_direction_deg": 228.0565548511041 }, "geometry": { "type": "Point", "coordinates": [ 76.7427856, 30.7289101 ] } },
{ "type": "Feature", "properties": { "lon": 76.7419484, "lat": 30.7282634, "elevation": 322.0, "slope_to_next": 6.0, "flow_direction_deg": 262.53786051050855 }, "geometry": { "type": "Point", "coordinates": [ 76.7419484, 30.7282634 ] } },
{ "type": "Feature", "properties": { "lon": 76.7404972, "lat": 30.7281, "elevation": 328.0, "slope_to_next": -3.0, "flow_direction_deg": 262.53611470764127 }, "geometry": { "type": "Point", "coordinates": [ 76.7404972, 30.7281 ] } },
{ "type": "Feature", "properties": { "lon": 76.7380786, "lat": 30.7278276, "elevation": 325.0, "slope_to_next": -3.0, "flow_direction_deg": 239.61423006478162 }, "geometry": { "type": "Point", "coordinates": [ 76.7380786, 30.7278276 ] } },
{ "type": "Feature", "properties": { "lon": 76.7359939, "lat": 30.7267768, "elevation": 322.0, "slope_to_next": -1.0, "flow_direction_deg": 208.88206832160091 }, "geometry": { "type": "Point", "coordinates": [ 76.7359939, 30.7267768 ] } },
{ "type": "Feature", "properties": { "lon": 76.7345123, "lat": 30.7244679, "elevation": 321.0, "slope_to_next": 1.0, "flow_direction_deg": 212.844557702533 }, "geometry": { "type": "Point", "coordinates": [ 76.7345123, 30.7244679 ] } },
{ "type": "Feature", "properties": { "lon": 76.7336686, "lat": 30.7233444, "elevation": 322.0, "slope_to_next": 6.0, "flow_direction_deg": 201.45737159575864 }, "geometry": { "type": "Point", "coordinates": [ 76.7336686, 30.7233444 ] } },
{ "type": "Feature", "properties": { "lon": 76.7325295, "lat": 30.720853, "elevation": 328.0, "slope_to_next": -3.0, "flow_direction_deg": 177.44118551015299 }, "geometry": { "type": "Point", "coordinates": [ 76.7325295, 30.720853 ] } },
{ "type": "Feature", "properties": { "lon": 76.732638, "lat": 30.7187658, "elevation": 325.0, "slope_to_next": -1.0, "flow_direction_deg": 162.34687079800472 }, "geometry": { "type": "Point", "coordinates": [ 76.732638, 30.7187658 ] } },
{ "type": "Feature", "properties": { "lon": 76.7333025, "lat": 30.7169707, "elevation": 324.0, "slope_to_next": -2.0, "flow_direction_deg": 147.99912650809745 }, "geometry": { "type": "Point", "coordinates": [ 76.7333025, 30.7169707 ] } },
{ "type": "Feature", "properties": { "lon": 76.7346559, "lat": 30.7151087, "elevation": 322.0, "slope_to_next": 3.0, "flow_direction_deg": 93.72939067042995 }, "geometry": { "type": "Point", "coordinates": [ 76.7346559, 30.7151087 ] } },
{ "type": "Feature", "properties": { "lon": 76.7359656, "lat": 30.7150353, "elevation": 325.0, "slope_to_next": -1.0, "flow_direction_deg": 147.14265288765404 }, "geometry": { "type": "Point", "coordinates": [ 76.7359656, 30.7150353 ] } },
{ "type": "Feature", "properties": { "lon": 76.7370489, "lat": 30.7135933, "elevation": 324.0, "slope_to_next": -7.0, "flow_direction_deg": 152.91819443555096 }, "geometry": { "type": "Point", "coordinates": [ 76.7370489, 30.7135933 ] } },
{ "type": "Feature", "properties": { "lon": 76.7376553, "lat": 30.7125737, "elevation": 317.0, "slope_to_next": -1.0, "flow_direction_deg": 124.5258900345911 }, "geometry": { "type": "Point", "coordinates": [ 76.7376553, 30.7125737 ] } },
{ "type": "Feature", "properties": { "lon": 76.7390919, "lat": 30.711724, "elevation": 316.0, "slope_to_next": 2.0, "flow_direction_deg": 163.9199303001933 }, "geometry": { "type": "Point", "coordinates": [ 76.7390919, 30.711724 ] } },
{ "type": "Feature", "properties": { "lon": 76.7397537, "lat": 30.7097501, "elevation": 318.0, "slope_to_next": 0.0, "flow_direction_deg": 174.61445718991752 }, "geometry": { "type": "Point", "coordinates": [ 76.7397537, 30.7097501 ] } },
{ "type": "Feature", "properties": { "lon": 76.7399369, "lat": 30.7080793, "elevation": 318.0, "slope_to_next": 0.0, "flow_direction_deg": 164.07890791570867 }, "geometry": { "type": "Point", "coordinates": [ 76.7399369, 30.7080793 ] } },
{ "type": "Feature", "properties": { "lon": 76.7403338, "lat": 30.706883, "elevation": 318.0, "slope_to_next": 3.0, "flow_direction_deg": 177.70113628557579 }, "geometry": { "type": "Point", "coordinates": [ 76.7403338, 30.706883 ] } },
{ "type": "Feature", "properties": { "lon": 76.7403867, "lat": 30.70575, "elevation": 321.0, "slope_to_next": 0.0, "flow_direction_deg": 201.02871871066364 }, "geometry": { "type": "Point", "coordinates": [ 76.7403867, 30.70575 ] } },
{ "type": "Feature", "properties": { "lon": 76.7397551, "lat": 30.7043374, "elevation": 321.0, "slope_to_next": -2.0, "flow_direction_deg": 187.62604523705252 }, "geometry": { "type": "Point", "coordinates": [ 76.7397551, 30.7043374 ] } },
{ "type": "Feature", "properties": { "lon": 76.7397174, "lat": 30.7040953, "elevation": 319.0, "slope_to_next": 0.0, "flow_direction_deg": 228.63321863268899 }, "geometry": { "type": "Point", "coordinates": [ 76.7397174, 30.7040953 ] } },
{ "type": "Feature", "properties": { "lon": 76.7393921, "lat": 30.703849, "elevation": 319.0, "slope_to_next": -3.0, "flow_direction_deg": 170.19529284960936 }, "geometry": { "type": "Point", "coordinates": [ 76.7393921, 30.703849 ] } },
{ "type": "Feature", "properties": { "lon": 76.7395141, "lat": 30.703242, "elevation": 316.0, "slope_to_next": -1.0, "flow_direction_deg": 185.87619693416102 }, "geometry": { "type": "Point", "coordinates": [ 76.7395141, 30.703242 ] } },
{ "type": "Feature", "properties": { "lon": 76.7394063, "lat": 30.7023414, "elevation": 315.0, "slope_to_next": -1.0, "flow_direction_deg": 204.40116212765182 }, "geometry": { "type": "Point", "coordinates": [ 76.7394063, 30.7023414 ] } },
{ "type": "Feature", "properties": { "lon": 76.7388575, "lat": 30.7013012, "elevation": 314.0, "slope_to_next": 2.0, "flow_direction_deg": 218.25669248393206 }, "geometry": { "type": "Point", "coordinates": [ 76.7388575, 30.7013012 ] } },
{ "type": "Feature", "properties": { "lon": 76.7382428, "lat": 30.7006309, "elevation": 316.0, "slope_to_next": 0.0, "flow_direction_deg": 242.14367055716593 }, "geometry": { "type": "Point", "coordinates": [ 76.7382428, 30.7006309 ] } },
{ "type": "Feature", "properties": { "lon": 76.7376108, "lat": 30.7003437, "elevation": 316.0, "slope_to_next": 1.0, "flow_direction_deg": 306.64561708262175 }, "geometry": { "type": "Point", "coordinates": [ 76.7376108, 30.7003437 ] } },
{ "type": "Feature", "properties": { "lon": 76.7366132, "lat": 30.7009818, "elevation": 317.0, "slope_to_next": -4.0, "flow_direction_deg": 306.64352815931477 }, "geometry": { "type": "Point", "coordinates": [ 76.7366132, 30.7009818 ] } },
{ "type": "Feature", "properties": { "lon": 76.736015, "lat": 30.7013644, "elevation": 313.0, "slope_to_next": -1.0, "flow_direction_deg": 283.48986906684405 }, "geometry": { "type": "Point", "coordinates": [ 76.736015, 30.7013644 ] } },
{ "type": "Feature", "properties": { "lon": 76.7358395, "lat": 30.7014006, "elevation": 312.0, "slope_to_next": 4.0, "flow_direction_deg": 283.47499193869714 }, "geometry": { "type": "Point", "coordinates": [ 76.7358395, 30.7014006 ] } },
{ "type": "Feature", "properties": { "lon": 76.7347678, "lat": 30.7016214, "elevation": 316.0, "slope_to_next": 0.0, "flow_direction_deg": 264.96494489424208 }, "geometry": { "type": "Point", "coordinates": [ 76.7347678, 30.7016214 ] } },
{ "type": "Feature", "properties": { "lon": 76.7344114, "lat": 30.7015944, "elevation": 316.0, "slope_to_next": 1.0, "flow_direction_deg": 188.0915904453876 }, "geometry": { "type": "Point", "coordinates": [ 76.7344114, 30.7015944 ] } },
{ "type": "Feature", "properties": { "lon": 76.7342946, "lat": 30.700888, "elevation": 317.0, "slope_to_next": 0.0, "flow_direction_deg": 154.24159527896995 }, "geometry": { "type": "Point", "coordinates": [ 76.7342946, 30.700888 ] } },
{ "type": "Feature", "properties": { "lon": 76.7345377, "lat": 30.7004548, "elevation": 317.0, "slope_to_next": -2.0, "flow_direction_deg": 169.4403820543522 }, "geometry": { "type": "Point", "coordinates": [ 76.7345377, 30.7004548 ] } },
{ "type": "Feature", "properties": { "lon": 76.7346714, "lat": 30.6998381, "elevation": 315.0, "slope_to_next": 2.0, "flow_direction_deg": 132.90198750251648 }, "geometry": { "type": "Point", "coordinates": [ 76.7346714, 30.6998381 ] } },
{ "type": "Feature", "properties": { "lon": 76.7351308, "lat": 30.699471, "elevation": 317.0, "slope_to_next": -5.0, "flow_direction_deg": 130.42630183508186 }, "geometry": { "type": "Point", "coordinates": [ 76.7351308, 30.699471 ] } },
{ "type": "Feature", "properties": { "lon": 76.7365857, "lat": 30.6984053, "elevation": 312.0, "slope_to_next": 2.0, "flow_direction_deg": 149.66416031125709 }, "geometry": { "type": "Point", "coordinates": [ 76.7365857, 30.6984053 ] } },
{ "type": "Feature", "properties": { "lon": 76.7375154, "lat": 30.6970392, "elevation": 314.0, "slope_to_next": 0.0, "flow_direction_deg": 164.07504524630247 }, "geometry": { "type": "Point", "coordinates": [ 76.7375154, 30.6970392 ] } },
{ "type": "Feature", "properties": { "lon": 76.7377203, "lat": 30.6964217, "elevation": 314.0, "slope_to_next": 1.0, "flow_direction_deg": 180.70072224644301 }, "geometry": { "type": "Point", "coordinates": [ 76.7377203, 30.6964217 ] } },
{ "type": "Feature", "properties": { "lon": 76.7377063, "lat": 30.6954374, "elevation": 315.0, "slope_to_next": -2.0, "flow_direction_deg": 224.0101084560593 }, "geometry": { "type": "Point", "coordinates": [ 76.7377063, 30.6954374 ] } },
{ "type": "Feature", "properties": { "lon": 76.7370573, "lat": 30.6948597, "elevation": 313.0, "slope_to_next": -1.0, "flow_direction_deg": 211.27527614888837 }, "geometry": { "type": "Point", "coordinates": [ 76.7370573, 30.6948597 ] } },
{ "type": "Feature", "properties": { "lon": 76.7363671, "lat": 30.6938826, "elevation": 312.0, "slope_to_next": -2.0, "flow_direction_deg": 162.24614066736717 }, "geometry": { "type": "Point", "coordinates": [ 76.7363671, 30.6938826 ] } },
{ "type": "Feature", "properties": { "lon": 76.7365017, "lat": 30.6935211, "elevation": 310.0, "slope_to_next": -1.0, "flow_direction_deg": 194.67541302372203 }, "geometry": { "type": "Point", "coordinates": [ 76.7365017, 30.6935211 ] } },
{ "type": "Feature", "properties": { "lon": 76.7364756, "lat": 30.6934354, "elevation": 309.0, "slope_to_next": 0.0, "flow_direction_deg": 183.85320925805877 }, "geometry": { "type": "Point", "coordinates": [ 76.7364756, 30.6934354 ] } },
{ "type": "Feature", "properties": { "lon": 76.7364597, "lat": 30.6932324, "elevation": 309.0, "slope_to_next": 1.0, "flow_direction_deg": 171.96295151517631 }, "geometry": { "type": "Point", "coordinates": [ 76.7364597, 30.6932324 ] } },
{ "type": "Feature", "properties": { "lon": 76.7364908, "lat": 30.693043, "elevation": 310.0, "slope_to_next": 1.0, "flow_direction_deg": 172.44160049710376 }, "geometry": { "type": "Point", "coordinates": [ 76.7364908, 30.693043 ] } },
{ "type": "Feature", "properties": { "lon": 76.736527, "lat": 30.6928084, "elevation": 311.0, "slope_to_next": 1.0, "flow_direction_deg": 185.84297635895609 }, "geometry": { "type": "Point", "coordinates": [ 76.736527, 30.6928084 ] } },
{ "type": "Feature", "properties": { "lon": 76.7365007, "lat": 30.6925874, "elevation": 312.0, "slope_to_next": 2.0, "flow_direction_deg": 193.23931008005871 }, "geometry": { "type": "Point", "coordinates": [ 76.7365007, 30.6925874 ] } },
{ "type": "Feature", "properties": { "lon": 76.7364378, "lat": 30.6923575, "elevation": 314.0, "slope_to_next": 0.0, "flow_direction_deg": 211.52458550880175 }, "geometry": { "type": "Point", "coordinates": [ 76.7364378, 30.6923575 ] } },
{ "type": "Feature", "properties": { "lon": 76.7363542, "lat": 30.6922403, "elevation": 314.0, "slope_to_next": 0.0, "flow_direction_deg": 206.51930089344182 }, "geometry": { "type": "Point", "coordinates": [ 76.7363542, 30.6922403 ] } },
{ "type": "Feature", "properties": { "lon": 76.7362653, "lat": 30.6920871, "elevation": 314.0, "slope_to_next": 0.0, "flow_direction_deg": 203.57262909461681 }, "geometry": { "type": "Point", "coordinates": [ 76.7362653, 30.6920871 ] } },
{ "type": "Feature", "properties": { "lon": 76.7361555, "lat": 30.6918707, "elevation": 314.0, "slope_to_next": -4.0, "flow_direction_deg": 199.8404236138461 }, "geometry": { "type": "Point", "coordinates": [ 76.7361555, 30.6918707 ] } },
{ "type": "Feature", "properties": { "lon": 76.7360874, "lat": 30.6917084, "elevation": 310.0, "slope_to_next": 0.0, "flow_direction_deg": 214.13520092268161 }, "geometry": { "type": "Point", "coordinates": [ 76.7360874, 30.6917084 ] } },
{ "type": "Feature", "properties": { "lon": 76.7359097, "lat": 30.691483, "elevation": 310.0, "slope_to_next": 1.0, "flow_direction_deg": 231.15619197301004 }, "geometry": { "type": "Point", "coordinates": [ 76.7359097, 30.691483 ] } },
{ "type": "Feature", "properties": { "lon": 76.735565, "lat": 30.6912443, "elevation": 311.0, "slope_to_next": 0.0, "flow_direction_deg": 196.66535093941073 }, "geometry": { "type": "Point", "coordinates": [ 76.735565, 30.6912443 ] } },
{ "type": "Feature", "properties": { "lon": 76.7355179, "lat": 30.691109, "elevation": 311.0, "slope_to_next": 1.0, "flow_direction_deg": 190.31727237195227 }, "geometry": { "type": "Point", "coordinates": [ 76.7355179, 30.691109 ] } },
{ "type": "Feature", "properties": { "lon": 76.7354864, "lat": 30.6909602, "elevation": 312.0, "slope_to_next": 0.0, "flow_direction_deg": 189.71432172854307 }, "geometry": { "type": "Point", "coordinates": [ 76.7354864, 30.6909602 ] } },
{ "type": "Feature", "properties": { "lon": 76.7354778, "lat": 30.690917, "elevation": 312.0, "slope_to_next": -1.0, "flow_direction_deg": 256.59579950156069 }, "geometry": { "type": "Point", "coordinates": [ 76.7354778, 30.690917 ] } },
{ "type": "Feature", "properties": { "lon": 76.7351494, "lat": 30.6908497, "elevation": 311.0, "slope_to_next": 1.0, "flow_direction_deg": 197.12532435690693 }, "geometry": { "type": "Point", "coordinates": [ 76.7351494, 30.6908497 ] } },
{ "type": "Feature", "properties": { "lon": 76.7348529, "lat": 30.6900222, "elevation": 312.0, "slope_to_next": -2.0, "flow_direction_deg": 175.95302270328978 }, "geometry": { "type": "Point", "coordinates": [ 76.7348529, 30.6900222 ] } },
{ "type": "Feature", "properties": { "lon": 76.7349137, "lat": 30.6892832, "elevation": 310.0, "slope_to_next": 2.0, "flow_direction_deg": 209.02724858570741 }, "geometry": { "type": "Point", "coordinates": [ 76.7349137, 30.6892832 ] } },
{ "type": "Feature", "properties": { "lon": 76.7344405, "lat": 30.6885499, "elevation": 312.0, "slope_to_next": 0.0, "flow_direction_deg": 215.26134724264858 }, "geometry": { "type": "Point", "coordinates": [ 76.7344405, 30.6885499 ] } },
{ "type": "Feature", "properties": { "lon": 76.7339278, "lat": 30.6879263, "elevation": 312.0, "slope_to_next": -3.0, "flow_direction_deg": 222.08261631443821 }, "geometry": { "type": "Point", "coordinates": [ 76.7339278, 30.6879263 ] } },
{ "type": "Feature", "properties": { "lon": 76.7331223, "lat": 30.6871592, "elevation": 309.0, "slope_to_next": 2.0, "flow_direction_deg": 211.81121284320938 }, "geometry": { "type": "Point", "coordinates": [ 76.7331223, 30.6871592 ] } },
{ "type": "Feature", "properties": { "lon": 76.7327403, "lat": 30.6866296, "elevation": 311.0, "slope_to_next": -4.0, "flow_direction_deg": 165.88863625289264 }, "geometry": { "type": "Point", "coordinates": [ 76.7327403, 30.6866296 ] } },
{ "type": "Feature", "properties": { "lon": 76.7328862, "lat": 30.6861305, "elevation": 307.0, "slope_to_next": -1.0, "flow_direction_deg": 183.72497478138476 }, "geometry": { "type": "Point", "coordinates": [ 76.7328862, 30.6861305 ] } },
{ "type": "Feature", "properties": { "lon": 76.7328556, "lat": 30.6857263, "elevation": 306.0, "slope_to_next": 4.0, "flow_direction_deg": 192.88954908750409 }, "geometry": { "type": "Point", "coordinates": [ 76.7328556, 30.6857263 ] } },
{ "type": "Feature", "properties": { "lon": 76.732756, "lat": 30.685352, "elevation": 310.0, "slope_to_next": -3.0, "flow_direction_deg": 172.1397049849877 }, "geometry": { "type": "Point", "coordinates": [ 76.732756, 30.685352 ] } },
{ "type": "Feature", "properties": { "lon": 76.7327922, "lat": 30.6851265, "elevation": 307.0, "slope_to_next": -5.0, "flow_direction_deg": 155.37854927073067 }, "geometry": { "type": "Point", "coordinates": [ 76.7327922, 30.6851265 ] } },
{ "type": "Feature", "properties": { "lon": 76.7329485, "lat": 30.6848332, "elevation": 302.0, "slope_to_next": 0.0, "flow_direction_deg": 151.95450045289493 }, "geometry": { "type": "Point", "coordinates": [ 76.7329485, 30.6848332 ] } },
{ "type": "Feature", "properties": { "lon": 76.7330631, "lat": 30.6846482, "elevation": 302.0, "slope_to_next": 2.0, "flow_direction_deg": 140.14230959670886 }, "geometry": { "type": "Point", "coordinates": [ 76.7330631, 30.6846482 ] } },
{ "type": "Feature", "properties": { "lon": 76.7332559, "lat": 30.6844496, "elevation": 304.0, "slope_to_next": 0.0, "flow_direction_deg": 131.25521240762083 }, "geometry": { "type": "Point", "coordinates": [ 76.7332559, 30.6844496 ] } },
{ "type": "Feature", "properties": { "lon": 76.7334175, "lat": 30.6843277, "elevation": 304.0, "slope_to_next": 2.0, "flow_direction_deg": 126.43496398305979 }, "geometry": { "type": "Point", "coordinates": [ 76.7334175, 30.6843277 ] } },
{ "type": "Feature", "properties": { "lon": 76.7336522, "lat": 30.6841787, "elevation": 306.0, "slope_to_next": 1.0, "flow_direction_deg": 112.57074237538615 }, "geometry": { "type": "Point", "coordinates": [ 76.7336522, 30.6841787 ] } },
{ "type": "Feature", "properties": { "lon": 76.7337627, "lat": 30.6841392, "elevation": 307.0, "slope_to_next": 0.0, "flow_direction_deg": 165.5185259728388 }, "geometry": { "type": "Point", "coordinates": [ 76.7337627, 30.6841392 ] } },
{ "type": "Feature", "properties": { "lon": 76.7339425, "lat": 30.6835405, "elevation": 307.0, "slope_to_next": 0.0, "flow_direction_deg": 156.08749310583858 }, "geometry": { "type": "Point", "coordinates": [ 76.7339425, 30.6835405 ] } },
{ "type": "Feature", "properties": { "lon": 76.7342718, "lat": 30.6829018, "elevation": 307.0, "slope_to_next": 0.0, "flow_direction_deg": 219.88750320414545 }, "geometry": { "type": "Point", "coordinates": [ 76.7342718, 30.6829018 ] } },
{ "type": "Feature", "properties": { "lon": 76.7341098, "lat": 30.6827351, "elevation": 307.0, "slope_to_next": -4.0, "flow_direction_deg": 221.28898185175993 }, "geometry": { "type": "Point", "coordinates": [ 76.7341098, 30.6827351 ] } },
{ "type": "Feature", "properties": { "lon": 76.7339165, "lat": 30.6825458, "elevation": 303.0, "slope_to_next": 1.0, "flow_direction_deg": 203.01117808128026 }, "geometry": { "type": "Point", "coordinates": [ 76.7339165, 30.6825458 ] } },
{ "type": "Feature", "properties": { "lon": 76.7337963, "lat": 30.6823024, "elevation": 304.0, "slope_to_next": 0.0, "flow_direction_deg": 188.88928936822577 }, "geometry": { "type": "Point", "coordinates": [ 76.7337963, 30.6823024 ] } },
{ "type": "Feature", "properties": { "lon": 76.7337594, "lat": 30.6820995, "elevation": 304.0, "slope_to_next": 3.0, "flow_direction_deg": 196.81883866637787 }, "geometry": { "type": "Point", "coordinates": [ 76.7337594, 30.6820995 ] } },
{ "type": "Feature", "properties": { "lon": 76.7336548, "lat": 30.6818019, "elevation": 307.0, "slope_to_next": 2.0, "flow_direction_deg": 200.26671307688409 }, "geometry": { "type": "Point", "coordinates": [ 76.7336548, 30.6818019 ] } },
{ "type": "Feature", "properties": { "lon": 76.7335135, "lat": 30.6814728, "elevation": 309.0, "slope_to_next": 3.0, "flow_direction_deg": 205.24606980099838 }, "geometry": { "type": "Point", "coordinates": [ 76.7335135, 30.6814728 ] } },
{ "type": "Feature", "properties": { "lon": 76.7332416, "lat": 30.6809769, "elevation": 312.0, "slope_to_next": -2.0, "flow_direction_deg": 198.97695022405176 }, "geometry": { "type": "Point", "coordinates": [ 76.7332416, 30.6809769 ] } },
{ "type": "Feature", "properties": { "lon": 76.7331893, "lat": 30.6808461, "elevation": 310.0, "slope_to_next": 0.0, "flow_direction_deg": 198.40971949435041 }, "geometry": { "type": "Point", "coordinates": [ 76.7331893, 30.6808461 ] } },
{ "type": "Feature", "properties": { "lon": 76.7331422, "lat": 30.6807244, "elevation": 310.0, "slope_to_next": -4.0, "flow_direction_deg": 199.76969780108786 }, "geometry": { "type": "Point", "coordinates": [ 76.7331422, 30.6807244 ] } },
{ "type": "Feature", "properties": { "lon": 76.7330951, "lat": 30.6806117, "elevation": 306.0, "slope_to_next": 0.0, "flow_direction_deg": 193.38394232823742 }, "geometry": { "type": "Point", "coordinates": [ 76.7330951, 30.6806117 ] } },
{ "type": "Feature", "properties": { "lon": 76.7330689, "lat": 30.680517, "elevation": 306.0, "slope_to_next": 0.0, "flow_direction_deg": 216.18664564195464 }, "geometry": { "type": "Point", "coordinates": [ 76.7330689, 30.680517 ] } },
{ "type": "Feature", "properties": { "lon": 76.7330114, "lat": 30.6804494, "elevation": 306.0, "slope_to_next": 2.0, "flow_direction_deg": 192.97544246049171 }, "geometry": { "type": "Point", "coordinates": [ 76.7330114, 30.6804494 ] } },
{ "type": "Feature", "properties": { "lon": 76.7329957, "lat": 30.6803908, "elevation": 308.0, "slope_to_next": 0.0, "flow_direction_deg": 213.0573684373137 }, "geometry": { "type": "Point", "coordinates": [ 76.7329957, 30.6803908 ] } },
{ "type": "Feature", "properties": { "lon": 76.7329173, "lat": 30.6802872, "elevation": 308.0, "slope_to_next": 0.0, "flow_direction_deg": 197.71665868047597 }, "geometry": { "type": "Point", "coordinates": [ 76.7329173, 30.6802872 ] } },
{ "type": "Feature", "properties": { "lon": 76.7328754, "lat": 30.6801744, "elevation": 308.0, "slope_to_next": 1.0, "flow_direction_deg": 199.23745174222532 }, "geometry": { "type": "Point", "coordinates": [ 76.7328754, 30.6801744 ] } },
{ "type": "Feature", "properties": { "lon": 76.7328388, "lat": 30.6800842, "elevation": 309.0, "slope_to_next": 0.0, "flow_direction_deg": 209.68401902067217 }, "geometry": { "type": "Point", "coordinates": [ 76.7328388, 30.6800842 ] } },
{ "type": "Feature", "properties": { "lon": 76.7327761, "lat": 30.6799896, "elevation": 309.0, "slope_to_next": 0.0, "flow_direction_deg": 203.72811842294331 }, "geometry": { "type": "Point", "coordinates": [ 76.7327761, 30.6799896 ] } },
{ "type": "Feature", "properties": { "lon": 76.7327185, "lat": 30.6798769, "elevation": 309.0, "slope_to_next": 2.0, "flow_direction_deg": 215.71580870122 }, "geometry": { "type": "Point", "coordinates": [ 76.7327185, 30.6798769 ] } },
{ "type": "Feature", "properties": { "lon": 76.7326507, "lat": 30.6797958, "elevation": 311.0, "slope_to_next": -2.0, "flow_direction_deg": 220.78019425968222 }, "geometry": { "type": "Point", "coordinates": [ 76.7326507, 30.6797958 ] } },
{ "type": "Feature", "properties": { "lon": 76.7325828, "lat": 30.6797281, "elevation": 309.0, "slope_to_next": 0.0, "flow_direction_deg": 243.42627640784656 }, "geometry": { "type": "Point", "coordinates": [ 76.7325828, 30.6797281 ] } },
{ "type": "Feature", "properties": { "lon": 76.7324052, "lat": 30.6796517, "elevation": 309.0, "slope_to_next": 1.0, "flow_direction_deg": 243.34679091410169 }, "geometry": { "type": "Point", "coordinates": [ 76.7324052, 30.6796517 ] } },
{ "type": "Feature", "properties": { "lon": 76.7322486, "lat": 30.6795841, "elevation": 310.0, "slope_to_next": 1.0, "flow_direction_deg": 254.97546722578502 }, "geometry": { "type": "Point", "coordinates": [ 76.7322486, 30.6795841 ] } },
{ "type": "Feature", "properties": { "lon": 76.7320346, "lat": 30.6795347, "elevation": 311.0, "slope_to_next": 0.0, "flow_direction_deg": 249.17279674958598 }, "geometry": { "type": "Point", "coordinates": [ 76.7320346, 30.6795347 ] } },
{ "type": "Feature", "properties": { "lon": 76.7318833, "lat": 30.6794852, "elevation": 311.0, "slope_to_next": -1.0, "flow_direction_deg": 240.22048132742776 }, "geometry": { "type": "Point", "coordinates": [ 76.7318833, 30.6794852 ] } },
{ "type": "Feature", "properties": { "lon": 76.731737, "lat": 30.6794132, "elevation": 310.0, "slope_to_next": -1.0, "flow_direction_deg": 240.16948433481284 }, "geometry": { "type": "Point", "coordinates": [ 76.731737, 30.6794132 ] } },
{ "type": "Feature", "properties": { "lon": 76.7315178, "lat": 30.6793051, "elevation": 309.0, "slope_to_next": 0.0, "flow_direction_deg": 232.50084451555864 }, "geometry": { "type": "Point", "coordinates": [ 76.7315178, 30.6793051 ] } },
{ "type": "Feature", "properties": { "lon": 76.731429, "lat": 30.6792465, "elevation": 309.0, "slope_to_next": -3.0, "flow_direction_deg": 229.66176748608228 }, "geometry": { "type": "Point", "coordinates": [ 76.731429, 30.6792465 ] } },
{ "type": "Feature", "properties": { "lon": 76.7312254, "lat": 30.6790978, "elevation": 306.0, "slope_to_next": 2.0, "flow_direction_deg": 221.11858488546264 }, "geometry": { "type": "Point", "coordinates": [ 76.7312254, 30.6790978 ] } },
{ "type": "Feature", "properties": { "lon": 76.7310425, "lat": 30.6789176, "elevation": 308.0, "slope_to_next": -2.0, "flow_direction_deg": 212.29291082556765 }, "geometry": { "type": "Point", "coordinates": [ 76.7310425, 30.6789176 ] } },
{ "type": "Feature", "properties": { "lon": 76.7309067, "lat": 30.6787328, "elevation": 306.0, "slope_to_next": 0.0, "flow_direction_deg": 207.04704947684291 }, "geometry": { "type": "Point", "coordinates": [ 76.7309067, 30.6787328 ] } },
{ "type": "Feature", "properties": { "lon": 76.7308712, "lat": 30.678673, "elevation": 306.0, "slope_to_next": -1.0, "flow_direction_deg": 244.56675978652592 }, "geometry": { "type": "Point", "coordinates": [ 76.7308712, 30.678673 ] } },
{ "type": "Feature", "properties": { "lon": 76.7305976, "lat": 30.6785611, "elevation": 305.0, "slope_to_next": 0.0, "flow_direction_deg": 216.21879031462271 }, "geometry": { "type": "Point", "coordinates": [ 76.7305976, 30.6785611 ] } },
{ "type": "Feature", "properties": { "lon": 76.7294032, "lat": 30.6771585, "elevation": 305.0, "slope_to_next": 0.0, "flow_direction_deg": 214.64083765845118 }, "geometry": { "type": "Point", "coordinates": [ 76.7294032, 30.6771585 ] } },
{ "type": "Feature", "properties": { "lon": 76.72857, "lat": 30.6761213, "elevation": 305.0, "slope_to_next": -3.0, "flow_direction_deg": 232.45326351630553 }, "geometry": { "type": "Point", "coordinates": [ 76.72857, 30.6761213 ] } },
{ "type": "Feature", "properties": { "lon": 76.7267377, "lat": 30.67491, "elevation": 302.0, "slope_to_next": 1.0, "flow_direction_deg": 243.23007397358458 }, "geometry": { "type": "Point", "coordinates": [ 76.7267377, 30.67491 ] } },
{ "type": "Feature", "properties": { "lon": 76.7256992, "lat": 30.6744594, "elevation": 303.0, "slope_to_next": 2.0, "flow_direction_deg": 218.52922179648843 }, "geometry": { "type": "Point", "coordinates": [ 76.7256992, 30.6744594 ] } },
{ "type": "Feature", "properties": { "lon": 76.7245427, "lat": 30.6732102, "elevation": 305.0, "slope_to_next": 0.0, "flow_direction_deg": 212.57015410839352 }, "geometry": { "type": "Point", "coordinates": [ 76.7245427, 30.6732102 ] } },
{ "type": "Feature", "properties": { "lon": 76.7239986, "lat": 30.6724776, "elevation": 305.0, "slope_to_next": 1.0, "flow_direction_deg": 236.87262678972343 }, "geometry": { "type": "Point", "coordinates": [ 76.7239986, 30.6724776 ] } },
{ "type": "Feature", "properties": { "lon": 76.7227071, "lat": 30.6717527, "elevation": 306.0, "slope_to_next": -1.0, "flow_direction_deg": 213.51389047205444 }, "geometry": { "type": "Point", "coordinates": [ 76.7227071, 30.6717527 ] } },
{ "type": "Feature", "properties": { "lon": 76.7222737, "lat": 30.6711898, "elevation": 305.0, "slope_to_next": 0.0, "flow_direction_deg": 225.9553653982652 }, "geometry": { "type": "Point", "coordinates": [ 76.7222737, 30.6711898 ] } },
{ "type": "Feature", "properties": { "lon": 76.721517, "lat": 30.6705603, "elevation": 305.0, "slope_to_next": -1.0, "flow_direction_deg": 225.95387141045285 }, "geometry": { "type": "Point", "coordinates": [ 76.721517, 30.6705603 ] } },
{ "type": "Feature", "properties": { "lon": 76.7210118, "lat": 30.67014, "elevation": 304.0, "slope_to_next": -2.0, "flow_direction_deg": 180.691713068913 }, "geometry": { "type": "Point", "coordinates": [ 76.7210118, 30.67014 ] } },
{ "type": "Feature", "properties": { "lon": 76.7210023, "lat": 30.6694632, "elevation": 302.0, "slope_to_next": 0.0, "flow_direction_deg": 169.85649702007629 }, "geometry": { "type": "Point", "coordinates": [ 76.7210023, 30.6694632 ] } },
{ "type": "Feature", "properties": { "lon": 76.7211182, "lat": 30.668906, "elevation": 302.0, "slope_to_next": -41.0, "flow_direction_deg": 191.90597046467488 }, "geometry": { "type": "Point", "coordinates": [ 76.7211182, 30.668906 ] } },
{ "type": "Feature", "properties": { "lon": 76.6414754, "lat": 30.3428862, "elevation": 261.0, "slope_to_next": 2.0, "flow_direction_deg": 184.48059310681302 }, "geometry": { "type": "Point", "coordinates": [ 76.6414754, 30.3428862 ] } },
{ "type": "Feature", "properties": { "lon": 76.6412988, "lat": 30.3409412, "elevation": 263.0, "slope_to_next": -1.0, "flow_direction_deg": 194.61510559901711 }, "geometry": { "type": "Point", "coordinates": [ 76.6412988, 30.3409412 ] } },
{ "type": "Feature", "properties": { "lon": 76.6410111, "lat": 30.339989, "elevation": 262.0, "slope_to_next": 5.0, "flow_direction_deg": 227.79854979573784 }, "geometry": { "type": "Point", "coordinates": [ 76.6410111, 30.339989 ] } },
{ "type": "Feature", "properties": { "lon": 76.6401072, "lat": 30.3392816, "elevation": 267.0, "slope_to_next": -4.0, "flow_direction_deg": 228.8774304283489 }, "geometry": { "type": "Point", "coordinates": [ 76.6401072, 30.3392816 ] } },
{ "type": "Feature", "properties": { "lon": 76.6388561, "lat": 30.3383389, "elevation": 263.0, "slope_to_next": 0.0, "flow_direction_deg": 213.25447192039655 }, "geometry": { "type": "Point", "coordinates": [ 76.6388561, 30.3383389 ] } },
{ "type": "Feature", "properties": { "lon": 76.6350751, "lat": 30.3333622, "elevation": 263.0, "slope_to_next": -1.0, "flow_direction_deg": 211.70569161684634 }, "geometry": { "type": "Point", "coordinates": [ 76.6350751, 30.3333622 ] } },
{ "type": "Feature", "properties": { "lon": 76.6334631, "lat": 30.3311099, "elevation": 262.0, "slope_to_next": 2.0, "flow_direction_deg": 201.91779444156577 }, "geometry": { "type": "Point", "coordinates": [ 76.6334631, 30.3311099 ] } },
{ "type": "Feature", "properties": { "lon": 76.632826, "lat": 30.3297432, "elevation": 264.0, "slope_to_next": -3.0, "flow_direction_deg": 182.00233707491827 }, "geometry": { "type": "Point", "coordinates": [ 76.632826, 30.3297432 ] } },
{ "type": "Feature", "properties": { "lon": 76.6327245, "lat": 30.3272373, "elevation": 261.0, "slope_to_next": -3.0, "flow_direction_deg": 172.96073516034357 }, "geometry": { "type": "Point", "coordinates": [ 76.6327245, 30.3272373 ] } },
{ "type": "Feature", "properties": { "lon": 76.633229, "lat": 30.3237106, "elevation": 258.0, "slope_to_next": 2.0, "flow_direction_deg": 180.64636826103785 }, "geometry": { "type": "Point", "coordinates": [ 76.633229, 30.3237106 ] } },
{ "type": "Feature", "properties": { "lon": 76.6332134, "lat": 30.322517, "elevation": 260.0, "slope_to_next": -1.0, "flow_direction_deg": 218.38320611751959 }, "geometry": { "type": "Point", "coordinates": [ 76.6332134, 30.322517 ] } },
{ "type": "Feature", "properties": { "lon": 76.6322363, "lat": 30.3214522, "elevation": 259.0, "slope_to_next": 1.0, "flow_direction_deg": 227.05222677817761 }, "geometry": { "type": "Point", "coordinates": [ 76.6322363, 30.3214522 ] } },
{ "type": "Feature", "properties": { "lon": 76.6309152, "lat": 30.3203907, "elevation": 260.0, "slope_to_next": 0.0, "flow_direction_deg": 224.22968490291558 }, "geometry": { "type": "Point", "coordinates": [ 76.6309152, 30.3203907 ] } },
{ "type": "Feature", "properties": { "lon": 76.6293839, "lat": 30.3190328, "elevation": 260.0, "slope_to_next": 3.0, "flow_direction_deg": 213.69132892324532 }, "geometry": { "type": "Point", "coordinates": [ 76.6293839, 30.3190328 ] } },
{ "type": "Feature", "properties": { "lon": 76.6281943, "lat": 30.3174925, "elevation": 263.0, "slope_to_next": -4.0, "flow_direction_deg": 183.49096813077759 }, "geometry": { "type": "Point", "coordinates": [ 76.6281943, 30.3174925 ] } },
{ "type": "Feature", "properties": { "lon": 76.62811, "lat": 30.3162996, "elevation": 259.0, "slope_to_next": 3.0, "flow_direction_deg": 167.21081376950178 }, "geometry": { "type": "Point", "coordinates": [ 76.62811, 30.3162996 ] } },
{ "type": "Feature", "properties": { "lon": 76.6285034, "lat": 30.3148035, "elevation": 262.0, "slope_to_next": 0.0, "flow_direction_deg": 173.4338860406142 }, "geometry": { "type": "Point", "coordinates": [ 76.6285034, 30.3148035 ] } },
{ "type": "Feature", "properties": { "lon": 76.6294437, "lat": 30.3077509, "elevation": 262.0, "slope_to_next": -4.0, "flow_direction_deg": 197.91781999528615 }, "geometry": { "type": "Point", "coordinates": [ 76.6294437, 30.3077509 ] } },
{ "type": "Feature", "properties": { "lon": 76.628731, "lat": 30.3058479, "elevation": 258.0, "slope_to_next": 3.0, "flow_direction_deg": 240.2593798322365 }, "geometry": { "type": "Point", "coordinates": [ 76.628731, 30.3058479 ] } },
{ "type": "Feature", "properties": { "lon": 76.6279002, "lat": 30.3054381, "elevation": 261.0, "slope_to_next": null, "flow_direction_deg": null }, "geometry": { "type": "Point", "coordinates": [ 76.6279002, 30.3054381 ] } },
{ "type": "Feature", "properties": { "lon": 76.6267293, "lat": 30.3053302, "elevation": null, "slope_to_next": null, "flow_direction_deg": null }, "geometry": { "type": "Point", "coordinates": [ 76.6267293, 30.3053302 ] } },
{ "type": "Feature", "properties": { "lon": 76.6790587, "lat": 30.5430908, "elevation": 281.0, "slope_to_next": -3.0, "flow_direction_deg": 293.21308210608873 }, "geometry": { "type": "Point", "coordinates": [ 76.6790587, 30.5430908 ] } },
{ "type": "Feature", "properties": { "lon": 76.6784425, "lat": 30.5433184, "elevation": 278.0, "slope_to_next": 1.0, "flow_direction_deg": 286.69595914653513 }, "geometry": { "type": "Point", "coordinates": [ 76.6784425, 30.5433184 ] } },
{ "type": "Feature", "properties": { "lon": 76.6773601, "lat": 30.543598, "elevation": 279.0, "slope_to_next": 0.0, "flow_direction_deg": 323.62342285078631 }, "geometry": { "type": "Point", "coordinates": [ 76.6773601, 30.543598 ] } },
{ "type": "Feature", "properties": { "lon": 76.67652, "lat": 30.5445802, "elevation": 279.0, "slope_to_next": -3.0, "flow_direction_deg": 317.9319066840427 }, "geometry": { "type": "Point", "coordinates": [ 76.67652, 30.5445802 ] } },
{ "type": "Feature", "properties": { "lon": 76.6760221, "lat": 30.5450553, "elevation": 276.0, "slope_to_next": 1.0, "flow_direction_deg": 299.85039348503983 }, "geometry": { "type": "Point", "coordinates": [ 76.6760221, 30.5450553 ] } },
{ "type": "Feature", "properties": { "lon": 76.6753285, "lat": 30.5453981, "elevation": 277.0, "slope_to_next": -1.0, "flow_direction_deg": 259.31160336756005 }, "geometry": { "type": "Point", "coordinates": [ 76.6753285, 30.5453981 ] } },
{ "type": "Feature", "properties": { "lon": 76.6749397, "lat": 30.5453349, "elevation": 276.0, "slope_to_next": 3.0, "flow_direction_deg": 197.44412148325304 }, "geometry": { "type": "Point", "coordinates": [ 76.6749397, 30.5453349 ] } },
{ "type": "Feature", "properties": { "lon": 76.6745369, "lat": 30.5442309, "elevation": 279.0, "slope_to_next": -2.0, "flow_direction_deg": 196.94104681757108 }, "geometry": { "type": "Point", "coordinates": [ 76.6745369, 30.5442309 ] } },
{ "type": "Feature", "properties": { "lon": 76.6742275, "lat": 30.5433561, "elevation": 277.0, "slope_to_next": 1.0, "flow_direction_deg": 181.60667604977553 }, "geometry": { "type": "Point", "coordinates": [ 76.6742275, 30.5433561 ] } },
{ "type": "Feature", "properties": { "lon": 76.6742058, "lat": 30.5426898, "elevation": 278.0, "slope_to_next": 0.0, "flow_direction_deg": 250.35013479280929 }, "geometry": { "type": "Point", "coordinates": [ 76.6742058, 30.5426898 ] } },
{ "type": "Feature", "properties": { "lon": 76.6734657, "lat": 30.5424622, "elevation": 278.0, "slope_to_next": 2.0, "flow_direction_deg": 255.34454404170955 }, "geometry": { "type": "Point", "coordinates": [ 76.6734657, 30.5424622 ] } },
{ "type": "Feature", "properties": { "lon": 76.6726097, "lat": 30.5422694, "elevation": 280.0, "slope_to_next": 2.0, "flow_direction_deg": 264.3149999174189 }, "geometry": { "type": "Point", "coordinates": [ 76.6726097, 30.5422694 ] } },
{ "type": "Feature", "properties": { "lon": 76.6722528, "lat": 30.5422388, "elevation": 282.0, "slope_to_next": -6.0, "flow_direction_deg": 264.29649827138417 }, "geometry": { "type": "Point", "coordinates": [ 76.6722528, 30.5422388 ] } },
{ "type": "Feature", "properties": { "lon": 76.6705126, "lat": 30.5420891, "elevation": 276.0, "slope_to_next": 1.0, "flow_direction_deg": 276.64689475577597 }, "geometry": { "type": "Point", "coordinates": [ 76.6705126, 30.5420891 ] } },
{ "type": "Feature", "properties": { "lon": 76.6695999, "lat": 30.5421807, "elevation": 277.0, "slope_to_next": 1.0, "flow_direction_deg": 289.39801691603873 }, "geometry": { "type": "Point", "coordinates": [ 76.6695999, 30.5421807 ] } },
{ "type": "Feature", "properties": { "lon": 76.6689648, "lat": 30.5423733, "elevation": 278.0, "slope_to_next": 1.0, "flow_direction_deg": 257.61768818957268 }, "geometry": { "type": "Point", "coordinates": [ 76.6689648, 30.5423733 ] } },
{ "type": "Feature", "properties": { "lon": 76.6684592, "lat": 30.5422777, "elevation": 279.0, "slope_to_next": -2.0, "flow_direction_deg": 222.03077941746662 }, "geometry": { "type": "Point", "coordinates": [ 76.6684592, 30.5422777 ] } },
{ "type": "Feature", "properties": { "lon": 76.6645299, "lat": 30.5385231, "elevation": 277.0, "slope_to_next": 3.0, "flow_direction_deg": 240.09974564129294 }, "geometry": { "type": "Point", "coordinates": [ 76.6645299, 30.5385231 ] } },
{ "type": "Feature", "properties": { "lon": 76.6637049, "lat": 30.5381145, "elevation": 280.0, "slope_to_next": -3.0, "flow_direction_deg": 298.56683215011844 }, "geometry": { "type": "Point", "coordinates": [ 76.6637049, 30.5381145 ] } },
{ "type": "Feature", "properties": { "lon": 76.6630159, "lat": 30.5384376, "elevation": 277.0, "slope_to_next": 0.0, "flow_direction_deg": 231.11981907181016 }, "geometry": { "type": "Point", "coordinates": [ 76.6630159, 30.5384376 ] } },
{ "type": "Feature", "properties": { "lon": 76.6619197, "lat": 30.5376763, "elevation": 277.0, "slope_to_next": 2.0, "flow_direction_deg": 230.29056979191361 }, "geometry": { "type": "Point", "coordinates": [ 76.6619197, 30.5376763 ] } },
{ "type": "Feature", "properties": { "lon": 76.6609014, "lat": 30.5369479, "elevation": 279.0, "slope_to_next": 0.0, "flow_direction_deg": 230.85436159840739 }, "geometry": { "type": "Point", "coordinates": [ 76.6609014, 30.5369479 ] } },
{ "type": "Feature", "properties": { "lon": 76.6592961, "lat": 30.5358224, "elevation": 279.0, "slope_to_next": -1.0, "flow_direction_deg": 228.53145787869187 }, "geometry": { "type": "Point", "coordinates": [ 76.6592961, 30.5358224 ] } },
{ "type": "Feature", "properties": { "lon": 76.6577287, "lat": 30.5346293, "elevation": 278.0, "slope_to_next": -2.0, "flow_direction_deg": 243.29221310476333 }, "geometry": { "type": "Point", "coordinates": [ 76.6577287, 30.5346293 ] } },
{ "type": "Feature", "properties": { "lon": 76.6564413, "lat": 30.5340714, "elevation": 276.0, "slope_to_next": 0.0, "flow_direction_deg": 277.27706133618472 }, "geometry": { "type": "Point", "coordinates": [ 76.6564413, 30.5340714 ] } },
{ "type": "Feature", "properties": { "lon": 76.6544273, "lat": 30.5342929, "elevation": 276.0, "slope_to_next": 4.0, "flow_direction_deg": 268.75356598239193 }, "geometry": { "type": "Point", "coordinates": [ 76.6544273, 30.5342929 ] } },
{ "type": "Feature", "properties": { "lon": 76.6522565, "lat": 30.5342522, "elevation": 280.0, "slope_to_next": -3.0, "flow_direction_deg": 291.87614869951727 }, "geometry": { "type": "Point", "coordinates": [ 76.6522565, 30.5342522 ] } },
{ "type": "Feature", "properties": { "lon": 76.6506716, "lat": 30.5348003, "elevation": 277.0, "slope_to_next": 3.0, "flow_direction_deg": 278.29125450990205 }, "geometry": { "type": "Point", "coordinates": [ 76.6506716, 30.5348003 ] } },
{ "type": "Feature", "properties": { "lon": 76.6500908, "lat": 30.5348732, "elevation": 280.0, "slope_to_next": -1.0, "flow_direction_deg": 292.91469533880883 }, "geometry": { "type": "Point", "coordinates": [ 76.6500908, 30.5348732 ] } },
{ "type": "Feature", "properties": { "lon": 76.6494536, "lat": 30.5351052, "elevation": 279.0, "slope_to_next": -1.0, "flow_direction_deg": 294.18033596582677 }, "geometry": { "type": "Point", "coordinates": [ 76.6494536, 30.5351052 ] } },
{ "type": "Feature", "properties": { "lon": 76.6488943, "lat": 30.5353215, "elevation": 278.0, "slope_to_next": -2.0, "flow_direction_deg": 320.11277466765318 }, "geometry": { "type": "Point", "coordinates": [ 76.6488943, 30.5353215 ] } },
{ "type": "Feature", "properties": { "lon": 76.6484169, "lat": 30.5358135, "elevation": 276.0, "slope_to_next": 0.0, "flow_direction_deg": 332.71423149984474 }, "geometry": { "type": "Point", "coordinates": [ 76.6484169, 30.5358135 ] } },
{ "type": "Feature", "properties": { "lon": 76.6482452, "lat": 30.5361002, "elevation": 276.0, "slope_to_next": -1.0, "flow_direction_deg": 286.99435444560032 }, "geometry": { "type": "Point", "coordinates": [ 76.6482452, 30.5361002 ] } },
{ "type": "Feature", "properties": { "lon": 76.6473175, "lat": 30.5363444, "elevation": 275.0, "slope_to_next": 0.0, "flow_direction_deg": 267.63766779326045 }, "geometry": { "type": "Point", "coordinates": [ 76.6473175, 30.5363444 ] } },
{ "type": "Feature", "properties": { "lon": 76.6465802, "lat": 30.5363182, "elevation": 275.0, "slope_to_next": 1.0, "flow_direction_deg": 262.48506414642134 }, "geometry": { "type": "Point", "coordinates": [ 76.6465802, 30.5363182 ] } },
{ "type": "Feature", "properties": { "lon": 76.6460363, "lat": 30.5362564, "elevation": 276.0, "slope_to_next": 1.0, "flow_direction_deg": 217.37825536573757 }, "geometry": { "type": "Point", "coordinates": [ 76.6460363, 30.5362564 ] } },
{ "type": "Feature", "properties": { "lon": 76.6458001, "lat": 30.5359901, "elevation": 277.0, "slope_to_next": 0.0, "flow_direction_deg": 199.29236218947005 }, "geometry": { "type": "Point", "coordinates": [ 76.6458001, 30.5359901 ] } },
{ "type": "Feature", "properties": { "lon": 76.6455667, "lat": 30.5354158, "elevation": 277.0, "slope_to_next": 0.0, "flow_direction_deg": 189.77401943471182 }, "geometry": { "type": "Point", "coordinates": [ 76.6455667, 30.5354158 ] } },
{ "type": "Feature", "properties": { "lon": 76.6455664, "lat": 30.5354143, "elevation": 277.0, "slope_to_next": 0.0, "flow_direction_deg": 247.68371148183709 }, "geometry": { "type": "Point", "coordinates": [ 76.6455664, 30.5354143 ] } },
{ "type": "Feature", "properties": { "lon": 76.6450946, "lat": 30.5352475, "elevation": 277.0, "slope_to_next": 1.0, "flow_direction_deg": 213.59133132603873 }, "geometry": { "type": "Point", "coordinates": [ 76.6450946, 30.5352475 ] } },
{ "type": "Feature", "properties": { "lon": 76.6449659, "lat": 30.5350806, "elevation": 278.0, "slope_to_next": 2.0, "flow_direction_deg": 187.32301111119421 }, "geometry": { "type": "Point", "coordinates": [ 76.6449659, 30.5350806 ] } },
{ "type": "Feature", "properties": { "lon": 76.6446685, "lat": 30.5330873, "elevation": 280.0, "slope_to_next": -2.0, "flow_direction_deg": 187.10242354481676 }, "geometry": { "type": "Point", "coordinates": [ 76.6446685, 30.5330873 ] } },
{ "type": "Feature", "properties": { "lon": 76.6444284, "lat": 30.5314275, "elevation": 278.0, "slope_to_next": -1.0, "flow_direction_deg": 187.49194259468578 }, "geometry": { "type": "Point", "coordinates": [ 76.6444284, 30.5314275 ] } },
{ "type": "Feature", "properties": { "lon": 76.6441936, "lat": 30.5298896, "elevation": 277.0, "slope_to_next": 1.0, "flow_direction_deg": 187.32348303408051 }, "geometry": { "type": "Point", "coordinates": [ 76.6441936, 30.5298896 ] } },
{ "type": "Feature", "properties": { "lon": 76.643985, "lat": 30.5284915, "elevation": 278.0, "slope_to_next": -2.0, "flow_direction_deg": 187.7207725658493 }, "geometry": { "type": "Point", "coordinates": [ 76.643985, 30.5284915 ] } },
{ "type": "Feature", "properties": { "lon": 76.6437763, "lat": 30.5271655, "elevation": 276.0, "slope_to_next": -2.0, "flow_direction_deg": 185.94230332293554 }, "geometry": { "type": "Point", "coordinates": [ 76.6437763, 30.5271655 ] } },
{ "type": "Feature", "properties": { "lon": 76.6436041, "lat": 30.5257404, "elevation": 274.0, "slope_to_next": 2.0, "flow_direction_deg": 189.75915002940681 }, "geometry": { "type": "Point", "coordinates": [ 76.6436041, 30.5257404 ] } },
{ "type": "Feature", "properties": { "lon": 76.6432808, "lat": 30.5241212, "elevation": 276.0, "slope_to_next": 4.0, "flow_direction_deg": 185.98852383028637 }, "geometry": { "type": "Point", "coordinates": [ 76.6432808, 30.5241212 ] } },
{ "type": "Feature", "properties": { "lon": 76.6430721, "lat": 30.5224074, "elevation": 280.0, "slope_to_next": -6.0, "flow_direction_deg": 187.61259602000143 }, "geometry": { "type": "Point", "coordinates": [ 76.6430721, 30.5224074 ] } },
{ "type": "Feature", "properties": { "lon": 76.6428321, "lat": 30.5208605, "elevation": 274.0, "slope_to_next": 2.0, "flow_direction_deg": 187.85446831927237 }, "geometry": { "type": "Point", "coordinates": [ 76.6428321, 30.5208605 ] } },
{ "type": "Feature", "properties": { "lon": 76.6425035, "lat": 30.5188085, "elevation": 276.0, "slope_to_next": -1.0, "flow_direction_deg": 187.81094380107481 }, "geometry": { "type": "Point", "coordinates": [ 76.6425035, 30.5188085 ] } },
{ "type": "Feature", "properties": { "lon": 76.6422428, "lat": 30.5171713, "elevation": 275.0, "slope_to_next": 1.0, "flow_direction_deg": 186.49679287195218 }, "geometry": { "type": "Point", "coordinates": [ 76.6422428, 30.5171713 ] } },
{ "type": "Feature", "properties": { "lon": 76.642055, "lat": 30.5157506, "elevation": 276.0, "slope_to_next": -2.0, "flow_direction_deg": 184.61371806992537 }, "geometry": { "type": "Point", "coordinates": [ 76.642055, 30.5157506 ] } },
{ "type": "Feature", "properties": { "lon": 76.6418932, "lat": 30.5140233, "elevation": 274.0, "slope_to_next": -2.0, "flow_direction_deg": 186.76067256110395 }, "geometry": { "type": "Point", "coordinates": [ 76.6418932, 30.5140233 ] } },
{ "type": "Feature", "properties": { "lon": 76.641815, "lat": 30.513455, "elevation": 272.0, "slope_to_next": 0.0, "flow_direction_deg": 169.89162903664658 }, "geometry": { "type": "Point", "coordinates": [ 76.641815, 30.513455 ] } },
{ "type": "Feature", "properties": { "lon": 76.6418878, "lat": 30.5131032, "elevation": 272.0, "slope_to_next": 0.0, "flow_direction_deg": 160.25694402830072 }, "geometry": { "type": "Point", "coordinates": [ 76.6418878, 30.5131032 ] } },
{ "type": "Feature", "properties": { "lon": 76.6420701, "lat": 30.5126656, "elevation": 272.0, "slope_to_next": 2.0, "flow_direction_deg": 155.14590750428306 }, "geometry": { "type": "Point", "coordinates": [ 76.6420701, 30.5126656 ] } },
{ "type": "Feature", "properties": { "lon": 76.6422471, "lat": 30.5123364, "elevation": 274.0, "slope_to_next": -1.0, "flow_direction_deg": 158.85928708464439 }, "geometry": { "type": "Point", "coordinates": [ 76.6422471, 30.5123364 ] } },
{ "type": "Feature", "properties": { "lon": 76.6426844, "lat": 30.5113621, "elevation": 273.0, "slope_to_next": -1.0, "flow_direction_deg": 157.4691036544076 }, "geometry": { "type": "Point", "coordinates": [ 76.6426844, 30.5113621 ] } },
{ "type": "Feature", "properties": { "lon": 76.6428668, "lat": 30.5109833, "elevation": 272.0, "slope_to_next": 1.0, "flow_direction_deg": 154.02034950961206 }, "geometry": { "type": "Point", "coordinates": [ 76.6428668, 30.5109833 ] } },
{ "type": "Feature", "properties": { "lon": 76.6429918, "lat": 30.5107623, "elevation": 273.0, "slope_to_next": 1.0, "flow_direction_deg": 154.80283434734486 }, "geometry": { "type": "Point", "coordinates": [ 76.6429918, 30.5107623 ] } },
{ "type": "Feature", "properties": { "lon": 76.6432677, "lat": 30.5102571, "elevation": 274.0, "slope_to_next": -1.0, "flow_direction_deg": 156.39495427315637 }, "geometry": { "type": "Point", "coordinates": [ 76.6432677, 30.5102571 ] } },
{ "type": "Feature", "properties": { "lon": 76.6435697, "lat": 30.5096617, "elevation": 273.0, "slope_to_next": -1.0, "flow_direction_deg": 155.90485655289649 }, "geometry": { "type": "Point", "coordinates": [ 76.6435697, 30.5096617 ] } },
{ "type": "Feature", "properties": { "lon": 76.6439654, "lat": 30.5088994, "elevation": 272.0, "slope_to_next": 1.0, "flow_direction_deg": 159.55485724747155 }, "geometry": { "type": "Point", "coordinates": [ 76.6439654, 30.5088994 ] } },
{ "type": "Feature", "properties": { "lon": 76.6440747, "lat": 30.5086468, "elevation": 273.0, "slope_to_next": 2.0, "flow_direction_deg": 160.76986266808592 }, "geometry": { "type": "Point", "coordinates": [ 76.6440747, 30.5086468 ] } },
{ "type": "Feature", "properties": { "lon": 76.6441477, "lat": 30.5084665, "elevation": 275.0, "slope_to_next": -1.0, "flow_direction_deg": 188.65724656996605 }, "geometry": { "type": "Point", "coordinates": [ 76.6441477, 30.5084665 ] } },
{ "type": "Feature", "properties": { "lon": 76.6440903, "lat": 30.5081417, "elevation": 274.0, "slope_to_next": 0.0, "flow_direction_deg": 185.09928292121464 }, "geometry": { "type": "Point", "coordinates": [ 76.6440903, 30.5081417 ] } },
{ "type": "Feature", "properties": { "lon": 76.644059, "lat": 30.5078395, "elevation": 274.0, "slope_to_next": 1.0, "flow_direction_deg": 210.38363356911864 }, "geometry": { "type": "Point", "coordinates": [ 76.644059, 30.5078395 ] } },
{ "type": "Feature", "properties": { "lon": 76.6438871, "lat": 30.5075869, "elevation": 275.0, "slope_to_next": 3.0, "flow_direction_deg": 212.58064318263999 }, "geometry": { "type": "Point", "coordinates": [ 76.6438871, 30.5075869 ] } },
{ "type": "Feature", "properties": { "lon": 76.6437099, "lat": 30.507348, "elevation": 278.0, "slope_to_next": -2.0, "flow_direction_deg": 228.13762692981217 }, "geometry": { "type": "Point", "coordinates": [ 76.6437099, 30.507348 ] } },
{ "type": "Feature", "properties": { "lon": 76.6423606, "lat": 30.5063063, "elevation": 276.0, "slope_to_next": 1.0, "flow_direction_deg": 225.18012867546213 }, "geometry": { "type": "Point", "coordinates": [ 76.6423606, 30.5063063 ] } },
{ "type": "Feature", "properties": { "lon": 76.6414073, "lat": 30.5054901, "elevation": 277.0, "slope_to_next": -3.0, "flow_direction_deg": 225.90924398698559 }, "geometry": { "type": "Point", "coordinates": [ 76.6414073, 30.5054901 ] } },
{ "type": "Feature", "properties": { "lon": 76.639808, "lat": 30.5041552, "elevation": 274.0, "slope_to_next": -5.0, "flow_direction_deg": 227.66643846410292 }, "geometry": { "type": "Point", "coordinates": [ 76.639808, 30.5041552 ] } },
{ "type": "Feature", "properties": { "lon": 76.6353061, "lat": 30.5006214, "elevation": 269.0, "slope_to_next": 4.0, "flow_direction_deg": 227.66522858443136 }, "geometry": { "type": "Point", "coordinates": [ 76.6353061, 30.5006214 ] } },
{ "type": "Feature", "properties": { "lon": 76.6345657, "lat": 30.5000402, "elevation": 273.0, "slope_to_next": -4.0, "flow_direction_deg": 224.56313075374422 }, "geometry": { "type": "Point", "coordinates": [ 76.6345657, 30.5000402 ] } },
{ "type": "Feature", "properties": { "lon": 76.6308147, "lat": 30.4967584, "elevation": 269.0, "slope_to_next": 3.0, "flow_direction_deg": 226.78889541247867 }, "geometry": { "type": "Point", "coordinates": [ 76.6308147, 30.4967584 ] } },
{ "type": "Feature", "properties": { "lon": 76.6264848, "lat": 30.4932533, "elevation": 272.0, "slope_to_next": -2.0, "flow_direction_deg": 222.86355390418447 }, "geometry": { "type": "Point", "coordinates": [ 76.6264848, 30.4932533 ] } },
{ "type": "Feature", "properties": { "lon": 76.6253102, "lat": 30.4921627, "elevation": 270.0, "slope_to_next": 1.0, "flow_direction_deg": 231.07795556337453 }, "geometry": { "type": "Point", "coordinates": [ 76.6253102, 30.4921627 ] } },
{ "type": "Feature", "properties": { "lon": 76.6239664, "lat": 30.4912276, "elevation": 271.0, "slope_to_next": 2.0, "flow_direction_deg": 229.95120842836388 }, "geometry": { "type": "Point", "coordinates": [ 76.6239664, 30.4912276 ] } },
{ "type": "Feature", "properties": { "lon": 76.6228644, "lat": 30.4904294, "elevation": 273.0, "slope_to_next": -5.0, "flow_direction_deg": 230.01679519127191 }, "geometry": { "type": "Point", "coordinates": [ 76.6228644, 30.4904294 ] } },
{ "type": "Feature", "properties": { "lon": 76.622042, "lat": 30.4898351, "elevation": 268.0, "slope_to_next": 2.0, "flow_direction_deg": 225.98259081605462 }, "geometry": { "type": "Point", "coordinates": [ 76.622042, 30.4898351 ] } },
{ "type": "Feature", "properties": { "lon": 76.6200243, "lat": 30.488155, "elevation": 270.0, "slope_to_next": 1.0, "flow_direction_deg": 226.50534719865223 }, "geometry": { "type": "Point", "coordinates": [ 76.6200243, 30.488155 ] } },
{ "type": "Feature", "properties": { "lon": 76.6185406, "lat": 30.4869419, "elevation": 271.0, "slope_to_next": 4.0, "flow_direction_deg": 225.99991133198927 }, "geometry": { "type": "Point", "coordinates": [ 76.6185406, 30.4869419 ] } },
{ "type": "Feature", "properties": { "lon": 76.6171199, "lat": 30.4857596, "elevation": 275.0, "slope_to_next": -4.0, "flow_direction_deg": 224.08399276083557 }, "geometry": { "type": "Point", "coordinates": [ 76.6171199, 30.4857596 ] } },
{ "type": "Feature", "properties": { "lon": 76.6164749, "lat": 30.4851857, "elevation": 271.0, "slope_to_next": 1.0, "flow_direction_deg": 226.03934400234274 }, "geometry": { "type": "Point", "coordinates": [ 76.6164749, 30.4851857 ] } },
{ "type": "Feature", "properties": { "lon": 76.6147902, "lat": 30.4837856, "elevation": 272.0, "slope_to_next": 4.0, "flow_direction_deg": 221.22210806722592 }, "geometry": { "type": "Point", "coordinates": [ 76.6147902, 30.4837856 ] } },
{ "type": "Feature", "properties": { "lon": 76.6121271, "lat": 30.481166, "elevation": 276.0, "slope_to_next": 2.0, "flow_direction_deg": 213.26460386987327 }, "geometry": { "type": "Point", "coordinates": [ 76.6121271, 30.481166 ] } },
{ "type": "Feature", "properties": { "lon": 76.6100909, "lat": 30.4784909, "elevation": 278.0, "slope_to_next": -5.0, "flow_direction_deg": 217.36881111640139 }, "geometry": { "type": "Point", "coordinates": [ 76.6100909, 30.4784909 ] } },
{ "type": "Feature", "properties": { "lon": 76.6097508, "lat": 30.4781071, "elevation": 273.0, "slope_to_next": -3.0, "flow_direction_deg": 217.36634957144304 }, "geometry": { "type": "Point", "coordinates": [ 76.6097508, 30.4781071 ] } },
{ "type": "Feature", "properties": { "lon": 76.6093651, "lat": 30.4776718, "elevation": 270.0, "slope_to_next": 5.0, "flow_direction_deg": 131.95908731271936 }, "geometry": { "type": "Point", "coordinates": [ 76.6093651, 30.4776718 ] } },
{ "type": "Feature", "properties": { "lon": 76.6098373, "lat": 30.4773059, "elevation": 275.0, "slope_to_next": 7.0, "flow_direction_deg": 119.5693047613708 }, "geometry": { "type": "Point", "coordinates": [ 76.6098373, 30.4773059 ] } },
{ "type": "Feature", "properties": { "lon": 76.611022, "lat": 30.4767266, "elevation": 282.0, "slope_to_next": -6.0, "flow_direction_deg": 120.83328847023944 }, "geometry": { "type": "Point", "coordinates": [ 76.611022, 30.4767266 ] } },
{ "type": "Feature", "properties": { "lon": 76.6121471, "lat": 30.4761478, "elevation": 276.0, "slope_to_next": -2.0, "flow_direction_deg": 135.77738226354165 }, "geometry": { "type": "Point", "coordinates": [ 76.6121471, 30.4761478 ] } },
{ "type": "Feature", "properties": { "lon": 76.6125971, "lat": 30.4757493, "elevation": 274.0, "slope_to_next": -3.0, "flow_direction_deg": 135.78263838972134 }, "geometry": { "type": "Point", "coordinates": [ 76.6125971, 30.4757493 ] } },
{ "type": "Feature", "properties": { "lon": 76.6132079, "lat": 30.4752083, "elevation": 271.0, "slope_to_next": -1.0, "flow_direction_deg": 190.05591507678903 }, "geometry": { "type": "Point", "coordinates": [ 76.6132079, 30.4752083 ] } },
{ "type": "Feature", "properties": { "lon": 76.6131443, "lat": 30.4748992, "elevation": 270.0, "slope_to_next": 0.0, "flow_direction_deg": 188.71876061620617 }, "geometry": { "type": "Point", "coordinates": [ 76.6131443, 30.4748992 ] } },
{ "type": "Feature", "properties": { "lon": 76.6130801, "lat": 30.4745384, "elevation": 270.0, "slope_to_next": 0.0, "flow_direction_deg": 225.495861947647 }, "geometry": { "type": "Point", "coordinates": [ 76.6130801, 30.4745384 ] } },
{ "type": "Feature", "properties": { "lon": 76.6127185, "lat": 30.4742321, "elevation": 270.0, "slope_to_next": 3.0, "flow_direction_deg": 282.16590398792073 }, "geometry": { "type": "Point", "coordinates": [ 76.6127185, 30.4742321 ] } },
{ "type": "Feature", "properties": { "lon": 76.6120565, "lat": 30.4743551, "elevation": 273.0, "slope_to_next": -3.0, "flow_direction_deg": 208.2452351679101 }, "geometry": { "type": "Point", "coordinates": [ 76.6120565, 30.4743551 ] } },
{ "type": "Feature", "properties": { "lon": 76.6117603, "lat": 30.4738799, "elevation": 270.0, "slope_to_next": -1.0, "flow_direction_deg": 173.54283880301205 }, "geometry": { "type": "Point", "coordinates": [ 76.6117603, 30.4738799 ] } },
{ "type": "Feature", "properties": { "lon": 76.6118146, "lat": 30.4734664, "elevation": 269.0, "slope_to_next": 1.0, "flow_direction_deg": 138.0643726580563 }, "geometry": { "type": "Point", "coordinates": [ 76.6118146, 30.4734664 ] } },
{ "type": "Feature", "properties": { "lon": 76.6121813, "lat": 30.4731146, "elevation": 270.0, "slope_to_next": 0.0, "flow_direction_deg": 138.07397829110027 }, "geometry": { "type": "Point", "coordinates": [ 76.6121813, 30.4731146 ] } },
{ "type": "Feature", "properties": { "lon": 76.6125212, "lat": 30.4727884, "elevation": 270.0, "slope_to_next": 0.0, "flow_direction_deg": 175.22164978895375 }, "geometry": { "type": "Point", "coordinates": [ 76.6125212, 30.4727884 ] } },
{ "type": "Feature", "properties": { "lon": 76.6127317, "lat": 30.470618, "elevation": 270.0, "slope_to_next": -1.0, "flow_direction_deg": 260.39855786974886 }, "geometry": { "type": "Point", "coordinates": [ 76.6127317, 30.470618 ] } },
{ "type": "Feature", "properties": { "lon": 76.6124066, "lat": 30.4705706, "elevation": 269.0, "slope_to_next": 0.0, "flow_direction_deg": 259.26400987858597 }, "geometry": { "type": "Point", "coordinates": [ 76.6124066, 30.4705706 ] } },
{ "type": "Feature", "properties": { "lon": 76.6120988, "lat": 30.4705203, "elevation": 269.0, "slope_to_next": 2.0, "flow_direction_deg": 259.27894890786439 }, "geometry": { "type": "Point", "coordinates": [ 76.6120988, 30.4705203 ] } },
{ "type": "Feature", "properties": { "lon": 76.6113708, "lat": 30.4704015, "elevation": 271.0, "slope_to_next": 0.0, "flow_direction_deg": 225.49505094659824 }, "geometry": { "type": "Point", "coordinates": [ 76.6113708, 30.4704015 ] } },
{ "type": "Feature", "properties": { "lon": 76.6109528, "lat": 30.4700474, "elevation": 271.0, "slope_to_next": -1.0, "flow_direction_deg": 196.50293064270608 }, "geometry": { "type": "Point", "coordinates": [ 76.6109528, 30.4700474 ] } },
{ "type": "Feature", "properties": { "lon": 76.6106665, "lat": 30.4692145, "elevation": 270.0, "slope_to_next": -1.0, "flow_direction_deg": 214.18990013134785 }, "geometry": { "type": "Point", "coordinates": [ 76.6106665, 30.4692145 ] } },
{ "type": "Feature", "properties": { "lon": 76.6103863, "lat": 30.468859, "elevation": 269.0, "slope_to_next": -1.0, "flow_direction_deg": 253.45572694238786 }, "geometry": { "type": "Point", "coordinates": [ 76.6103863, 30.468859 ] } },
{ "type": "Feature", "properties": { "lon": 76.6094876, "lat": 30.4686289, "elevation": 268.0, "slope_to_next": 3.0, "flow_direction_deg": 212.97880520529668 }, "geometry": { "type": "Point", "coordinates": [ 76.6094876, 30.4686289 ] } },
{ "type": "Feature", "properties": { "lon": 76.6089969, "lat": 30.4679771, "elevation": 271.0, "slope_to_next": 0.0, "flow_direction_deg": 180.63185261206135 }, "geometry": { "type": "Point", "coordinates": [ 76.6089969, 30.4679771 ] } },
{ "type": "Feature", "properties": { "lon": 76.6089885, "lat": 30.4673206, "elevation": 271.0, "slope_to_next": -1.0, "flow_direction_deg": 167.30658638584214 }, "geometry": { "type": "Point", "coordinates": [ 76.6089885, 30.4673206 ] } },
{ "type": "Feature", "properties": { "lon": 76.6093169, "lat": 30.4660639, "elevation": 270.0, "slope_to_next": 0.0, "flow_direction_deg": 193.84000396617088 }, "geometry": { "type": "Point", "coordinates": [ 76.6093169, 30.4660639 ] } },
{ "type": "Feature", "properties": { "lon": 76.6075135, "lat": 30.4597541, "elevation": 270.0, "slope_to_next": -1.0, "flow_direction_deg": 196.04679060406372 }, "geometry": { "type": "Point", "coordinates": [ 76.6075135, 30.4597541 ] } },
{ "type": "Feature", "properties": { "lon": 76.6042181, "lat": 30.4498772, "elevation": 269.0, "slope_to_next": -1.0, "flow_direction_deg": 178.47999025042714 }, "geometry": { "type": "Point", "coordinates": [ 76.6042181, 30.4498772 ] } },
{ "type": "Feature", "properties": { "lon": 76.6043155, "lat": 30.4467128, "elevation": 268.0, "slope_to_next": 4.0, "flow_direction_deg": 173.41281864051609 }, "geometry": { "type": "Point", "coordinates": [ 76.6043155, 30.4467128 ] } },
{ "type": "Feature", "properties": { "lon": 76.6056363, "lat": 30.4368513, "elevation": 272.0, "slope_to_next": -1.0, "flow_direction_deg": 173.54082246422297 }, "geometry": { "type": "Point", "coordinates": [ 76.6056363, 30.4368513 ] } },
{ "type": "Feature", "properties": { "lon": 76.607645, "lat": 30.4215515, "elevation": 271.0, "slope_to_next": 0.0, "flow_direction_deg": 156.83733933196152 }, "geometry": { "type": "Point", "coordinates": [ 76.607645, 30.4215515 ] } },
{ "type": "Feature", "properties": { "lon": 76.6102634, "lat": 30.4162736, "elevation": 271.0, "slope_to_next": -4.0, "flow_direction_deg": 157.83608053827299 }, "geometry": { "type": "Point", "coordinates": [ 76.6102634, 30.4162736 ] } },
{ "type": "Feature", "properties": { "lon": 76.6133163, "lat": 30.4098102, "elevation": 267.0, "slope_to_next": 0.0, "flow_direction_deg": 157.83830715432941 }, "geometry": { "type": "Point", "coordinates": [ 76.6133163, 30.4098102 ] } },
{ "type": "Feature", "properties": { "lon": 76.6168336, "lat": 30.4023622, "elevation": 267.0, "slope_to_next": 1.0, "flow_direction_deg": 143.90649451120146 }, "geometry": { "type": "Point", "coordinates": [ 76.6168336, 30.4023622 ] } },
{ "type": "Feature", "properties": { "lon": 76.6180544, "lat": 30.4009179, "elevation": 268.0, "slope_to_next": 1.0, "flow_direction_deg": 135.12504337219025 }, "geometry": { "type": "Point", "coordinates": [ 76.6180544, 30.4009179 ] } },
{ "type": "Feature", "properties": { "lon": 76.6240468, "lat": 30.3957264, "elevation": 269.0, "slope_to_next": -2.0, "flow_direction_deg": 130.85290603717237 }, "geometry": { "type": "Point", "coordinates": [ 76.6240468, 30.3957264 ] } },
{ "type": "Feature", "properties": { "lon": 76.6313435, "lat": 30.3902831, "elevation": 267.0, "slope_to_next": 0.0, "flow_direction_deg": 136.83108072151879 }, "geometry": { "type": "Point", "coordinates": [ 76.6313435, 30.3902831 ] } },
{ "type": "Feature", "properties": { "lon": 76.6331805, "lat": 30.3885938, "elevation": 267.0, "slope_to_next": 1.0, "flow_direction_deg": 133.06608304374549 }, "geometry": { "type": "Point", "coordinates": [ 76.6331805, 30.3885938 ] } },
{ "type": "Feature", "properties": { "lon": 76.63393, "lat": 30.3879895, "elevation": 268.0, "slope_to_next": -2.0, "flow_direction_deg": 145.24480809202379 }, "geometry": { "type": "Point", "coordinates": [ 76.63393, 30.3879895 ] } },
{ "type": "Feature", "properties": { "lon": 76.635285, "lat": 30.3863049, "elevation": 266.0, "slope_to_next": -3.0, "flow_direction_deg": 145.7918452110971 }, "geometry": { "type": "Point", "coordinates": [ 76.635285, 30.3863049 ] } },
{ "type": "Feature", "properties": { "lon": 76.6362331, "lat": 30.3851018, "elevation": 263.0, "slope_to_next": 4.0, "flow_direction_deg": 186.62538977232182 }, "geometry": { "type": "Point", "coordinates": [ 76.6362331, 30.3851018 ] } },
{ "type": "Feature", "properties": { "lon": 76.6360806, "lat": 30.3839692, "elevation": 267.0, "slope_to_next": 0.0, "flow_direction_deg": 169.16844996317013 }, "geometry": { "type": "Point", "coordinates": [ 76.6360806, 30.3839692 ] } },
{ "type": "Feature", "properties": { "lon": 76.6367307, "lat": 30.381038, "elevation": 267.0, "slope_to_next": -1.0, "flow_direction_deg": 164.43005463733516 }, "geometry": { "type": "Point", "coordinates": [ 76.6367307, 30.381038 ] } },
{ "type": "Feature", "properties": { "lon": 76.6379878, "lat": 30.3771458, "elevation": 266.0, "slope_to_next": -3.0, "flow_direction_deg": 164.8198869257908 }, "geometry": { "type": "Point", "coordinates": [ 76.6379878, 30.3771458 ] } },
{ "type": "Feature", "properties": { "lon": 76.6413581, "lat": 30.3664281, "elevation": 263.0, "slope_to_next": -3.0, "flow_direction_deg": 168.2696661392074 }, "geometry": { "type": "Point", "coordinates": [ 76.6413581, 30.3664281 ] } },
{ "type": "Feature", "properties": { "lon": 76.6423372, "lat": 30.3623595, "elevation": 260.0, "slope_to_next": 8.0, "flow_direction_deg": 180.65019493823306 }, "geometry": { "type": "Point", "coordinates": [ 76.6423372, 30.3623595 ] } },
{ "type": "Feature", "properties": { "lon": 76.6422799, "lat": 30.3580027, "elevation": 268.0, "slope_to_next": -3.0, "flow_direction_deg": 186.54058984829842 }, "geometry": { "type": "Point", "coordinates": [ 76.6422799, 30.3580027 ] } },
{ "type": "Feature", "properties": { "lon": 76.6412107, "lat": 30.3499552, "elevation": 265.0, "slope_to_next": -1.0, "flow_direction_deg": 176.58635742955209 }, "geometry": { "type": "Point", "coordinates": [ 76.6412107, 30.3499552 ] } },
{ "type": "Feature", "properties": { "lon": 76.6412685, "lat": 30.349119, "elevation": 264.0, "slope_to_next": -1.0, "flow_direction_deg": 131.39955325907482 }, "geometry": { "type": "Point", "coordinates": [ 76.6412685, 30.349119 ] } },
{ "type": "Feature", "properties": { "lon": 76.6417455, "lat": 30.3487561, "elevation": 263.0, "slope_to_next": 1.0, "flow_direction_deg": 176.43274533595843 }, "geometry": { "type": "Point", "coordinates": [ 76.6417455, 30.3487561 ] } },
{ "type": "Feature", "properties": { "lon": 76.641862, "lat": 30.3471434, "elevation": 264.0, "slope_to_next": -3.0, "flow_direction_deg": 184.48119017127675 }, "geometry": { "type": "Point", "coordinates": [ 76.641862, 30.3471434 ] } },
{ "type": "Feature", "properties": { "lon": 76.6414754, "lat": 30.3428862, "elevation": 261.0, "slope_to_next": 16.0, "flow_direction_deg": 8.8885124718101451 }, "geometry": { "type": "Point", "coordinates": [ 76.6414754, 30.3428862 ] } },
{ "type": "Feature", "properties": { "lon": 76.6817905, "lat": 30.5648474, "elevation": 277.0, "slope_to_next": 0.0, "flow_direction_deg": 269.5923401431711 }, "geometry": { "type": "Point", "coordinates": [ 76.6817905, 30.5648474 ] } },
{ "type": "Feature", "properties": { "lon": 76.6813336, "lat": 30.5648446, "elevation": 277.0, "slope_to_next": 3.0, "flow_direction_deg": 176.29486686683185 }, "geometry": { "type": "Point", "coordinates": [ 76.6813336, 30.5648446 ] } },
{ "type": "Feature", "properties": { "lon": 76.6813993, "lat": 30.563971, "elevation": 280.0, "slope_to_next": 0.0, "flow_direction_deg": 187.61212051474837 }, "geometry": { "type": "Point", "coordinates": [ 76.6813993, 30.563971 ] } },
{ "type": "Feature", "properties": { "lon": 76.6812422, "lat": 30.5629588, "elevation": 280.0, "slope_to_next": 1.0, "flow_direction_deg": 249.07914903424722 }, "geometry": { "type": "Point", "coordinates": [ 76.6812422, 30.5629588 ] } },
{ "type": "Feature", "properties": { "lon": 76.6809138, "lat": 30.5628507, "elevation": 281.0, "slope_to_next": 0.0, "flow_direction_deg": 284.91528375251073 }, "geometry": { "type": "Point", "coordinates": [ 76.6809138, 30.5628507 ] } },
{ "type": "Feature", "properties": { "lon": 76.6802223, "lat": 30.5630093, "elevation": 281.0, "slope_to_next": -1.0, "flow_direction_deg": 270.66990713740893 }, "geometry": { "type": "Point", "coordinates": [ 76.6802223, 30.5630093 ] } },
{ "type": "Feature", "properties": { "lon": 76.6794076, "lat": 30.5630175, "elevation": 280.0, "slope_to_next": 0.0, "flow_direction_deg": 215.5327600555602 }, "geometry": { "type": "Point", "coordinates": [ 76.6794076, 30.5630175 ] } },
{ "type": "Feature", "properties": { "lon": 76.6791315, "lat": 30.5626846, "elevation": 280.0, "slope_to_next": 0.0, "flow_direction_deg": 204.86617881220195 }, "geometry": { "type": "Point", "coordinates": [ 76.6791315, 30.5626846 ] } },
{ "type": "Feature", "properties": { "lon": 76.6785417, "lat": 30.5615888, "elevation": 280.0, "slope_to_next": 1.0, "flow_direction_deg": 204.90400180102668 }, "geometry": { "type": "Point", "coordinates": [ 76.6785417, 30.5615888 ] } },
{ "type": "Feature", "properties": { "lon": 76.6778182, "lat": 30.5602469, "elevation": 281.0, "slope_to_next": 0.0, "flow_direction_deg": 187.95943714010886 }, "geometry": { "type": "Point", "coordinates": [ 76.6778182, 30.5602469 ] } },
{ "type": "Feature", "properties": { "lon": 76.6774372, "lat": 30.5579004, "elevation": 281.0, "slope_to_next": -1.0, "flow_direction_deg": 154.98602083638082 }, "geometry": { "type": "Point", "coordinates": [ 76.6774372, 30.5579004 ] } },
{ "type": "Feature", "properties": { "lon": 76.6777576, "lat": 30.5573091, "elevation": 280.0, "slope_to_next": 1.0, "flow_direction_deg": 144.18526230046825 }, "geometry": { "type": "Point", "coordinates": [ 76.6777576, 30.5573091 ] } },
{ "type": "Feature", "properties": { "lon": 76.6785024, "lat": 30.5564203, "elevation": 281.0, "slope_to_next": 0.0, "flow_direction_deg": 128.28451507701413 }, "geometry": { "type": "Point", "coordinates": [ 76.6785024, 30.5564203 ] } },
{ "type": "Feature", "properties": { "lon": 76.6793944, "lat": 30.555814, "elevation": 281.0, "slope_to_next": -1.0, "flow_direction_deg": 128.28678141144292 }, "geometry": { "type": "Point", "coordinates": [ 76.6793944, 30.555814 ] } },
{ "type": "Feature", "properties": { "lon": 76.6797838, "lat": 30.5555493, "elevation": 280.0, "slope_to_next": -2.0, "flow_direction_deg": 159.59587733598801 }, "geometry": { "type": "Point", "coordinates": [ 76.6797838, 30.5555493 ] } },
{ "type": "Feature", "properties": { "lon": 76.6801482, "lat": 30.5547057, "elevation": 278.0, "slope_to_next": -2.0, "flow_direction_deg": 176.75950310818496 }, "geometry": { "type": "Point", "coordinates": [ 76.6801482, 30.5547057 ] } },
{ "type": "Feature", "properties": { "lon": 76.6801806, "lat": 30.5542129, "elevation": 276.0, "slope_to_next": 3.0, "flow_direction_deg": 256.87220487180963 }, "geometry": { "type": "Point", "coordinates": [ 76.6801806, 30.5542129 ] } },
{ "type": "Feature", "properties": { "lon": 76.6797509, "lat": 30.5541266, "elevation": 279.0, "slope_to_next": 1.0, "flow_direction_deg": 256.87979867930699 }, "geometry": { "type": "Point", "coordinates": [ 76.6797509, 30.5541266 ] } },
{ "type": "Feature", "properties": { "lon": 76.6791107, "lat": 30.5539981, "elevation": 280.0, "slope_to_next": -1.0, "flow_direction_deg": 282.03812324026785 }, "geometry": { "type": "Point", "coordinates": [ 76.6791107, 30.5539981 ] } },
{ "type": "Feature", "properties": { "lon": 76.6783968, "lat": 30.5541292, "elevation": 279.0, "slope_to_next": -4.0, "flow_direction_deg": 314.6200904973058 }, "geometry": { "type": "Point", "coordinates": [ 76.6783968, 30.5541292 ] } },
{ "type": "Feature", "properties": { "lon": 76.6779241, "lat": 30.5545309, "elevation": 275.0, "slope_to_next": 3.0, "flow_direction_deg": 314.62930812019067 }, "geometry": { "type": "Point", "coordinates": [ 76.6779241, 30.5545309 ] } },
{ "type": "Feature", "properties": { "lon": 76.6775686, "lat": 30.5548331, "elevation": 278.0, "slope_to_next": 0.0, "flow_direction_deg": 313.07098899847898 }, "geometry": { "type": "Point", "coordinates": [ 76.6775686, 30.5548331 ] } },
{ "type": "Feature", "properties": { "lon": 76.6770906, "lat": 30.5552179, "elevation": 278.0, "slope_to_next": 2.0, "flow_direction_deg": 270.67136119080027 }, "geometry": { "type": "Point", "coordinates": [ 76.6770906, 30.5552179 ] } },
{ "type": "Feature", "properties": { "lon": 76.6761984, "lat": 30.5552269, "elevation": 280.0, "slope_to_next": -2.0, "flow_direction_deg": 225.53026053481608 }, "geometry": { "type": "Point", "coordinates": [ 76.6761984, 30.5552269 ] } },
{ "type": "Feature", "properties": { "lon": 76.6758059, "lat": 30.5548951, "elevation": 278.0, "slope_to_next": -1.0, "flow_direction_deg": 214.22747626078993 }, "geometry": { "type": "Point", "coordinates": [ 76.6758059, 30.5548951 ] } },
{ "type": "Feature", "properties": { "lon": 76.6753323, "lat": 30.5542956, "elevation": 277.0, "slope_to_next": 0.0, "flow_direction_deg": 222.72744124490097 }, "geometry": { "type": "Point", "coordinates": [ 76.6753323, 30.5542956 ] } },
{ "type": "Feature", "properties": { "lon": 76.6743525, "lat": 30.5533821, "elevation": 277.0, "slope_to_next": -1.0, "flow_direction_deg": 221.8574495824316 }, "geometry": { "type": "Point", "coordinates": [ 76.6743525, 30.5533821 ] } },
{ "type": "Feature", "properties": { "lon": 76.6733674, "lat": 30.5524352, "elevation": 276.0, "slope_to_next": 3.0, "flow_direction_deg": 251.05044328042311 }, "geometry": { "type": "Point", "coordinates": [ 76.6733674, 30.5524352 ] } },
{ "type": "Feature", "properties": { "lon": 76.6726061, "lat": 30.5522101, "elevation": 279.0, "slope_to_next": -2.0, "flow_direction_deg": 211.01549942002634 }, "geometry": { "type": "Point", "coordinates": [ 76.6726061, 30.5522101 ] } },
{ "type": "Feature", "properties": { "lon": 76.6722321, "lat": 30.5516744, "elevation": 277.0, "slope_to_next": 5.0, "flow_direction_deg": 200.37438985966591 }, "geometry": { "type": "Point", "coordinates": [ 76.6722321, 30.5516744 ] } },
{ "type": "Feature", "properties": { "lon": 76.6718717, "lat": 30.5508387, "elevation": 282.0, "slope_to_next": 0.0, "flow_direction_deg": 200.01316515288983 }, "geometry": { "type": "Point", "coordinates": [ 76.6718717, 30.5508387 ] } },
{ "type": "Feature", "properties": { "lon": 76.6716313, "lat": 30.5502703, "elevation": 282.0, "slope_to_next": -4.0, "flow_direction_deg": 120.54020476357516 }, "geometry": { "type": "Point", "coordinates": [ 76.6716313, 30.5502703 ] } },
{ "type": "Feature", "properties": { "lon": 76.6724404, "lat": 30.5498592, "elevation": 278.0, "slope_to_next": 1.0, "flow_direction_deg": 68.034879253403858 }, "geometry": { "type": "Point", "coordinates": [ 76.6724404, 30.5498592 ] } },
{ "type": "Feature", "properties": { "lon": 76.6731835, "lat": 30.5501173, "elevation": 279.0, "slope_to_next": -1.0, "flow_direction_deg": 111.6755540279853 }, "geometry": { "type": "Point", "coordinates": [ 76.6731835, 30.5501173 ] } },
{ "type": "Feature", "properties": { "lon": 76.674185, "lat": 30.5497745, "elevation": 278.0, "slope_to_next": 1.0, "flow_direction_deg": 96.607336717365001 }, "geometry": { "type": "Point", "coordinates": [ 76.674185, 30.5497745 ] } },
{ "type": "Feature", "properties": { "lon": 76.6747193, "lat": 30.5497212, "elevation": 279.0, "slope_to_next": -1.0, "flow_direction_deg": 96.609921541131655 }, "geometry": { "type": "Point", "coordinates": [ 76.6747193, 30.5497212 ] } },
{ "type": "Feature", "properties": { "lon": 76.6753085, "lat": 30.5496624, "elevation": 278.0, "slope_to_next": -1.0, "flow_direction_deg": 93.174965666575133 }, "geometry": { "type": "Point", "coordinates": [ 76.6753085, 30.5496624 ] } },
{ "type": "Feature", "properties": { "lon": 76.6762002, "lat": 30.5496198, "elevation": 277.0, "slope_to_next": 4.0, "flow_direction_deg": 140.33630345304277 }, "geometry": { "type": "Point", "coordinates": [ 76.6762002, 30.5496198 ] } },
{ "type": "Feature", "properties": { "lon": 76.676565, "lat": 30.5492409, "elevation": 281.0, "slope_to_next": -3.0, "flow_direction_deg": 122.19354600252854 }, "geometry": { "type": "Point", "coordinates": [ 76.676565, 30.5492409 ] } },
{ "type": "Feature", "properties": { "lon": 76.677122, "lat": 30.5489389, "elevation": 278.0, "slope_to_next": 0.0, "flow_direction_deg": 181.49814505211205 }, "geometry": { "type": "Point", "coordinates": [ 76.677122, 30.5489389 ] } },
{ "type": "Feature", "properties": { "lon": 76.6771122, "lat": 30.5486162, "elevation": 278.0, "slope_to_next": 0.0, "flow_direction_deg": 151.63993464235898 }, "geometry": { "type": "Point", "coordinates": [ 76.6771122, 30.5486162 ] } },
{ "type": "Feature", "properties": { "lon": 76.6772212, "lat": 30.5484423, "elevation": 278.0, "slope_to_next": -1.0, "flow_direction_deg": 147.07424163614161 }, "geometry": { "type": "Point", "coordinates": [ 76.6772212, 30.5484423 ] } },
{ "type": "Feature", "properties": { "lon": 76.677367, "lat": 30.5482484, "elevation": 277.0, "slope_to_next": 0.0, "flow_direction_deg": 147.68412537912451 }, "geometry": { "type": "Point", "coordinates": [ 76.677367, 30.5482484 ] } },
{ "type": "Feature", "properties": { "lon": 76.6775128, "lat": 30.5480499, "elevation": 277.0, "slope_to_next": 0.0, "flow_direction_deg": 151.24654791010749 }, "geometry": { "type": "Point", "coordinates": [ 76.6775128, 30.5480499 ] } },
{ "type": "Feature", "properties": { "lon": 76.6775962, "lat": 30.547919, "elevation": 277.0, "slope_to_next": 1.0, "flow_direction_deg": 152.9159261213299 }, "geometry": { "type": "Point", "coordinates": [ 76.6775962, 30.547919 ] } },
{ "type": "Feature", "properties": { "lon": 76.6776899, "lat": 30.5477612, "elevation": 278.0, "slope_to_next": 1.0, "flow_direction_deg": 152.98705617012752 }, "geometry": { "type": "Point", "coordinates": [ 76.6776899, 30.5477612 ] } },
{ "type": "Feature", "properties": { "lon": 76.6777887, "lat": 30.5475943, "elevation": 279.0, "slope_to_next": 1.0, "flow_direction_deg": 146.12599365617103 }, "geometry": { "type": "Point", "coordinates": [ 76.6777887, 30.5475943 ] } },
{ "type": "Feature", "properties": { "lon": 76.6779294, "lat": 30.5474138, "elevation": 280.0, "slope_to_next": 0.0, "flow_direction_deg": 140.01858059373421 }, "geometry": { "type": "Point", "coordinates": [ 76.6779294, 30.5474138 ] } },
{ "type": "Feature", "properties": { "lon": 76.67807, "lat": 30.5472694, "elevation": 280.0, "slope_to_next": 0.0, "flow_direction_deg": 138.61445995397258 }, "geometry": { "type": "Point", "coordinates": [ 76.67807, 30.5472694 ] } },
{ "type": "Feature", "properties": { "lon": 76.6782731, "lat": 30.5470709, "elevation": 280.0, "slope_to_next": 0.0, "flow_direction_deg": 139.26449608181679 }, "geometry": { "type": "Point", "coordinates": [ 76.6782731, 30.5470709 ] } },
{ "type": "Feature", "properties": { "lon": 76.6784762, "lat": 30.5468678, "elevation": 280.0, "slope_to_next": -1.0, "flow_direction_deg": 127.62426844545155 }, "geometry": { "type": "Point", "coordinates": [ 76.6784762, 30.5468678 ] } },
{ "type": "Feature", "properties": { "lon": 76.678721, "lat": 30.5467053, "elevation": 279.0, "slope_to_next": 0.0, "flow_direction_deg": 130.93558912882935 }, "geometry": { "type": "Point", "coordinates": [ 76.678721, 30.5467053 ] } },
{ "type": "Feature", "properties": { "lon": 76.6788356, "lat": 30.5466197, "elevation": 279.0, "slope_to_next": -2.0, "flow_direction_deg": 133.02387256774131 }, "geometry": { "type": "Point", "coordinates": [ 76.6788356, 30.5466197 ] } },
{ "type": "Feature", "properties": { "lon": 76.679122, "lat": 30.5463895, "elevation": 277.0, "slope_to_next": 1.0, "flow_direction_deg": 136.36249236664327 }, "geometry": { "type": "Point", "coordinates": [ 76.679122, 30.5463895 ] } },
{ "type": "Feature", "properties": { "lon": 76.6793668, "lat": 30.5461684, "elevation": 278.0, "slope_to_next": 0.0, "flow_direction_deg": 145.6477767008173 }, "geometry": { "type": "Point", "coordinates": [ 76.6793668, 30.5461684 ] } },
{ "type": "Feature", "properties": { "lon": 76.6794814, "lat": 30.546024, "elevation": 278.0, "slope_to_next": 3.0, "flow_direction_deg": 137.63559124790879 }, "geometry": { "type": "Point", "coordinates": [ 76.6794814, 30.546024 ] } },
{ "type": "Feature", "properties": { "lon": 76.679909, "lat": 30.5456202, "elevation": 281.0, "slope_to_next": 0.0, "flow_direction_deg": 246.06292637784227 }, "geometry": { "type": "Point", "coordinates": [ 76.679909, 30.5456202 ] } },
{ "type": "Feature", "properties": { "lon": 76.6794081, "lat": 30.5454287, "elevation": 281.0, "slope_to_next": 0.0, "flow_direction_deg": 258.8970695660409 }, "geometry": { "type": "Point", "coordinates": [ 76.6794081, 30.5454287 ] } },
{ "type": "Feature", "properties": { "lon": 76.6788188, "lat": 30.5453291, "elevation": 281.0, "slope_to_next": -1.0, "flow_direction_deg": 207.11431985227111 }, "geometry": { "type": "Point", "coordinates": [ 76.6788188, 30.5453291 ] } },
{ "type": "Feature", "properties": { "lon": 76.6786204, "lat": 30.5449954, "elevation": 280.0, "slope_to_next": -1.0, "flow_direction_deg": 136.18037589356436 }, "geometry": { "type": "Point", "coordinates": [ 76.6786204, 30.5449954 ] } },
{ "type": "Feature", "properties": { "lon": 76.6791627, "lat": 30.5445087, "elevation": 279.0, "slope_to_next": 0.0, "flow_direction_deg": 145.86805111181417 }, "geometry": { "type": "Point", "coordinates": [ 76.6791627, 30.5445087 ] } },
{ "type": "Feature", "properties": { "lon": 76.6795002, "lat": 30.5440799, "elevation": 279.0, "slope_to_next": 4.0, "flow_direction_deg": 190.34538975541088 }, "geometry": { "type": "Point", "coordinates": [ 76.6795002, 30.5440799 ] } },
{ "type": "Feature", "properties": { "lon": 76.6794123, "lat": 30.5436652, "elevation": 283.0, "slope_to_next": -2.0, "flow_direction_deg": 207.9317866162703 }, "geometry": { "type": "Point", "coordinates": [ 76.6794123, 30.5436652 ] } },
{ "type": "Feature", "properties": { "lon": 76.6790587, "lat": 30.5430908, "elevation": 281.0, "slope_to_next": 2.0, "flow_direction_deg": 6.8188835810811952 }, "geometry": { "type": "Point", "coordinates": [ 76.6790587, 30.5430908 ] } },
{ "type": "Feature", "properties": { "lon": 76.6849424, "lat": 30.5854492, "elevation": 283.0, "slope_to_next": 0.0, "flow_direction_deg": 113.85123983124572 }, "geometry": { "type": "Point", "coordinates": [ 76.6849424, 30.5854492 ] } },
{ "type": "Feature", "properties": { "lon": 76.6856728, "lat": 30.5851712, "elevation": 283.0, "slope_to_next": 2.0, "flow_direction_deg": 145.5126380839381 }, "geometry": { "type": "Point", "coordinates": [ 76.6856728, 30.5851712 ] } },
{ "type": "Feature", "properties": { "lon": 76.6866989, "lat": 30.5838853, "elevation": 285.0, "slope_to_next": -2.0, "flow_direction_deg": 165.69352376803045 }, "geometry": { "type": "Point", "coordinates": [ 76.6866989, 30.5838853 ] } },
{ "type": "Feature", "properties": { "lon": 76.6873446, "lat": 30.5817055, "elevation": 283.0, "slope_to_next": 0.0, "flow_direction_deg": 173.86392094095743 }, "geometry": { "type": "Point", "coordinates": [ 76.6873446, 30.5817055 ] } },
{ "type": "Feature", "properties": { "lon": 76.6875545, "lat": 30.5800246, "elevation": 283.0, "slope_to_next": 0.0, "flow_direction_deg": 213.86335614136067 }, "geometry": { "type": "Point", "coordinates": [ 76.6875545, 30.5800246 ] } },
{ "type": "Feature", "properties": { "lon": 76.687399, "lat": 30.5798251, "elevation": 283.0, "slope_to_next": -2.0, "flow_direction_deg": 213.85102566220388 }, "geometry": { "type": "Point", "coordinates": [ 76.687399, 30.5798251 ] } },
{ "type": "Feature", "properties": { "lon": 76.6866461, "lat": 30.5788587, "elevation": 281.0, "slope_to_next": 0.0, "flow_direction_deg": 235.669769449054 }, "geometry": { "type": "Point", "coordinates": [ 76.6866461, 30.5788587 ] } },
{ "type": "Feature", "properties": { "lon": 76.6853552, "lat": 30.5780997, "elevation": 281.0, "slope_to_next": 0.0, "flow_direction_deg": 213.56454662317461 }, "geometry": { "type": "Point", "coordinates": [ 76.6853552, 30.5780997 ] } },
{ "type": "Feature", "properties": { "lon": 76.6848417, "lat": 30.5774334, "elevation": 281.0, "slope_to_next": -2.0, "flow_direction_deg": 186.35324386837399 }, "geometry": { "type": "Point", "coordinates": [ 76.6848417, 30.5774334 ] } },
{ "type": "Feature", "properties": { "lon": 76.6847116, "lat": 30.5764274, "elevation": 279.0, "slope_to_next": 1.0, "flow_direction_deg": 160.84687559425026 }, "geometry": { "type": "Point", "coordinates": [ 76.6847116, 30.5764274 ] } },
{ "type": "Feature", "properties": { "lon": 76.6848511, "lat": 30.5760816, "elevation": 280.0, "slope_to_next": 0.0, "flow_direction_deg": 160.83769139680157 }, "geometry": { "type": "Point", "coordinates": [ 76.6848511, 30.5760816 ] } },
{ "type": "Feature", "properties": { "lon": 76.6852171, "lat": 30.5751748, "elevation": 280.0, "slope_to_next": 0.0, "flow_direction_deg": 159.34615297548669 }, "geometry": { "type": "Point", "coordinates": [ 76.6852171, 30.5751748 ] } },
{ "type": "Feature", "properties": { "lon": 76.6856135, "lat": 30.5742694, "elevation": 280.0, "slope_to_next": 0.0, "flow_direction_deg": 170.85258535960224 }, "geometry": { "type": "Point", "coordinates": [ 76.6856135, 30.5742694 ] } },
{ "type": "Feature", "properties": { "lon": 76.6857582, "lat": 30.5734957, "elevation": 280.0, "slope_to_next": 2.0, "flow_direction_deg": 163.22800635591307 }, "geometry": { "type": "Point", "coordinates": [ 76.6857582, 30.5734957 ] } },
{ "type": "Feature", "properties": { "lon": 76.6859823, "lat": 30.5728555, "elevation": 282.0, "slope_to_next": 0.0, "flow_direction_deg": 159.91369647757256 }, "geometry": { "type": "Point", "coordinates": [ 76.6859823, 30.5728555 ] } },
{ "type": "Feature", "properties": { "lon": 76.6861445, "lat": 30.5724736, "elevation": 282.0, "slope_to_next": -2.0, "flow_direction_deg": 134.38549168751092 }, "geometry": { "type": "Point", "coordinates": [ 76.6861445, 30.5724736 ] } },
{ "type": "Feature", "properties": { "lon": 76.686938, "lat": 30.5718049, "elevation": 280.0, "slope_to_next": 3.0, "flow_direction_deg": 189.61709106615103 }, "geometry": { "type": "Point", "coordinates": [ 76.686938, 30.5718049 ] } },
{ "type": "Feature", "properties": { "lon": 76.6867978, "lat": 30.5710925, "elevation": 283.0, "slope_to_next": -1.0, "flow_direction_deg": 123.84368179571999 }, "geometry": { "type": "Point", "coordinates": [ 76.6867978, 30.5710925 ] } },
{ "type": "Feature", "properties": { "lon": 76.6869452, "lat": 30.5710074, "elevation": 282.0, "slope_to_next": 0.0, "flow_direction_deg": 163.10457090566422 }, "geometry": { "type": "Point", "coordinates": [ 76.6869452, 30.5710074 ] } },
{ "type": "Feature", "properties": { "lon": 76.6871146, "lat": 30.5705272, "elevation": 282.0, "slope_to_next": -3.0, "flow_direction_deg": 141.34352431009506 }, "geometry": { "type": "Point", "coordinates": [ 76.6871146, 30.5705272 ] } },
{ "type": "Feature", "properties": { "lon": 76.68765, "lat": 30.5699509, "elevation": 279.0, "slope_to_next": 1.0, "flow_direction_deg": 142.65687112132167 }, "geometry": { "type": "Point", "coordinates": [ 76.68765, 30.5699509 ] } },
{ "type": "Feature", "properties": { "lon": 76.6880703, "lat": 30.5694766, "elevation": 280.0, "slope_to_next": 1.0, "flow_direction_deg": 162.68397736187171 }, "geometry": { "type": "Point", "coordinates": [ 76.6880703, 30.5694766 ] } },
{ "type": "Feature", "properties": { "lon": 76.6886079, "lat": 30.5679919, "elevation": 281.0, "slope_to_next": 3.0, "flow_direction_deg": 182.75966009201269 }, "geometry": { "type": "Point", "coordinates": [ 76.6886079, 30.5679919 ] } },
{ "type": "Feature", "properties": { "lon": 76.6884859, "lat": 30.5658126, "elevation": 284.0, "slope_to_next": -1.0, "flow_direction_deg": 169.00328369460999 }, "geometry": { "type": "Point", "coordinates": [ 76.6884859, 30.5658126 ] } },
{ "type": "Feature", "properties": { "lon": 76.6887508, "lat": 30.5646388, "elevation": 283.0, "slope_to_next": -1.0, "flow_direction_deg": 169.00462149633245 }, "geometry": { "type": "Point", "coordinates": [ 76.6887508, 30.5646388 ] } },
{ "type": "Feature", "properties": { "lon": 76.6888884, "lat": 30.564029, "elevation": 282.0, "slope_to_next": -3.0, "flow_direction_deg": 216.24547111275842 }, "geometry": { "type": "Point", "coordinates": [ 76.6888884, 30.564029 ] } },
{ "type": "Feature", "properties": { "lon": 76.6879815, "lat": 30.5629638, "elevation": 279.0, "slope_to_next": -1.0, "flow_direction_deg": 260.00570893456279 }, "geometry": { "type": "Point", "coordinates": [ 76.6879815, 30.5629638 ] } },
{ "type": "Feature", "properties": { "lon": 76.6873594, "lat": 30.5628694, "elevation": 278.0, "slope_to_next": 2.0, "flow_direction_deg": 316.7262803988483 }, "geometry": { "type": "Point", "coordinates": [ 76.6873594, 30.5628694 ] } },
{ "type": "Feature", "properties": { "lon": 76.6866769, "lat": 30.5634936, "elevation": 280.0, "slope_to_next": 0.0, "flow_direction_deg": 316.73137050653366 }, "geometry": { "type": "Point", "coordinates": [ 76.6866769, 30.5634936 ] } },
{ "type": "Feature", "properties": { "lon": 76.6861714, "lat": 30.563956, "elevation": 280.0, "slope_to_next": -1.0, "flow_direction_deg": 0.39981856420956774 }, "geometry": { "type": "Point", "coordinates": [ 76.6861714, 30.563956 ] } },
{ "type": "Feature", "properties": { "lon": 76.686176, "lat": 30.5645236, "elevation": 279.0, "slope_to_next": 3.0, "flow_direction_deg": 331.77774553776032 }, "geometry": { "type": "Point", "coordinates": [ 76.686176, 30.5645236 ] } },
{ "type": "Feature", "properties": { "lon": 76.6856475, "lat": 30.5653715, "elevation": 282.0, "slope_to_next": -1.0, "flow_direction_deg": 276.71720430194659 }, "geometry": { "type": "Point", "coordinates": [ 76.6856475, 30.5653715 ] } },
{ "type": "Feature", "properties": { "lon": 76.6850588, "lat": 30.5654312, "elevation": 281.0, "slope_to_next": -2.0, "flow_direction_deg": 276.71685542050898 }, "geometry": { "type": "Point", "coordinates": [ 76.6850588, 30.5654312 ] } },
{ "type": "Feature", "properties": { "lon": 76.6841752, "lat": 30.5655208, "elevation": 279.0, "slope_to_next": -1.0, "flow_direction_deg": 247.16478142337905 }, "geometry": { "type": "Point", "coordinates": [ 76.6841752, 30.5655208 ] } },
{ "type": "Feature", "properties": { "lon": 76.6823268, "lat": 30.5648506, "elevation": 278.0, "slope_to_next": -1.0, "flow_direction_deg": 269.60310263834174 }, "geometry": { "type": "Point", "coordinates": [ 76.6823268, 30.5648506 ] } },
{ "type": "Feature", "properties": { "lon": 76.6817905, "lat": 30.5648474, "elevation": 277.0, "slope_to_next": 6.0, "flow_direction_deg": 5.9360441497357215 }, "geometry": { "type": "Point", "coordinates": [ 76.6817905, 30.5648474 ] } },
{ "type": "Feature", "properties": { "lon": 76.6871877, "lat": 30.6095225, "elevation": 283.0, "slope_to_next": -1.0, "flow_direction_deg": 227.96043014821475 }, "geometry": { "type": "Point", "coordinates": [ 76.6871877, 30.6095225 ] } },
{ "type": "Feature", "properties": { "lon": 76.6868274, "lat": 30.6092429, "elevation": 282.0, "slope_to_next": 4.0, "flow_direction_deg": 218.82360714762444 }, "geometry": { "type": "Point", "coordinates": [ 76.6868274, 30.6092429 ] } },
{ "type": "Feature", "properties": { "lon": 76.6856457, "lat": 30.607979, "elevation": 286.0, "slope_to_next": 0.0, "flow_direction_deg": 174.75413685821741 }, "geometry": { "type": "Point", "coordinates": [ 76.6856457, 30.607979 ] } },
{ "type": "Feature", "properties": { "lon": 76.6858178, "lat": 30.6063657, "elevation": 286.0, "slope_to_next": -1.0, "flow_direction_deg": 145.27226542970322 }, "geometry": { "type": "Point", "coordinates": [ 76.6858178, 30.6063657 ] } },
{ "type": "Feature", "properties": { "lon": 76.6869629, "lat": 30.6049438, "elevation": 285.0, "slope_to_next": 0.0, "flow_direction_deg": 120.94371203562781 }, "geometry": { "type": "Point", "coordinates": [ 76.6869629, 30.6049438 ] } },
{ "type": "Feature", "properties": { "lon": 76.6878714, "lat": 30.604475, "elevation": 285.0, "slope_to_next": 0.0, "flow_direction_deg": 120.94604452543524 }, "geometry": { "type": "Point", "coordinates": [ 76.6878714, 30.604475 ] } },
{ "type": "Feature", "properties": { "lon": 76.6881578, "lat": 30.6043272, "elevation": 285.0, "slope_to_next": 0.0, "flow_direction_deg": 196.98766340842997 }, "geometry": { "type": "Point", "coordinates": [ 76.6881578, 30.6043272 ] } },
{ "type": "Feature", "properties": { "lon": 76.6877541, "lat": 30.6031898, "elevation": 285.0, "slope_to_next": 2.0, "flow_direction_deg": 253.49040280460088 }, "geometry": { "type": "Point", "coordinates": [ 76.6877541, 30.6031898 ] } },
{ "type": "Feature", "properties": { "lon": 76.6864986, "lat": 30.6028695, "elevation": 287.0, "slope_to_next": -2.0, "flow_direction_deg": 253.49307994076707 }, "geometry": { "type": "Point", "coordinates": [ 76.6864986, 30.6028695 ] } },
{ "type": "Feature", "properties": { "lon": 76.6853703, "lat": 30.6025817, "elevation": 285.0, "slope_to_next": 0.0, "flow_direction_deg": 280.03191879461292 }, "geometry": { "type": "Point", "coordinates": [ 76.6853703, 30.6025817 ] } },
{ "type": "Feature", "properties": { "lon": 76.6835188, "lat": 30.6028636, "elevation": 285.0, "slope_to_next": -1.0, "flow_direction_deg": 305.18867455162723 }, "geometry": { "type": "Point", "coordinates": [ 76.6835188, 30.6028636 ] } },
{ "type": "Feature", "properties": { "lon": 76.6825806, "lat": 30.603433, "elevation": 284.0, "slope_to_next": 1.0, "flow_direction_deg": 305.19343625154988 }, "geometry": { "type": "Point", "coordinates": [ 76.6825806, 30.603433 ] } },
{ "type": "Feature", "properties": { "lon": 76.6820559, "lat": 30.6037515, "elevation": 285.0, "slope_to_next": 2.0, "flow_direction_deg": 262.50573832054687 }, "geometry": { "type": "Point", "coordinates": [ 76.6820559, 30.6037515 ] } },
{ "type": "Feature", "properties": { "lon": 76.680151, "lat": 30.6035358, "elevation": 287.0, "slope_to_next": -2.0, "flow_direction_deg": 225.9361703535746 }, "geometry": { "type": "Point", "coordinates": [ 76.680151, 30.6035358 ] } },
{ "type": "Feature", "properties": { "lon": 76.6773637, "lat": 30.6012138, "elevation": 285.0, "slope_to_next": 0.0, "flow_direction_deg": 221.83759493067211 }, "geometry": { "type": "Point", "coordinates": [ 76.6773637, 30.6012138 ] } },
{ "type": "Feature", "properties": { "lon": 76.6762232, "lat": 30.6001173, "elevation": 285.0, "slope_to_next": 2.0, "flow_direction_deg": 169.83088924381536 }, "geometry": { "type": "Point", "coordinates": [ 76.6762232, 30.6001173 ] } },
{ "type": "Feature", "properties": { "lon": 76.6764055, "lat": 30.5992425, "elevation": 287.0, "slope_to_next": 0.0, "flow_direction_deg": 179.27645985246613 }, "geometry": { "type": "Point", "coordinates": [ 76.6764055, 30.5992425 ] } },
{ "type": "Feature", "properties": { "lon": 76.6764257, "lat": 30.5978657, "elevation": 287.0, "slope_to_next": -2.0, "flow_direction_deg": 174.98464273448519 }, "geometry": { "type": "Point", "coordinates": [ 76.6764257, 30.5978657 ] } },
{ "type": "Feature", "properties": { "lon": 76.6765285, "lat": 30.5968574, "elevation": 285.0, "slope_to_next": 0.0, "flow_direction_deg": 188.32773303916301 }, "geometry": { "type": "Point", "coordinates": [ 76.6765285, 30.5968574 ] } },
{ "type": "Feature", "properties": { "lon": 76.6763176, "lat": 30.5956172, "elevation": 285.0, "slope_to_next": 0.0, "flow_direction_deg": 163.48146973109874 }, "geometry": { "type": "Point", "coordinates": [ 76.6763176, 30.5956172 ] } },
{ "type": "Feature", "properties": { "lon": 76.6767352, "lat": 30.5944051, "elevation": 285.0, "slope_to_next": -1.0, "flow_direction_deg": 168.90215167630663 }, "geometry": { "type": "Point", "coordinates": [ 76.6767352, 30.5944051 ] } },
{ "type": "Feature", "properties": { "lon": 76.6768575, "lat": 30.5938684, "elevation": 284.0, "slope_to_next": 0.0, "flow_direction_deg": 168.91799688977972 }, "geometry": { "type": "Point", "coordinates": [ 76.6768575, 30.5938684 ] } },
{ "type": "Feature", "properties": { "lon": 76.6769117, "lat": 30.5936302, "elevation": 284.0, "slope_to_next": -5.0, "flow_direction_deg": 119.84425121530217 }, "geometry": { "type": "Point", "coordinates": [ 76.6769117, 30.5936302 ] } },
{ "type": "Feature", "properties": { "lon": 76.6782997, "lat": 30.5929447, "elevation": 279.0, "slope_to_next": 4.0, "flow_direction_deg": 113.87563126316962 }, "geometry": { "type": "Point", "coordinates": [ 76.6782997, 30.5929447 ] } },
{ "type": "Feature", "properties": { "lon": 76.6809252, "lat": 30.5919443, "elevation": 283.0, "slope_to_next": -1.0, "flow_direction_deg": 134.80926944645557 }, "geometry": { "type": "Point", "coordinates": [ 76.6809252, 30.5919443 ] } },
{ "type": "Feature", "properties": { "lon": 76.6820378, "lat": 30.5909929, "elevation": 282.0, "slope_to_next": -1.0, "flow_direction_deg": 172.59974556259101 }, "geometry": { "type": "Point", "coordinates": [ 76.6820378, 30.5909929 ] } },
{ "type": "Feature", "properties": { "lon": 76.6821235, "lat": 30.5904249, "elevation": 281.0, "slope_to_next": 1.0, "flow_direction_deg": 199.80601636949461 }, "geometry": { "type": "Point", "coordinates": [ 76.6821235, 30.5904249 ] } },
{ "type": "Feature", "properties": { "lon": 76.6817863, "lat": 30.5896189, "elevation": 282.0, "slope_to_next": 2.0, "flow_direction_deg": 236.85107442683812 }, "geometry": { "type": "Point", "coordinates": [ 76.6817863, 30.5896189 ] } },
{ "type": "Feature", "properties": { "lon": 76.6811997, "lat": 30.5892891, "elevation": 284.0, "slope_to_next": 1.0, "flow_direction_deg": 199.02332118138068 }, "geometry": { "type": "Point", "coordinates": [ 76.6811997, 30.5892891 ] } },
{ "type": "Feature", "properties": { "lon": 76.6809988, "lat": 30.5887875, "elevation": 285.0, "slope_to_next": -2.0, "flow_direction_deg": 155.76122851602781 }, "geometry": { "type": "Point", "coordinates": [ 76.6809988, 30.5887875 ] } },
{ "type": "Feature", "properties": { "lon": 76.6812636, "lat": 30.5882812, "elevation": 283.0, "slope_to_next": -2.0, "flow_direction_deg": 139.75927510090037 }, "geometry": { "type": "Point", "coordinates": [ 76.6812636, 30.5882812 ] } },
{ "type": "Feature", "properties": { "lon": 76.6822972, "lat": 30.5872298, "elevation": 281.0, "slope_to_next": 2.0, "flow_direction_deg": 145.41430583256988 }, "geometry": { "type": "Point", "coordinates": [ 76.6822972, 30.5872298 ] } },
{ "type": "Feature", "properties": { "lon": 76.6833275, "lat": 30.5859434, "elevation": 283.0, "slope_to_next": 0.0, "flow_direction_deg": 108.08844350212422 }, "geometry": { "type": "Point", "coordinates": [ 76.6833275, 30.5859434 ] } },
{ "type": "Feature", "properties": { "lon": 76.6845395, "lat": 30.5856026, "elevation": 283.0, "slope_to_next": 0.0, "flow_direction_deg": 113.85840002208039 }, "geometry": { "type": "Point", "coordinates": [ 76.6845395, 30.5856026 ] } },
{ "type": "Feature", "properties": { "lon": 76.6849424, "lat": 30.5854492, "elevation": 283.0, "slope_to_next": 5.0, "flow_direction_deg": 15.642281479108874 }, "geometry": { "type": "Point", "coordinates": [ 76.6849424, 30.5854492 ] } },
{ "type": "Feature", "properties": { "lon": 76.6964517, "lat": 30.6208215, "elevation": 288.0, "slope_to_next": 0.0, "flow_direction_deg": 253.62749910644351 }, "geometry": { "type": "Point", "coordinates": [ 76.6964517, 30.6208215 ] } },
{ "type": "Feature", "properties": { "lon": 76.6958774, "lat": 30.6206763, "elevation": 288.0, "slope_to_next": 0.0, "flow_direction_deg": 242.76526756085278 }, "geometry": { "type": "Point", "coordinates": [ 76.6958774, 30.6206763 ] } },
{ "type": "Feature", "properties": { "lon": 76.694819, "lat": 30.6202075, "elevation": 288.0, "slope_to_next": 1.0, "flow_direction_deg": 225.53376274185908 }, "geometry": { "type": "Point", "coordinates": [ 76.694819, 30.6202075 ] } },
{ "type": "Feature", "properties": { "lon": 76.6940335, "lat": 30.619544, "elevation": 289.0, "slope_to_next": -1.0, "flow_direction_deg": 167.8623187688446 }, "geometry": { "type": "Point", "coordinates": [ 76.6940335, 30.619544 ] } },
{ "type": "Feature", "properties": { "lon": 76.6942496, "lat": 30.6186793, "elevation": 288.0, "slope_to_next": 1.0, "flow_direction_deg": 167.86571337711325 }, "geometry": { "type": "Point", "coordinates": [ 76.6942496, 30.6186793 ] } },
{ "type": "Feature", "properties": { "lon": 76.6943279, "lat": 30.6183659, "elevation": 289.0, "slope_to_next": -1.0, "flow_direction_deg": 243.01161534448329 }, "geometry": { "type": "Point", "coordinates": [ 76.6943279, 30.6183659 ] } },
{ "type": "Feature", "properties": { "lon": 76.6934296, "lat": 30.6179722, "elevation": 288.0, "slope_to_next": 1.0, "flow_direction_deg": 279.33932167926133 }, "geometry": { "type": "Point", "coordinates": [ 76.6934296, 30.6179722 ] } },
{ "type": "Feature", "properties": { "lon": 76.6926658, "lat": 30.6180803, "elevation": 289.0, "slope_to_next": 0.0, "flow_direction_deg": 279.33180828974292 }, "geometry": { "type": "Point", "coordinates": [ 76.6926658, 30.6180803 ] } },
{ "type": "Feature", "properties": { "lon": 76.692151, "lat": 30.6181531, "elevation": 289.0, "slope_to_next": 0.0, "flow_direction_deg": 221.88763437282765 }, "geometry": { "type": "Point", "coordinates": [ 76.692151, 30.6181531 ] } },
{ "type": "Feature", "properties": { "lon": 76.6912855, "lat": 30.6173226, "elevation": 289.0, "slope_to_next": -1.0, "flow_direction_deg": 201.94977588369423 }, "geometry": { "type": "Point", "coordinates": [ 76.6912855, 30.6173226 ] } },
{ "type": "Feature", "properties": { "lon": 76.6905657, "lat": 30.6157855, "elevation": 288.0, "slope_to_next": -1.0, "flow_direction_deg": 186.86867221533475 }, "geometry": { "type": "Point", "coordinates": [ 76.6905657, 30.6157855 ] } },
{ "type": "Feature", "properties": { "lon": 76.6903076, "lat": 30.6139415, "elevation": 287.0, "slope_to_next": 1.0, "flow_direction_deg": 194.00223903464826 }, "geometry": { "type": "Point", "coordinates": [ 76.6903076, 30.6139415 ] } },
{ "type": "Feature", "properties": { "lon": 76.6898267, "lat": 30.6122818, "elevation": 288.0, "slope_to_next": 2.0, "flow_direction_deg": 194.00382581941787 }, "geometry": { "type": "Point", "coordinates": [ 76.6898267, 30.6122818 ] } },
{ "type": "Feature", "properties": { "lon": 76.6896965, "lat": 30.6118325, "elevation": 290.0, "slope_to_next": -3.0, "flow_direction_deg": 219.82424746474175 }, "geometry": { "type": "Point", "coordinates": [ 76.6896965, 30.6118325 ] } },
{ "type": "Feature", "properties": { "lon": 76.6882791, "lat": 30.6103696, "elevation": 287.0, "slope_to_next": -3.0, "flow_direction_deg": 227.95732892265372 }, "geometry": { "type": "Point", "coordinates": [ 76.6882791, 30.6103696 ] } },
{ "type": "Feature", "properties": { "lon": 76.6875234, "lat": 30.6097831, "elevation": 284.0, "slope_to_next": -1.0, "flow_direction_deg": 227.95049154927005 }, "geometry": { "type": "Point", "coordinates": [ 76.6875234, 30.6097831 ] } },
{ "type": "Feature", "properties": { "lon": 76.6871877, "lat": 30.6095225, "elevation": 283.0, "slope_to_next": 7.0, "flow_direction_deg": 55.716434374139624 }, "geometry": { "type": "Point", "coordinates": [ 76.6871877, 30.6095225 ] } },
{ "type": "Feature", "properties": { "lon": 76.7110148, "lat": 30.6234986, "elevation": 290.0, "slope_to_next": 0.0, "flow_direction_deg": 253.50106159869259 }, "geometry": { "type": "Point", "coordinates": [ 76.7110148, 30.6234986 ] } },
{ "type": "Feature", "properties": { "lon": 76.7105083, "lat": 30.6233695, "elevation": 290.0, "slope_to_next": -1.0, "flow_direction_deg": 315.8300335756108 }, "geometry": { "type": "Point", "coordinates": [ 76.7105083, 30.6233695 ] } },
{ "type": "Feature", "properties": { "lon": 76.709396, "lat": 30.6243548, "elevation": 289.0, "slope_to_next": 0.0, "flow_direction_deg": 313.53614519533124 }, "geometry": { "type": "Point", "coordinates": [ 76.709396, 30.6243548 ] } },
{ "type": "Feature", "properties": { "lon": 76.708897, "lat": 30.6247628, "elevation": 289.0, "slope_to_next": 1.0, "flow_direction_deg": 289.40716426273275 }, "geometry": { "type": "Point", "coordinates": [ 76.708897, 30.6247628 ] } },
{ "type": "Feature", "properties": { "lon": 76.7081934, "lat": 30.6249761, "elevation": 290.0, "slope_to_next": 1.0, "flow_direction_deg": 294.19280988140395 }, "geometry": { "type": "Point", "coordinates": [ 76.7081934, 30.6249761 ] } },
{ "type": "Feature", "properties": { "lon": 76.7073129, "lat": 30.6253165, "elevation": 291.0, "slope_to_next": 2.0, "flow_direction_deg": 240.81521037816256 }, "geometry": { "type": "Point", "coordinates": [ 76.7073129, 30.6253165 ] } },
{ "type": "Feature", "properties": { "lon": 76.7070393, "lat": 30.625185, "elevation": 293.0, "slope_to_next": 0.0, "flow_direction_deg": 195.55019873371094 }, "geometry": { "type": "Point", "coordinates": [ 76.7070393, 30.625185 ] } },
{ "type": "Feature", "properties": { "lon": 76.706877, "lat": 30.6246831, "elevation": 293.0, "slope_to_next": -2.0, "flow_direction_deg": 171.27004919075364 }, "geometry": { "type": "Point", "coordinates": [ 76.706877, 30.6246831 ] } },
{ "type": "Feature", "properties": { "lon": 76.7069775, "lat": 30.6241199, "elevation": 291.0, "slope_to_next": -1.0, "flow_direction_deg": 241.92429808358207 }, "geometry": { "type": "Point", "coordinates": [ 76.7069775, 30.6241199 ] } },
{ "type": "Feature", "properties": { "lon": 76.7064871, "lat": 30.6238948, "elevation": 290.0, "slope_to_next": 1.0, "flow_direction_deg": 252.72079123993771 }, "geometry": { "type": "Point", "coordinates": [ 76.7064871, 30.6238948 ] } },
{ "type": "Feature", "properties": { "lon": 76.7058524, "lat": 30.6237249, "elevation": 291.0, "slope_to_next": 0.0, "flow_direction_deg": 0.0 }, "geometry": { "type": "Point", "coordinates": [ 76.7058524, 30.6237249 ] } },
{ "type": "Feature", "properties": { "lon": 76.7058524, "lat": 30.6237249, "elevation": 291.0, "slope_to_next": 1.0, "flow_direction_deg": 252.71754891391649 }, "geometry": { "type": "Point", "coordinates": [ 76.7058524, 30.6237249 ] } },
{ "type": "Feature", "properties": { "lon": 76.7052309, "lat": 30.6235585, "elevation": 292.0, "slope_to_next": -2.0, "flow_direction_deg": 292.58914466689532 }, "geometry": { "type": "Point", "coordinates": [ 76.7052309, 30.6235585 ] } },
{ "type": "Feature", "properties": { "lon": 76.7048446, "lat": 30.6236968, "elevation": 290.0, "slope_to_next": -1.0, "flow_direction_deg": 269.40982972095918 }, "geometry": { "type": "Point", "coordinates": [ 76.7048446, 30.6236968 ] } },
{ "type": "Feature", "properties": { "lon": 76.7030973, "lat": 30.6236813, "elevation": 289.0, "slope_to_next": -2.0, "flow_direction_deg": 269.24597076100878 }, "geometry": { "type": "Point", "coordinates": [ 76.7030973, 30.6236813 ] } },
{ "type": "Feature", "properties": { "lon": 76.7015441, "lat": 30.6236637, "elevation": 287.0, "slope_to_next": 2.0, "flow_direction_deg": 335.7734322152503 }, "geometry": { "type": "Point", "coordinates": [ 76.7015441, 30.6236637 ] } },
{ "type": "Feature", "properties": { "lon": 76.7012793, "lat": 30.6241701, "elevation": 289.0, "slope_to_next": -1.0, "flow_direction_deg": 24.801115807875647 }, "geometry": { "type": "Point", "coordinates": [ 76.7012793, 30.6241701 ] } },
{ "type": "Feature", "properties": { "lon": 76.7016379, "lat": 30.6248379, "elevation": 288.0, "slope_to_next": 0.0, "flow_direction_deg": 8.2398233538567638 }, "geometry": { "type": "Point", "coordinates": [ 76.7016379, 30.6248379 ] } },
{ "type": "Feature", "properties": { "lon": 76.7017748, "lat": 30.6256514, "elevation": 288.0, "slope_to_next": 0.0, "flow_direction_deg": 8.2328733164407026 }, "geometry": { "type": "Point", "coordinates": [ 76.7017748, 30.6256514 ] } },
{ "type": "Feature", "properties": { "lon": 76.7018071, "lat": 30.6258435, "elevation": 288.0, "slope_to_next": 1.0, "flow_direction_deg": 318.5447226423662 }, "geometry": { "type": "Point", "coordinates": [ 76.7018071, 30.6258435 ] } },
{ "type": "Feature", "properties": { "lon": 76.701424, "lat": 30.6262167, "elevation": 289.0, "slope_to_next": -3.0, "flow_direction_deg": 306.35738647835086 }, "geometry": { "type": "Point", "coordinates": [ 76.701424, 30.6262167 ] } },
{ "type": "Feature", "properties": { "lon": 76.7006157, "lat": 30.6267287, "elevation": 286.0, "slope_to_next": 3.0, "flow_direction_deg": 272.79618175554594 }, "geometry": { "type": "Point", "coordinates": [ 76.7006157, 30.6267287 ] } },
{ "type": "Feature", "properties": { "lon": 76.6992474, "lat": 30.6267862, "elevation": 289.0, "slope_to_next": 0.0, "flow_direction_deg": 0.0 }, "geometry": { "type": "Point", "coordinates": [ 76.6992474, 30.6267862 ] } },
{ "type": "Feature", "properties": { "lon": 76.6992474, "lat": 30.6267862, "elevation": 289.0, "slope_to_next": 1.0, "flow_direction_deg": 272.7953264549451 }, "geometry": { "type": "Point", "coordinates": [ 76.6992474, 30.6267862 ] } },
{ "type": "Feature", "properties": { "lon": 76.6986095, "lat": 30.626813, "elevation": 290.0, "slope_to_next": 0.0, "flow_direction_deg": 235.01927214041461 }, "geometry": { "type": "Point", "coordinates": [ 76.6986095, 30.626813 ] } },
{ "type": "Feature", "properties": { "lon": 76.6978686, "lat": 30.6263669, "elevation": 290.0, "slope_to_next": 1.0, "flow_direction_deg": 218.36175477361849 }, "geometry": { "type": "Point", "coordinates": [ 76.6978686, 30.6263669 ] } },
{ "type": "Feature", "properties": { "lon": 76.6971839, "lat": 30.6256225, "elevation": 291.0, "slope_to_next": -4.0, "flow_direction_deg": 168.53601927045224 }, "geometry": { "type": "Point", "coordinates": [ 76.6971839, 30.6256225 ] } },
{ "type": "Feature", "properties": { "lon": 76.6974774, "lat": 30.6243771, "elevation": 287.0, "slope_to_next": -1.0, "flow_direction_deg": 141.89061354520578 }, "geometry": { "type": "Point", "coordinates": [ 76.6974774, 30.6243771 ] } },
{ "type": "Feature", "properties": { "lon": 76.6982806, "lat": 30.6234959, "elevation": 286.0, "slope_to_next": 4.0, "flow_direction_deg": 139.42757185538574 }, "geometry": { "type": "Point", "coordinates": [ 76.6982806, 30.6234959 ] } },
{ "type": "Feature", "properties": { "lon": 76.698862, "lat": 30.6229116, "elevation": 290.0, "slope_to_next": -2.0, "flow_direction_deg": 212.18152356565977 }, "geometry": { "type": "Point", "coordinates": [ 76.698862, 30.6229116 ] } },
{ "type": "Feature", "properties": { "lon": 76.6985488, "lat": 30.6224833, "elevation": 288.0, "slope_to_next": 0.0, "flow_direction_deg": 210.17995597375179 }, "geometry": { "type": "Point", "coordinates": [ 76.6985488, 30.6224833 ] } },
{ "type": "Feature", "properties": { "lon": 76.6976267, "lat": 30.6211188, "elevation": 288.0, "slope_to_next": 0.0, "flow_direction_deg": 253.61586540535615 }, "geometry": { "type": "Point", "coordinates": [ 76.6976267, 30.6211188 ] } },
{ "type": "Feature", "properties": { "lon": 76.6964517, "lat": 30.6208215, "elevation": 288.0, "slope_to_next": 1.0, "flow_direction_deg": 70.443757824279714 }, "geometry": { "type": "Point", "coordinates": [ 76.6964517, 30.6208215 ] } },
{ "type": "Feature", "properties": { "lon": 76.7161339, "lat": 30.6268363, "elevation": 289.0, "slope_to_next": 1.0, "flow_direction_deg": 175.82233005294972 }, "geometry": { "type": "Point", "coordinates": [ 76.7161339, 30.6268363 ] } },
{ "type": "Feature", "properties": { "lon": 76.7161453, "lat": 30.626702, "elevation": 290.0, "slope_to_next": 2.0, "flow_direction_deg": 216.5845654578433 }, "geometry": { "type": "Point", "coordinates": [ 76.7161453, 30.626702 ] } },
{ "type": "Feature", "properties": { "lon": 76.7158296, "lat": 30.626336, "elevation": 292.0, "slope_to_next": 2.0, "flow_direction_deg": 270.69443426742703 }, "geometry": { "type": "Point", "coordinates": [ 76.7158296, 30.626336 ] } },
{ "type": "Feature", "properties": { "lon": 76.7150144, "lat": 30.6263445, "elevation": 294.0, "slope_to_next": -5.0, "flow_direction_deg": 293.99252617361623 }, "geometry": { "type": "Point", "coordinates": [ 76.7150144, 30.6263445 ] } },
{ "type": "Feature", "properties": { "lon": 76.7142034, "lat": 30.6266551, "elevation": 289.0, "slope_to_next": 0.0, "flow_direction_deg": 315.84152313001323 }, "geometry": { "type": "Point", "coordinates": [ 76.7142034, 30.6266551 ] } },
{ "type": "Feature", "properties": { "lon": 76.714004, "lat": 30.6268318, "elevation": 289.0, "slope_to_next": 2.0, "flow_direction_deg": 315.82751867012792 }, "geometry": { "type": "Point", "coordinates": [ 76.714004, 30.6268318 ] } },
{ "type": "Feature", "properties": { "lon": 76.7135131, "lat": 30.6272666, "elevation": 291.0, "slope_to_next": 2.0, "flow_direction_deg": 252.17213817100088 }, "geometry": { "type": "Point", "coordinates": [ 76.7135131, 30.6272666 ] } },
{ "type": "Feature", "properties": { "lon": 76.71211, "lat": 30.6268783, "elevation": 293.0, "slope_to_next": 0.0, "flow_direction_deg": 208.12363677555945 }, "geometry": { "type": "Point", "coordinates": [ 76.71211, 30.6268783 ] } },
{ "type": "Feature", "properties": { "lon": 76.7111569, "lat": 30.6253438, "elevation": 293.0, "slope_to_next": -5.0, "flow_direction_deg": 191.23677644485525 }, "geometry": { "type": "Point", "coordinates": [ 76.7111569, 30.6253438 ] } },
{ "type": "Feature", "properties": { "lon": 76.7108473, "lat": 30.6240028, "elevation": 288.0, "slope_to_next": 2.0, "flow_direction_deg": 164.0459689182162 }, "geometry": { "type": "Point", "coordinates": [ 76.7108473, 30.6240028 ] } },
{ "type": "Feature", "properties": { "lon": 76.7110148, "lat": 30.6234986, "elevation": 290.0, "slope_to_next": 5.0, "flow_direction_deg": 33.195627636213544 }, "geometry": { "type": "Point", "coordinates": [ 76.7110148, 30.6234986 ] } },
{ "type": "Feature", "properties": { "lon": 76.7194536, "lat": 30.6345962, "elevation": 295.0, "slope_to_next": -1.0, "flow_direction_deg": 166.21556356868859 }, "geometry": { "type": "Point", "coordinates": [ 76.7194536, 30.6345962 ] } },
{ "type": "Feature", "properties": { "lon": 76.719551, "lat": 30.6342546, "elevation": 294.0, "slope_to_next": -1.0, "flow_direction_deg": 213.02730157136187 }, "geometry": { "type": "Point", "coordinates": [ 76.719551, 30.6342546 ] } },
{ "type": "Feature", "properties": { "lon": 76.7192741, "lat": 30.6338881, "elevation": 293.0, "slope_to_next": 0.0, "flow_direction_deg": 272.03517688151157 }, "geometry": { "type": "Point", "coordinates": [ 76.7192741, 30.6338881 ] } },
{ "type": "Feature", "properties": { "lon": 76.7178708, "lat": 30.633931, "elevation": 293.0, "slope_to_next": 2.0, "flow_direction_deg": 252.44065626791365 }, "geometry": { "type": "Point", "coordinates": [ 76.7178708, 30.633931 ] } },
{ "type": "Feature", "properties": { "lon": 76.7170584, "lat": 30.6337098, "elevation": 295.0, "slope_to_next": 1.0, "flow_direction_deg": 250.04431189610364 }, "geometry": { "type": "Point", "coordinates": [ 76.7170584, 30.6337098 ] } },
{ "type": "Feature", "properties": { "lon": 76.7161225, "lat": 30.6334174, "elevation": 296.0, "slope_to_next": 0.0, "flow_direction_deg": 222.53481770377314 }, "geometry": { "type": "Point", "coordinates": [ 76.7161225, 30.6334174 ] } },
{ "type": "Feature", "properties": { "lon": 76.7157684, "lat": 30.6330853, "elevation": 296.0, "slope_to_next": -1.0, "flow_direction_deg": 186.67204953472941 }, "geometry": { "type": "Point", "coordinates": [ 76.7157684, 30.6330853 ] } },
{ "type": "Feature", "properties": { "lon": 76.7156818, "lat": 30.6324483, "elevation": 295.0, "slope_to_next": -3.0, "flow_direction_deg": 157.29167171429845 }, "geometry": { "type": "Point", "coordinates": [ 76.7156818, 30.6324483 ] } },
{ "type": "Feature", "properties": { "lon": 76.7160593, "lat": 30.6316721, "elevation": 292.0, "slope_to_next": 0.0, "flow_direction_deg": 180.67934730851661 }, "geometry": { "type": "Point", "coordinates": [ 76.7160593, 30.6316721 ] } },
{ "type": "Feature", "properties": { "lon": 76.7160556, "lat": 30.6314036, "elevation": 292.0, "slope_to_next": -1.0, "flow_direction_deg": 182.53067680417297 }, "geometry": { "type": "Point", "coordinates": [ 76.7160556, 30.6314036 ] } },
{ "type": "Feature", "properties": { "lon": 76.7160268, "lat": 30.6308429, "elevation": 291.0, "slope_to_next": -1.0, "flow_direction_deg": 181.39000851146531 }, "geometry": { "type": "Point", "coordinates": [ 76.7160268, 30.6308429 ] } },
{ "type": "Feature", "properties": { "lon": 76.7159915, "lat": 30.6295911, "elevation": 290.0, "slope_to_next": -1.0, "flow_direction_deg": 187.56808592620385 }, "geometry": { "type": "Point", "coordinates": [ 76.7159915, 30.6295911 ] } },
{ "type": "Feature", "properties": { "lon": 76.7158207, "lat": 30.6284849, "elevation": 289.0, "slope_to_next": -1.0, "flow_direction_deg": 167.79243754143511 }, "geometry": { "type": "Point", "coordinates": [ 76.7158207, 30.6284849 ] } },
{ "type": "Feature", "properties": { "lon": 76.716082, "lat": 30.6274456, "elevation": 288.0, "slope_to_next": 1.0, "flow_direction_deg": 175.80786251228881 }, "geometry": { "type": "Point", "coordinates": [ 76.716082, 30.6274456 ] } },
{ "type": "Feature", "properties": { "lon": 76.7161339, "lat": 30.6268363, "elevation": 289.0, "slope_to_next": 1.0, "flow_direction_deg": 13.295004656153083 }, "geometry": { "type": "Point", "coordinates": [ 76.7161339, 30.6268363 ] } },
{ "type": "Feature", "properties": { "lon": 76.719613, "lat": 30.6395041, "elevation": 290.0, "slope_to_next": 1.0, "flow_direction_deg": 183.60333570911399 }, "geometry": { "type": "Point", "coordinates": [ 76.719613, 30.6395041 ] } },
{ "type": "Feature", "properties": { "lon": 76.7195866, "lat": 30.6391434, "elevation": 291.0, "slope_to_next": 1.0, "flow_direction_deg": 258.66018973937452 }, "geometry": { "type": "Point", "coordinates": [ 76.7195866, 30.6391434 ] } },
{ "type": "Feature", "properties": { "lon": 76.7194562, "lat": 30.6391209, "elevation": 292.0, "slope_to_next": 0.0, "flow_direction_deg": 224.91662047959684 }, "geometry": { "type": "Point", "coordinates": [ 76.7194562, 30.6391209 ] } },
{ "type": "Feature", "properties": { "lon": 76.719357, "lat": 30.6390353, "elevation": 292.0, "slope_to_next": 1.0, "flow_direction_deg": 225.45837431138352 }, "geometry": { "type": "Point", "coordinates": [ 76.719357, 30.6390353 ] } },
{ "type": "Feature", "properties": { "lon": 76.718835, "lat": 30.6385933, "elevation": 293.0, "slope_to_next": 0.0, "flow_direction_deg": 198.48235538646207 }, "geometry": { "type": "Point", "coordinates": [ 76.718835, 30.6385933 ] } },
{ "type": "Feature", "properties": { "lon": 76.7184323, "lat": 30.6375567, "elevation": 293.0, "slope_to_next": -3.0, "flow_direction_deg": 173.59815421631595 }, "geometry": { "type": "Point", "coordinates": [ 76.7184323, 30.6375567 ] } },
{ "type": "Feature", "properties": { "lon": 76.7185726, "lat": 30.6364808, "elevation": 290.0, "slope_to_next": 1.0, "flow_direction_deg": 154.82940330366944 }, "geometry": { "type": "Point", "coordinates": [ 76.7185726, 30.6364808 ] } },
{ "type": "Feature", "properties": { "lon": 76.7192919, "lat": 30.6351638, "elevation": 291.0, "slope_to_next": 4.0, "flow_direction_deg": 166.22878957444482 }, "geometry": { "type": "Point", "coordinates": [ 76.7192919, 30.6351638 ] } },
{ "type": "Feature", "properties": { "lon": 76.7194184, "lat": 30.6347197, "elevation": 295.0, "slope_to_next": 0.0, "flow_direction_deg": 166.22065960199859 }, "geometry": { "type": "Point", "coordinates": [ 76.7194184, 30.6347197 ] } },
{ "type": "Feature", "properties": { "lon": 76.7194536, "lat": 30.6345962, "elevation": 295.0, "slope_to_next": 7.0, "flow_direction_deg": 2.389604434747298 }, "geometry": { "type": "Point", "coordinates": [ 76.7194536, 30.6345962 ] } },
{ "type": "Feature", "properties": { "lon": 76.7211182, "lat": 30.668906, "elevation": 302.0, "slope_to_next": 0.0, "flow_direction_deg": 169.86355598877299 }, "geometry": { "type": "Point", "coordinates": [ 76.7211182, 30.668906 ] } },
{ "type": "Feature", "properties": { "lon": 76.721169, "lat": 30.6686616, "elevation": 302.0, "slope_to_next": -2.0, "flow_direction_deg": 118.6343733018229 }, "geometry": { "type": "Point", "coordinates": [ 76.721169, 30.6686616 ] } },
{ "type": "Feature", "properties": { "lon": 76.7224419, "lat": 30.6680638, "elevation": 300.0, "slope_to_next": 2.0, "flow_direction_deg": 147.01387178117483 }, "geometry": { "type": "Point", "coordinates": [ 76.7224419, 30.6680638 ] } },
{ "type": "Feature", "properties": { "lon": 76.7229013, "lat": 30.667455, "elevation": 302.0, "slope_to_next": -2.0, "flow_direction_deg": 224.07844707578485 }, "geometry": { "type": "Point", "coordinates": [ 76.7229013, 30.667455 ] } },
{ "type": "Feature", "properties": { "lon": 76.7220671, "lat": 30.666714, "elevation": 300.0, "slope_to_next": 1.0, "flow_direction_deg": 275.69259212538293 }, "geometry": { "type": "Point", "coordinates": [ 76.7220671, 30.666714 ] } },
{ "type": "Feature", "properties": { "lon": 76.7212495, "lat": 30.6667841, "elevation": 301.0, "slope_to_next": 0.0, "flow_direction_deg": 270.70565190778609 }, "geometry": { "type": "Point", "coordinates": [ 76.7212495, 30.6667841 ] } },
{ "type": "Feature", "properties": { "lon": 76.7207869, "lat": 30.666789, "elevation": 301.0, "slope_to_next": 3.0, "flow_direction_deg": 199.03428592305306 }, "geometry": { "type": "Point", "coordinates": [ 76.7207869, 30.666789 ] } },
{ "type": "Feature", "properties": { "lon": 76.7205657, "lat": 30.6662375, "elevation": 304.0, "slope_to_next": -4.0, "flow_direction_deg": 183.85986561686934 }, "geometry": { "type": "Point", "coordinates": [ 76.7205657, 30.6662375 ] } },
{ "type": "Feature", "properties": { "lon": 76.7205223, "lat": 30.6656842, "elevation": 300.0, "slope_to_next": -2.0, "flow_direction_deg": 152.262976453178 }, "geometry": { "type": "Point", "coordinates": [ 76.7205223, 30.6656842 ] } },
{ "type": "Feature", "properties": { "lon": 76.7209111, "lat": 30.6650482, "elevation": 298.0, "slope_to_next": 1.0, "flow_direction_deg": 129.87887256550283 }, "geometry": { "type": "Point", "coordinates": [ 76.7209111, 30.6650482 ] } },
{ "type": "Feature", "properties": { "lon": 76.7215392, "lat": 30.6645968, "elevation": 299.0, "slope_to_next": 3.0, "flow_direction_deg": 164.58217934895663 }, "geometry": { "type": "Point", "coordinates": [ 76.7215392, 30.6645968 ] } },
{ "type": "Feature", "properties": { "lon": 76.7217156, "lat": 30.6640466, "elevation": 302.0, "slope_to_next": -5.0, "flow_direction_deg": 164.56999778760883 }, "geometry": { "type": "Point", "coordinates": [ 76.7217156, 30.6640466 ] } },
{ "type": "Feature", "properties": { "lon": 76.7218461, "lat": 30.6636399, "elevation": 297.0, "slope_to_next": 4.0, "flow_direction_deg": 167.26029244084168 }, "geometry": { "type": "Point", "coordinates": [ 76.7218461, 30.6636399 ] } },
{ "type": "Feature", "properties": { "lon": 76.7220488, "lat": 30.6628687, "elevation": 301.0, "slope_to_next": 0.0, "flow_direction_deg": 107.41995797950744 }, "geometry": { "type": "Point", "coordinates": [ 76.7220488, 30.6628687 ] } },
{ "type": "Feature", "properties": { "lon": 76.7227298, "lat": 30.6626849, "elevation": 301.0, "slope_to_next": 0.0, "flow_direction_deg": 194.33098746076351 }, "geometry": { "type": "Point", "coordinates": [ 76.7227298, 30.6626849 ] } },
{ "type": "Feature", "properties": { "lon": 76.7225726, "lat": 30.6621556, "elevation": 301.0, "slope_to_next": 0.0, "flow_direction_deg": 177.3365672113149 }, "geometry": { "type": "Point", "coordinates": [ 76.7225726, 30.6621556 ] } },
{ "type": "Feature", "properties": { "lon": 76.7226009, "lat": 30.6616323, "elevation": 301.0, "slope_to_next": -2.0, "flow_direction_deg": 212.76267493717654 }, "geometry": { "type": "Point", "coordinates": [ 76.7226009, 30.6616323 ] } },
{ "type": "Feature", "properties": { "lon": 76.7219843, "lat": 30.6608081, "elevation": 299.0, "slope_to_next": 3.0, "flow_direction_deg": 174.37788176072797 }, "geometry": { "type": "Point", "coordinates": [ 76.7219843, 30.6608081 ] } },
{ "type": "Feature", "properties": { "lon": 76.7221112, "lat": 30.6596992, "elevation": 302.0, "slope_to_next": -3.0, "flow_direction_deg": 124.51868817065611 }, "geometry": { "type": "Point", "coordinates": [ 76.7221112, 30.6596992 ] } },
{ "type": "Feature", "properties": { "lon": 76.7227464, "lat": 30.6593234, "elevation": 299.0, "slope_to_next": 0.0, "flow_direction_deg": 86.279072202054351 }, "geometry": { "type": "Point", "coordinates": [ 76.7227464, 30.6593234 ] } },
{ "type": "Feature", "properties": { "lon": 76.7236724, "lat": 30.6593752, "elevation": 299.0, "slope_to_next": 0.0, "flow_direction_deg": 158.53666705636579 }, "geometry": { "type": "Point", "coordinates": [ 76.7236724, 30.6593752 ] } },
{ "type": "Feature", "properties": { "lon": 76.7239832, "lat": 30.6586952, "elevation": 299.0, "slope_to_next": 1.0, "flow_direction_deg": 151.76571153641981 }, "geometry": { "type": "Point", "coordinates": [ 76.7239832, 30.6586952 ] } },
{ "type": "Feature", "properties": { "lon": 76.7243312, "lat": 30.6581377, "elevation": 300.0, "slope_to_next": 1.0, "flow_direction_deg": 148.17568126321112 }, "geometry": { "type": "Point", "coordinates": [ 76.7243312, 30.6581377 ] } },
{ "type": "Feature", "properties": { "lon": 76.7249932, "lat": 30.6572201, "elevation": 301.0, "slope_to_next": -4.0, "flow_direction_deg": 192.97619440793912 }, "geometry": { "type": "Point", "coordinates": [ 76.7249932, 30.6572201 ] } },
{ "type": "Feature", "properties": { "lon": 76.7246941, "lat": 30.6561035, "elevation": 297.0, "slope_to_next": 1.0, "flow_direction_deg": 209.92771699104784 }, "geometry": { "type": "Point", "coordinates": [ 76.7246941, 30.6561035 ] } },
{ "type": "Feature", "properties": { "lon": 76.724367, "lat": 30.6556147, "elevation": 298.0, "slope_to_next": 0.0, "flow_direction_deg": 137.9470102340016 }, "geometry": { "type": "Point", "coordinates": [ 76.724367, 30.6556147 ] } },
{ "type": "Feature", "properties": { "lon": 76.724725, "lat": 30.6552733, "elevation": 298.0, "slope_to_next": 2.0, "flow_direction_deg": 197.28375773707933 }, "geometry": { "type": "Point", "coordinates": [ 76.724725, 30.6552733 ] } },
{ "type": "Feature", "properties": { "lon": 76.7244636, "lat": 30.6545506, "elevation": 300.0, "slope_to_next": 0.0, "flow_direction_deg": 187.23625469168772 }, "geometry": { "type": "Point", "coordinates": [ 76.7244636, 30.6545506 ] } },
{ "type": "Feature", "properties": { "lon": 76.7244209, "lat": 30.6542613, "elevation": 300.0, "slope_to_next": 1.0, "flow_direction_deg": 187.23189125160724 }, "geometry": { "type": "Point", "coordinates": [ 76.7244209, 30.6542613 ] } },
{ "type": "Feature", "properties": { "lon": 76.7243638, "lat": 30.6538742, "elevation": 301.0, "slope_to_next": -1.0, "flow_direction_deg": 205.10377651673684 }, "geometry": { "type": "Point", "coordinates": [ 76.7243638, 30.6538742 ] } },
{ "type": "Feature", "properties": { "lon": 76.7239402, "lat": 30.6530964, "elevation": 300.0, "slope_to_next": 0.0, "flow_direction_deg": 165.2421063140431 }, "geometry": { "type": "Point", "coordinates": [ 76.7239402, 30.6530964 ] } },
{ "type": "Feature", "properties": { "lon": 76.7241103, "lat": 30.6525409, "elevation": 300.0, "slope_to_next": -1.0, "flow_direction_deg": 144.84402239392819 }, "geometry": { "type": "Point", "coordinates": [ 76.7241103, 30.6525409 ] } },
{ "type": "Feature", "properties": { "lon": 76.7244403, "lat": 30.6521378, "elevation": 299.0, "slope_to_next": -1.0, "flow_direction_deg": 178.98901523349969 }, "geometry": { "type": "Point", "coordinates": [ 76.7244403, 30.6521378 ] } },
{ "type": "Feature", "properties": { "lon": 76.7244523, "lat": 30.6515528, "elevation": 298.0, "slope_to_next": 3.0, "flow_direction_deg": 194.66725182497709 }, "geometry": { "type": "Point", "coordinates": [ 76.7244523, 30.6515528 ] } },
{ "type": "Feature", "properties": { "lon": 76.724415, "lat": 30.6514302, "elevation": 301.0, "slope_to_next": -2.0, "flow_direction_deg": 270.69171063512789 }, "geometry": { "type": "Point", "coordinates": [ 76.724415, 30.6514302 ] } },
{ "type": "Feature", "properties": { "lon": 76.7241165, "lat": 30.6514333, "elevation": 299.0, "slope_to_next": -1.0, "flow_direction_deg": 270.68892632376787 }, "geometry": { "type": "Point", "coordinates": [ 76.7241165, 30.6514333 ] } },
{ "type": "Feature", "properties": { "lon": 76.7238458, "lat": 30.6514361, "elevation": 298.0, "slope_to_next": -2.0, "flow_direction_deg": 212.58063008172991 }, "geometry": { "type": "Point", "coordinates": [ 76.7238458, 30.6514361 ] } },
{ "type": "Feature", "properties": { "lon": 76.7236644, "lat": 30.6511919, "elevation": 296.0, "slope_to_next": 2.0, "flow_direction_deg": 207.14614358245998 }, "geometry": { "type": "Point", "coordinates": [ 76.7236644, 30.6511919 ] } },
{ "type": "Feature", "properties": { "lon": 76.7233, "lat": 30.6505805, "elevation": 298.0, "slope_to_next": 2.0, "flow_direction_deg": 178.69277914900317 }, "geometry": { "type": "Point", "coordinates": [ 76.7233, 30.6505805 ] } },
{ "type": "Feature", "properties": { "lon": 76.7233187, "lat": 30.6498755, "elevation": 300.0, "slope_to_next": 1.0, "flow_direction_deg": 207.54458186065199 }, "geometry": { "type": "Point", "coordinates": [ 76.7233187, 30.6498755 ] } },
{ "type": "Feature", "properties": { "lon": 76.7232799, "lat": 30.6498115, "elevation": 301.0, "slope_to_next": -2.0, "flow_direction_deg": 210.50425976836979 }, "geometry": { "type": "Point", "coordinates": [ 76.7232799, 30.6498115 ] } },
{ "type": "Feature", "properties": { "lon": 76.7230761, "lat": 30.6495139, "elevation": 299.0, "slope_to_next": 0.0, "flow_direction_deg": 199.6225796763874 }, "geometry": { "type": "Point", "coordinates": [ 76.7230761, 30.6495139 ] } },
{ "type": "Feature", "properties": { "lon": 76.7230238, "lat": 30.6493877, "elevation": 299.0, "slope_to_next": -1.0, "flow_direction_deg": 205.50232866136332 }, "geometry": { "type": "Point", "coordinates": [ 76.7230238, 30.6493877 ] } },
{ "type": "Feature", "properties": { "lon": 76.7229088, "lat": 30.6491803, "elevation": 298.0, "slope_to_next": 0.0, "flow_direction_deg": 202.67738628659777 }, "geometry": { "type": "Point", "coordinates": [ 76.7229088, 30.6491803 ] } },
{ "type": "Feature", "properties": { "lon": 76.7228409, "lat": 30.6490405, "elevation": 298.0, "slope_to_next": -1.0, "flow_direction_deg": 206.51542994340136 }, "geometry": { "type": "Point", "coordinates": [ 76.7228409, 30.6490405 ] } },
{ "type": "Feature", "properties": { "lon": 76.7227259, "lat": 30.6488422, "elevation": 297.0, "slope_to_next": 0.0, "flow_direction_deg": 199.01959966664904 }, "geometry": { "type": "Point", "coordinates": [ 76.7227259, 30.6488422 ] } },
{ "type": "Feature", "properties": { "lon": 76.7226789, "lat": 30.6487249, "elevation": 297.0, "slope_to_next": -1.0, "flow_direction_deg": 205.63251244086109 }, "geometry": { "type": "Point", "coordinates": [ 76.7226789, 30.6487249 ] } },
{ "type": "Feature", "properties": { "lon": 76.7226161, "lat": 30.6486123, "elevation": 296.0, "slope_to_next": 0.0, "flow_direction_deg": 218.16823009033226 }, "geometry": { "type": "Point", "coordinates": [ 76.7226161, 30.6486123 ] } },
{ "type": "Feature", "properties": { "lon": 76.7225378, "lat": 30.6485266, "elevation": 296.0, "slope_to_next": 1.0, "flow_direction_deg": 203.14332171266835 }, "geometry": { "type": "Point", "coordinates": [ 76.7225378, 30.6485266 ] } },
{ "type": "Feature", "properties": { "lon": 76.7224594, "lat": 30.6483688, "elevation": 297.0, "slope_to_next": 0.0, "flow_direction_deg": 200.80367889723237 }, "geometry": { "type": "Point", "coordinates": [ 76.7224594, 30.6483688 ] } },
{ "type": "Feature", "properties": { "lon": 76.7223758, "lat": 30.6481795, "elevation": 297.0, "slope_to_next": 0.0, "flow_direction_deg": 199.32719910604001 }, "geometry": { "type": "Point", "coordinates": [ 76.7223758, 30.6481795 ] } },
{ "type": "Feature", "properties": { "lon": 76.7223078, "lat": 30.6480127, "elevation": 297.0, "slope_to_next": -1.0, "flow_direction_deg": 204.38407861428428 }, "geometry": { "type": "Point", "coordinates": [ 76.7223078, 30.6480127 ] } },
{ "type": "Feature", "properties": { "lon": 76.7222294, "lat": 30.6478639, "elevation": 296.0, "slope_to_next": 0.0, "flow_direction_deg": 203.77546680542858 }, "geometry": { "type": "Point", "coordinates": [ 76.7222294, 30.6478639 ] } },
{ "type": "Feature", "properties": { "lon": 76.7221509, "lat": 30.6477106, "elevation": 296.0, "slope_to_next": -1.0, "flow_direction_deg": 180.04650252919953 }, "geometry": { "type": "Point", "coordinates": [ 76.7221509, 30.6477106 ] } },
{ "type": "Feature", "properties": { "lon": 76.7221507, "lat": 30.6474986, "elevation": 295.0, "slope_to_next": -1.0, "flow_direction_deg": 186.95412905819103 }, "geometry": { "type": "Point", "coordinates": [ 76.7221507, 30.6474986 ] } },
{ "type": "Feature", "properties": { "lon": 76.7221245, "lat": 30.6473138, "elevation": 294.0, "slope_to_next": 0.0, "flow_direction_deg": 193.60902277521632 }, "geometry": { "type": "Point", "coordinates": [ 76.7221245, 30.6473138 ] } },
{ "type": "Feature", "properties": { "lon": 76.7220826, "lat": 30.6471649, "elevation": 294.0, "slope_to_next": 0.0, "flow_direction_deg": 188.7633627942003 }, "geometry": { "type": "Point", "coordinates": [ 76.7220826, 30.6471649 ] } },
{ "type": "Feature", "properties": { "lon": 76.7220721, "lat": 30.6471063, "elevation": 294.0, "slope_to_next": 0.0, "flow_direction_deg": 193.58105104650485 }, "geometry": { "type": "Point", "coordinates": [ 76.7220721, 30.6471063 ] } },
{ "type": "Feature", "properties": { "lon": 76.7220354, "lat": 30.6469756, "elevation": 294.0, "slope_to_next": 0.0, "flow_direction_deg": 187.82136713674655 }, "geometry": { "type": "Point", "coordinates": [ 76.7220354, 30.6469756 ] } },
{ "type": "Feature", "properties": { "lon": 76.7220145, "lat": 30.6468447, "elevation": 294.0, "slope_to_next": 0.0, "flow_direction_deg": 174.54735143715732 }, "geometry": { "type": "Point", "coordinates": [ 76.7220145, 30.6468447 ] } },
{ "type": "Feature", "properties": { "lon": 76.72203, "lat": 30.646705, "elevation": 294.0, "slope_to_next": 1.0, "flow_direction_deg": 160.41130117055945 }, "geometry": { "type": "Point", "coordinates": [ 76.72203, 30.646705 ] } },
{ "type": "Feature", "properties": { "lon": 76.7221289, "lat": 30.6464659, "elevation": 295.0, "slope_to_next": 0.0, "flow_direction_deg": 173.74838989305169 }, "geometry": { "type": "Point", "coordinates": [ 76.7221289, 30.6464659 ] } },
{ "type": "Feature", "properties": { "lon": 76.7221651, "lat": 30.6461816, "elevation": 295.0, "slope_to_next": 0.0, "flow_direction_deg": 148.40669555457225 }, "geometry": { "type": "Point", "coordinates": [ 76.7221651, 30.6461816 ] } },
{ "type": "Feature", "properties": { "lon": 76.7223005, "lat": 30.6459922, "elevation": 295.0, "slope_to_next": -1.0, "flow_direction_deg": 134.23273008838851 }, "geometry": { "type": "Point", "coordinates": [ 76.7223005, 30.6459922 ] } },
{ "type": "Feature", "properties": { "lon": 76.7224569, "lat": 30.6458612, "elevation": 294.0, "slope_to_next": 0.0, "flow_direction_deg": 159.38207586326359 }, "geometry": { "type": "Point", "coordinates": [ 76.7224569, 30.6458612 ] } },
{ "type": "Feature", "properties": { "lon": 76.7225141, "lat": 30.6457304, "elevation": 294.0, "slope_to_next": 0.0, "flow_direction_deg": 180.04969115742676 }, "geometry": { "type": "Point", "coordinates": [ 76.7225141, 30.6457304 ] } },
{ "type": "Feature", "properties": { "lon": 76.722514, "lat": 30.6456312, "elevation": 294.0, "slope_to_next": 0.0, "flow_direction_deg": 190.60367941390686 }, "geometry": { "type": "Point", "coordinates": [ 76.722514, 30.6456312 ] } },
{ "type": "Feature", "properties": { "lon": 76.7224826, "lat": 30.6454869, "elevation": 294.0, "slope_to_next": 1.0, "flow_direction_deg": 218.30731487784706 }, "geometry": { "type": "Point", "coordinates": [ 76.7224826, 30.6454869 ] } },
{ "type": "Feature", "properties": { "lon": 76.7223625, "lat": 30.6453561, "elevation": 295.0, "slope_to_next": -1.0, "flow_direction_deg": 222.21547022522839 }, "geometry": { "type": "Point", "coordinates": [ 76.7223625, 30.6453561 ] } },
{ "type": "Feature", "properties": { "lon": 76.7222058, "lat": 30.6452075, "elevation": 294.0, "slope_to_next": 4.0, "flow_direction_deg": 224.90246151754701 }, "geometry": { "type": "Point", "coordinates": [ 76.7222058, 30.6452075 ] } },
{ "type": "Feature", "properties": { "lon": 76.7220544, "lat": 30.6450768, "elevation": 298.0, "slope_to_next": 0.0, "flow_direction_deg": 235.38836972835406 }, "geometry": { "type": "Point", "coordinates": [ 76.7220544, 30.6450768 ] } },
{ "type": "Feature", "properties": { "lon": 76.7218875, "lat": 30.6449777, "elevation": 298.0, "slope_to_next": 1.0, "flow_direction_deg": 249.86600193060724 }, "geometry": { "type": "Point", "coordinates": [ 76.7218875, 30.6449777 ] } },
{ "type": "Feature", "properties": { "lon": 76.7216735, "lat": 30.6449102, "elevation": 299.0, "slope_to_next": 2.0, "flow_direction_deg": 247.7501056312413 }, "geometry": { "type": "Point", "coordinates": [ 76.7216735, 30.6449102 ] } },
{ "type": "Feature", "properties": { "lon": 76.7214178, "lat": 30.6448202, "elevation": 301.0, "slope_to_next": -1.0, "flow_direction_deg": 252.07486122779602 }, "geometry": { "type": "Point", "coordinates": [ 76.7214178, 30.6448202 ] } },
{ "type": "Feature", "properties": { "lon": 76.7210786, "lat": 30.6447258, "elevation": 300.0, "slope_to_next": -3.0, "flow_direction_deg": 228.98452013867413 }, "geometry": { "type": "Point", "coordinates": [ 76.7210786, 30.6447258 ] } },
{ "type": "Feature", "properties": { "lon": 76.7208438, "lat": 30.6445501, "elevation": 297.0, "slope_to_next": 0.0, "flow_direction_deg": 200.88827188763503 }, "geometry": { "type": "Point", "coordinates": [ 76.7208438, 30.6445501 ] } },
{ "type": "Feature", "properties": { "lon": 76.7207758, "lat": 30.6443968, "elevation": 297.0, "slope_to_next": 1.0, "flow_direction_deg": 205.67925968480338 }, "geometry": { "type": "Point", "coordinates": [ 76.7207758, 30.6443968 ] } },
{ "type": "Feature", "properties": { "lon": 76.7207027, "lat": 30.644266, "elevation": 298.0, "slope_to_next": -2.0, "flow_direction_deg": 220.77497550416268 }, "geometry": { "type": "Point", "coordinates": [ 76.7207027, 30.644266 ] } },
{ "type": "Feature", "properties": { "lon": 76.7205356, "lat": 30.6440993, "elevation": 296.0, "slope_to_next": -1.0, "flow_direction_deg": 225.7358145607036 }, "geometry": { "type": "Point", "coordinates": [ 76.7205356, 30.6440993 ] } },
{ "type": "Feature", "properties": { "lon": 76.7203529, "lat": 30.6439461, "elevation": 295.0, "slope_to_next": 0.0, "flow_direction_deg": 223.80831249197513 }, "geometry": { "type": "Point", "coordinates": [ 76.7203529, 30.6439461 ] } },
{ "type": "Feature", "properties": { "lon": 76.7202171, "lat": 30.6438243, "elevation": 295.0, "slope_to_next": 0.0, "flow_direction_deg": 247.00154323265991 }, "geometry": { "type": "Point", "coordinates": [ 76.7202171, 30.6438243 ] } },
{ "type": "Feature", "properties": { "lon": 76.7199093, "lat": 30.6437119, "elevation": 295.0, "slope_to_next": 0.0, "flow_direction_deg": 248.61466478767431 }, "geometry": { "type": "Point", "coordinates": [ 76.7199093, 30.6437119 ] } },
{ "type": "Feature", "properties": { "lon": 76.7196953, "lat": 30.6436398, "elevation": 295.0, "slope_to_next": -1.0, "flow_direction_deg": 253.53025626806368 }, "geometry": { "type": "Point", "coordinates": [ 76.7196953, 30.6436398 ] } },
{ "type": "Feature", "properties": { "lon": 76.7194657, "lat": 30.6435814, "elevation": 294.0, "slope_to_next": 1.0, "flow_direction_deg": 248.37573944238613 }, "geometry": { "type": "Point", "coordinates": [ 76.7194657, 30.6435814 ] } },
{ "type": "Feature", "properties": { "lon": 76.7192414, "lat": 30.6435049, "elevation": 295.0, "slope_to_next": -1.0, "flow_direction_deg": 236.80640166033683 }, "geometry": { "type": "Point", "coordinates": [ 76.7192414, 30.6435049 ] } },
{ "type": "Feature", "properties": { "lon": 76.7191213, "lat": 30.6434373, "elevation": 294.0, "slope_to_next": 1.0, "flow_direction_deg": 233.03467261813489 }, "geometry": { "type": "Point", "coordinates": [ 76.7191213, 30.6434373 ] } },
{ "type": "Feature", "properties": { "lon": 76.7190169, "lat": 30.6433697, "elevation": 295.0, "slope_to_next": 0.0, "flow_direction_deg": 216.75956091037372 }, "geometry": { "type": "Point", "coordinates": [ 76.7190169, 30.6433697 ] } },
{ "type": "Feature", "properties": { "lon": 76.7189543, "lat": 30.6432976, "elevation": 295.0, "slope_to_next": 0.0, "flow_direction_deg": 200.17505199932242 }, "geometry": { "type": "Point", "coordinates": [ 76.7189543, 30.6432976 ] } },
{ "type": "Feature", "properties": { "lon": 76.7189177, "lat": 30.6432119, "elevation": 295.0, "slope_to_next": 2.0, "flow_direction_deg": 171.52733339803478 }, "geometry": { "type": "Point", "coordinates": [ 76.7189177, 30.6432119 ] } },
{ "type": "Feature", "properties": { "lon": 76.7189333, "lat": 30.6431218, "elevation": 297.0, "slope_to_next": 0.0, "flow_direction_deg": 149.91228873329396 }, "geometry": { "type": "Point", "coordinates": [ 76.7189333, 30.6431218 ] } },
{ "type": "Feature", "properties": { "lon": 76.7189698, "lat": 30.6430676, "elevation": 297.0, "slope_to_next": -2.0, "flow_direction_deg": 143.34628874309863 }, "geometry": { "type": "Point", "coordinates": [ 76.7189698, 30.6430676 ] } },
{ "type": "Feature", "properties": { "lon": 76.7190479, "lat": 30.6429773, "elevation": 295.0, "slope_to_next": 1.0, "flow_direction_deg": 144.89028122541788 }, "geometry": { "type": "Point", "coordinates": [ 76.7190479, 30.6429773 ] } },
{ "type": "Feature", "properties": { "lon": 76.7191364, "lat": 30.642869, "elevation": 296.0, "slope_to_next": 0.0, "flow_direction_deg": 151.53240143312405 }, "geometry": { "type": "Point", "coordinates": [ 76.7191364, 30.642869 ] } },
{ "type": "Feature", "properties": { "lon": 76.7192615, "lat": 30.6426705, "elevation": 296.0, "slope_to_next": 0.0, "flow_direction_deg": 139.33436662511008 }, "geometry": { "type": "Point", "coordinates": [ 76.7192615, 30.6426705 ] } },
{ "type": "Feature", "properties": { "lon": 76.7193291, "lat": 30.6426028, "elevation": 296.0, "slope_to_next": 0.0, "flow_direction_deg": 150.80006549864078 }, "geometry": { "type": "Point", "coordinates": [ 76.7193291, 30.6426028 ] } },
{ "type": "Feature", "properties": { "lon": 76.7194229, "lat": 30.6424584, "elevation": 296.0, "slope_to_next": 1.0, "flow_direction_deg": 151.09985253130344 }, "geometry": { "type": "Point", "coordinates": [ 76.7194229, 30.6424584 ] } },
{ "type": "Feature", "properties": { "lon": 76.7195271, "lat": 30.642296, "elevation": 297.0, "slope_to_next": 0.0, "flow_direction_deg": 156.31725174184044 }, "geometry": { "type": "Point", "coordinates": [ 76.7195271, 30.642296 ] } },
{ "type": "Feature", "properties": { "lon": 76.719626, "lat": 30.642102, "elevation": 297.0, "slope_to_next": 1.0, "flow_direction_deg": 160.14779009238691 }, "geometry": { "type": "Point", "coordinates": [ 76.719626, 30.642102 ] } },
{ "type": "Feature", "properties": { "lon": 76.7197093, "lat": 30.6419035, "elevation": 298.0, "slope_to_next": 0.0, "flow_direction_deg": 161.01714243128083 }, "geometry": { "type": "Point", "coordinates": [ 76.7197093, 30.6419035 ] } },
{ "type": "Feature", "properties": { "lon": 76.7197977, "lat": 30.6416824, "elevation": 298.0, "slope_to_next": -1.0, "flow_direction_deg": 161.19600787070567 }, "geometry": { "type": "Point", "coordinates": [ 76.7197977, 30.6416824 ] } },
{ "type": "Feature", "properties": { "lon": 76.7199173, "lat": 30.6413802, "elevation": 297.0, "slope_to_next": 0.0, "flow_direction_deg": 174.65506443066693 }, "geometry": { "type": "Point", "coordinates": [ 76.7199173, 30.6413802 ] } },
{ "type": "Feature", "properties": { "lon": 76.7199433, "lat": 30.6411411, "elevation": 297.0, "slope_to_next": 0.0, "flow_direction_deg": 180.05465189145622 }, "geometry": { "type": "Point", "coordinates": [ 76.7199433, 30.6411411 ] } },
{ "type": "Feature", "properties": { "lon": 76.7199431, "lat": 30.6409607, "elevation": 297.0, "slope_to_next": 0.0, "flow_direction_deg": 177.87776837523336 }, "geometry": { "type": "Point", "coordinates": [ 76.7199431, 30.6409607 ] } },
{ "type": "Feature", "properties": { "lon": 76.7199532, "lat": 30.6407262, "elevation": 297.0, "slope_to_next": 0.0, "flow_direction_deg": 194.22381699440606 }, "geometry": { "type": "Point", "coordinates": [ 76.7199532, 30.6407262 ] } },
{ "type": "Feature", "properties": { "lon": 76.7198695, "lat": 30.6404421, "elevation": 297.0, "slope_to_next": -3.0, "flow_direction_deg": 187.12253462449206 }, "geometry": { "type": "Point", "coordinates": [ 76.7198695, 30.6404421 ] } },
{ "type": "Feature", "properties": { "lon": 76.7198433, "lat": 30.6402617, "elevation": 294.0, "slope_to_next": -1.0, "flow_direction_deg": 189.24929208949683 }, "geometry": { "type": "Point", "coordinates": [ 76.7198433, 30.6402617 ] } },
{ "type": "Feature", "properties": { "lon": 76.7198066, "lat": 30.6400678, "elevation": 293.0, "slope_to_next": 0.0, "flow_direction_deg": 201.20869450156601 }, "geometry": { "type": "Point", "coordinates": [ 76.7198066, 30.6400678 ] } },
{ "type": "Feature", "properties": { "lon": 76.7197334, "lat": 30.6399055, "elevation": 293.0, "slope_to_next": -2.0, "flow_direction_deg": 190.63729505158375 }, "geometry": { "type": "Point", "coordinates": [ 76.7197334, 30.6399055 ] } },
{ "type": "Feature", "properties": { "lon": 76.7197019, "lat": 30.6397612, "elevation": 291.0, "slope_to_next": 0.0, "flow_direction_deg": 195.90641431936984 }, "geometry": { "type": "Point", "coordinates": [ 76.7197019, 30.6397612 ] } },
{ "type": "Feature", "properties": { "lon": 76.7196601, "lat": 30.639635, "elevation": 291.0, "slope_to_next": -1.0, "flow_direction_deg": 197.20163482457255 }, "geometry": { "type": "Point", "coordinates": [ 76.7196601, 30.639635 ] } },
{ "type": "Feature", "properties": { "lon": 76.719613, "lat": 30.6395041, "elevation": 290.0, "slope_to_next": null, "flow_direction_deg": null }, "geometry": { "type": "Point", "coordinates": [ 76.719613, 30.6395041 ] } },
{ "type": "Feature", "properties": { "lon": 76.7435571, "lat": 30.729796, "elevation": null, "slope_to_next": null, "flow_direction_deg": null }, "geometry": { "type": "Point", "coordinates": [ 76.7435571, 30.729796 ] } },
{ "type": "Feature", "properties": { "lon": 76.7427856, "lat": 30.7289101, "elevation": 322.0, "slope_to_next": 0.0, "flow_direction_deg": 228.0565548511041 }, "geometry": { "type": "Point", "coordinates": [ 76.7427856, 30.7289101 ] } },
{ "type": "Feature", "properties": { "lon": 76.7419484, "lat": 30.7282634, "elevation": 322.0, "slope_to_next": 6.0, "flow_direction_deg": 262.53786051050855 }, "geometry": { "type": "Point", "coordinates": [ 76.7419484, 30.7282634 ] } },
{ "type": "Feature", "properties": { "lon": 76.7404972, "lat": 30.7281, "elevation": 328.0, "slope_to_next": -3.0, "flow_direction_deg": 262.53611470764127 }, "geometry": { "type": "Point", "coordinates": [ 76.7404972, 30.7281 ] } },
{ "type": "Feature", "properties": { "lon": 76.7380786, "lat": 30.7278276, "elevation": 325.0, "slope_to_next": -3.0, "flow_direction_deg": 239.61423006478162 }, "geometry": { "type": "Point", "coordinates": [ 76.7380786, 30.7278276 ] } },
{ "type": "Feature", "properties": { "lon": 76.7359939, "lat": 30.7267768, "elevation": 322.0, "slope_to_next": -1.0, "flow_direction_deg": 208.88206832160091 }, "geometry": { "type": "Point", "coordinates": [ 76.7359939, 30.7267768 ] } },
{ "type": "Feature", "properties": { "lon": 76.7345123, "lat": 30.7244679, "elevation": 321.0, "slope_to_next": 1.0, "flow_direction_deg": 212.844557702533 }, "geometry": { "type": "Point", "coordinates": [ 76.7345123, 30.7244679 ] } },
{ "type": "Feature", "properties": { "lon": 76.7336686, "lat": 30.7233444, "elevation": 322.0, "slope_to_next": 6.0, "flow_direction_deg": 201.45737159575864 }, "geometry": { "type": "Point", "coordinates": [ 76.7336686, 30.7233444 ] } },
{ "type": "Feature", "properties": { "lon": 76.7325295, "lat": 30.720853, "elevation": 328.0, "slope_to_next": -3.0, "flow_direction_deg": 177.44118551015299 }, "geometry": { "type": "Point", "coordinates": [ 76.7325295, 30.720853 ] } },
{ "type": "Feature", "properties": { "lon": 76.732638, "lat": 30.7187658, "elevation": 325.0, "slope_to_next": -1.0, "flow_direction_deg": 162.34687079800472 }, "geometry": { "type": "Point", "coordinates": [ 76.732638, 30.7187658 ] } },
{ "type": "Feature", "properties": { "lon": 76.7333025, "lat": 30.7169707, "elevation": 324.0, "slope_to_next": -2.0, "flow_direction_deg": 147.99912650809745 }, "geometry": { "type": "Point", "coordinates": [ 76.7333025, 30.7169707 ] } },
{ "type": "Feature", "properties": { "lon": 76.7346559, "lat": 30.7151087, "elevation": 322.0, "slope_to_next": 3.0, "flow_direction_deg": 93.72939067042995 }, "geometry": { "type": "Point", "coordinates": [ 76.7346559, 30.7151087 ] } },
{ "type": "Feature", "properties": { "lon": 76.7359656, "lat": 30.7150353, "elevation": 325.0, "slope_to_next": -1.0, "flow_direction_deg": 147.14265288765404 }, "geometry": { "type": "Point", "coordinates": [ 76.7359656, 30.7150353 ] } },
{ "type": "Feature", "properties": { "lon": 76.7370489, "lat": 30.7135933, "elevation": 324.0, "slope_to_next": -7.0, "flow_direction_deg": 152.91819443555096 }, "geometry": { "type": "Point", "coordinates": [ 76.7370489, 30.7135933 ] } },
{ "type": "Feature", "properties": { "lon": 76.7376553, "lat": 30.7125737, "elevation": 317.0, "slope_to_next": -1.0, "flow_direction_deg": 124.5258900345911 }, "geometry": { "type": "Point", "coordinates": [ 76.7376553, 30.7125737 ] } },
{ "type": "Feature", "properties": { "lon": 76.7390919, "lat": 30.711724, "elevation": 316.0, "slope_to_next": 2.0, "flow_direction_deg": 163.9199303001933 }, "geometry": { "type": "Point", "coordinates": [ 76.7390919, 30.711724 ] } },
{ "type": "Feature", "properties": { "lon": 76.7397537, "lat": 30.7097501, "elevation": 318.0, "slope_to_next": 0.0, "flow_direction_deg": 174.61445718991752 }, "geometry": { "type": "Point", "coordinates": [ 76.7397537, 30.7097501 ] } },
{ "type": "Feature", "properties": { "lon": 76.7399369, "lat": 30.7080793, "elevation": 318.0, "slope_to_next": 0.0, "flow_direction_deg": 164.07890791570867 }, "geometry": { "type": "Point", "coordinates": [ 76.7399369, 30.7080793 ] } },
{ "type": "Feature", "properties": { "lon": 76.7403338, "lat": 30.706883, "elevation": 318.0, "slope_to_next": 3.0, "flow_direction_deg": 177.70113628557579 }, "geometry": { "type": "Point", "coordinates": [ 76.7403338, 30.706883 ] } },
{ "type": "Feature", "properties": { "lon": 76.7403867, "lat": 30.70575, "elevation": 321.0, "slope_to_next": 0.0, "flow_direction_deg": 201.02871871066364 }, "geometry": { "type": "Point", "coordinates": [ 76.7403867, 30.70575 ] } },
{ "type": "Feature", "properties": { "lon": 76.7397551, "lat": 30.7043374, "elevation": 321.0, "slope_to_next": -2.0, "flow_direction_deg": 187.62604523705252 }, "geometry": { "type": "Point", "coordinates": [ 76.7397551, 30.7043374 ] } },
{ "type": "Feature", "properties": { "lon": 76.7397174, "lat": 30.7040953, "elevation": 319.0, "slope_to_next": 0.0, "flow_direction_deg": 228.63321863268899 }, "geometry": { "type": "Point", "coordinates": [ 76.7397174, 30.7040953 ] } },
{ "type": "Feature", "properties": { "lon": 76.7393921, "lat": 30.703849, "elevation": 319.0, "slope_to_next": -3.0, "flow_direction_deg": 170.19529284960936 }, "geometry": { "type": "Point", "coordinates": [ 76.7393921, 30.703849 ] } },
{ "type": "Feature", "properties": { "lon": 76.7395141, "lat": 30.703242, "elevation": 316.0, "slope_to_next": -1.0, "flow_direction_deg": 185.87619693416102 }, "geometry": { "type": "Point", "coordinates": [ 76.7395141, 30.703242 ] } },
{ "type": "Feature", "properties": { "lon": 76.7394063, "lat": 30.7023414, "elevation": 315.0, "slope_to_next": -1.0, "flow_direction_deg": 204.40116212765182 }, "geometry": { "type": "Point", "coordinates": [ 76.7394063, 30.7023414 ] } },
{ "type": "Feature", "properties": { "lon": 76.7388575, "lat": 30.7013012, "elevation": 314.0, "slope_to_next": 2.0, "flow_direction_deg": 218.25669248393206 }, "geometry": { "type": "Point", "coordinates": [ 76.7388575, 30.7013012 ] } },
{ "type": "Feature", "properties": { "lon": 76.7382428, "lat": 30.7006309, "elevation": 316.0, "slope_to_next": 0.0, "flow_direction_deg": 242.14367055716593 }, "geometry": { "type": "Point", "coordinates": [ 76.7382428, 30.7006309 ] } },
{ "type": "Feature", "properties": { "lon": 76.7376108, "lat": 30.7003437, "elevation": 316.0, "slope_to_next": 1.0, "flow_direction_deg": 306.64561708262175 }, "geometry": { "type": "Point", "coordinates": [ 76.7376108, 30.7003437 ] } },
{ "type": "Feature", "properties": { "lon": 76.7366132, "lat": 30.7009818, "elevation": 317.0, "slope_to_next": -4.0, "flow_direction_deg": 306.64352815931477 }, "geometry": { "type": "Point", "coordinates": [ 76.7366132, 30.7009818 ] } },
{ "type": "Feature", "properties": { "lon": 76.736015, "lat": 30.7013644, "elevation": 313.0, "slope_to_next": -1.0, "flow_direction_deg": 283.48986906684405 }, "geometry": { "type": "Point", "coordinates": [ 76.736015, 30.7013644 ] } },
{ "type": "Feature", "properties": { "lon": 76.7358395, "lat": 30.7014006, "elevation": 312.0, "slope_to_next": 4.0, "flow_direction_deg": 283.47499193869714 }, "geometry": { "type": "Point", "coordinates": [ 76.7358395, 30.7014006 ] } },
{ "type": "Feature", "properties": { "lon": 76.7347678, "lat": 30.7016214, "elevation": 316.0, "slope_to_next": 0.0, "flow_direction_deg": 264.96494489424208 }, "geometry": { "type": "Point", "coordinates": [ 76.7347678, 30.7016214 ] } },
{ "type": "Feature", "properties": { "lon": 76.7344114, "lat": 30.7015944, "elevation": 316.0, "slope_to_next": 1.0, "flow_direction_deg": 188.0915904453876 }, "geometry": { "type": "Point", "coordinates": [ 76.7344114, 30.7015944 ] } },
{ "type": "Feature", "properties": { "lon": 76.7342946, "lat": 30.700888, "elevation": 317.0, "slope_to_next": 0.0, "flow_direction_deg": 154.24159527896995 }, "geometry": { "type": "Point", "coordinates": [ 76.7342946, 30.700888 ] } },
{ "type": "Feature", "properties": { "lon": 76.7345377, "lat": 30.7004548, "elevation": 317.0, "slope_to_next": -2.0, "flow_direction_deg": 169.4403820543522 }, "geometry": { "type": "Point", "coordinates": [ 76.7345377, 30.7004548 ] } },
{ "type": "Feature", "properties": { "lon": 76.7346714, "lat": 30.6998381, "elevation": 315.0, "slope_to_next": 2.0, "flow_direction_deg": 132.90198750251648 }, "geometry": { "type": "Point", "coordinates": [ 76.7346714, 30.6998381 ] } },
{ "type": "Feature", "properties": { "lon": 76.7351308, "lat": 30.699471, "elevation": 317.0, "slope_to_next": -5.0, "flow_direction_deg": 130.42630183508186 }, "geometry": { "type": "Point", "coordinates": [ 76.7351308, 30.699471 ] } },
{ "type": "Feature", "properties": { "lon": 76.7365857, "lat": 30.6984053, "elevation": 312.0, "slope_to_next": 2.0, "flow_direction_deg": 149.66416031125709 }, "geometry": { "type": "Point", "coordinates": [ 76.7365857, 30.6984053 ] } },
{ "type": "Feature", "properties": { "lon": 76.7375154, "lat": 30.6970392, "elevation": 314.0, "slope_to_next": 0.0, "flow_direction_deg": 164.07504524630247 }, "geometry": { "type": "Point", "coordinates": [ 76.7375154, 30.6970392 ] } },
{ "type": "Feature", "properties": { "lon": 76.7377203, "lat": 30.6964217, "elevation": 314.0, "slope_to_next": 1.0, "flow_direction_deg": 180.70072224644301 }, "geometry": { "type": "Point", "coordinates": [ 76.7377203, 30.6964217 ] } },
{ "type": "Feature", "properties": { "lon": 76.7377063, "lat": 30.6954374, "elevation": 315.0, "slope_to_next": -2.0, "flow_direction_deg": 224.0101084560593 }, "geometry": { "type": "Point", "coordinates": [ 76.7377063, 30.6954374 ] } },
{ "type": "Feature", "properties": { "lon": 76.7370573, "lat": 30.6948597, "elevation": 313.0, "slope_to_next": -1.0, "flow_direction_deg": 211.27527614888837 }, "geometry": { "type": "Point", "coordinates": [ 76.7370573, 30.6948597 ] } },
{ "type": "Feature", "properties": { "lon": 76.7363671, "lat": 30.6938826, "elevation": 312.0, "slope_to_next": -2.0, "flow_direction_deg": 162.24614066736717 }, "geometry": { "type": "Point", "coordinates": [ 76.7363671, 30.6938826 ] } },
{ "type": "Feature", "properties": { "lon": 76.7365017, "lat": 30.6935211, "elevation": 310.0, "slope_to_next": -1.0, "flow_direction_deg": 194.67541302372203 }, "geometry": { "type": "Point", "coordinates": [ 76.7365017, 30.6935211 ] } },
{ "type": "Feature", "properties": { "lon": 76.7364756, "lat": 30.6934354, "elevation": 309.0, "slope_to_next": 0.0, "flow_direction_deg": 183.85320925805877 }, "geometry": { "type": "Point", "coordinates": [ 76.7364756, 30.6934354 ] } },
{ "type": "Feature", "properties": { "lon": 76.7364597, "lat": 30.6932324, "elevation": 309.0, "slope_to_next": 1.0, "flow_direction_deg": 171.96295151517631 }, "geometry": { "type": "Point", "coordinates": [ 76.7364597, 30.6932324 ] } },
{ "type": "Feature", "properties": { "lon": 76.7364908, "lat": 30.693043, "elevation": 310.0, "slope_to_next": 1.0, "flow_direction_deg": 172.44160049710376 }, "geometry": { "type": "Point", "coordinates": [ 76.7364908, 30.693043 ] } },
{ "type": "Feature", "properties": { "lon": 76.736527, "lat": 30.6928084, "elevation": 311.0, "slope_to_next": 1.0, "flow_direction_deg": 185.84297635895609 }, "geometry": { "type": "Point", "coordinates": [ 76.736527, 30.6928084 ] } },
{ "type": "Feature", "properties": { "lon": 76.7365007, "lat": 30.6925874, "elevation": 312.0, "slope_to_next": 2.0, "flow_direction_deg": 193.23931008005871 }, "geometry": { "type": "Point", "coordinates": [ 76.7365007, 30.6925874 ] } },
{ "type": "Feature", "properties": { "lon": 76.7364378, "lat": 30.6923575, "elevation": 314.0, "slope_to_next": 0.0, "flow_direction_deg": 211.52458550880175 }, "geometry": { "type": "Point", "coordinates": [ 76.7364378, 30.6923575 ] } },
{ "type": "Feature", "properties": { "lon": 76.7363542, "lat": 30.6922403, "elevation": 314.0, "slope_to_next": 0.0, "flow_direction_deg": 206.51930089344182 }, "geometry": { "type": "Point", "coordinates": [ 76.7363542, 30.6922403 ] } },
{ "type": "Feature", "properties": { "lon": 76.7362653, "lat": 30.6920871, "elevation": 314.0, "slope_to_next": 0.0, "flow_direction_deg": 203.57262909461681 }, "geometry": { "type": "Point", "coordinates": [ 76.7362653, 30.6920871 ] } },
{ "type": "Feature", "properties": { "lon": 76.7361555, "lat": 30.6918707, "elevation": 314.0, "slope_to_next": -4.0, "flow_direction_deg": 199.8404236138461 }, "geometry": { "type": "Point", "coordinates": [ 76.7361555, 30.6918707 ] } },
{ "type": "Feature", "properties": { "lon": 76.7360874, "lat": 30.6917084, "elevation": 310.0, "slope_to_next": 0.0, "flow_direction_deg": 214.13520092268161 }, "geometry": { "type": "Point", "coordinates": [ 76.7360874, 30.6917084 ] } },
{ "type": "Feature", "properties": { "lon": 76.7359097, "lat": 30.691483, "elevation": 310.0, "slope_to_next": 1.0, "flow_direction_deg": 231.15619197301004 }, "geometry": { "type": "Point", "coordinates": [ 76.7359097, 30.691483 ] } },
{ "type": "Feature", "properties": { "lon": 76.735565, "lat": 30.6912443, "elevation": 311.0, "slope_to_next": 0.0, "flow_direction_deg": 196.66535093941073 }, "geometry": { "type": "Point", "coordinates": [ 76.735565, 30.6912443 ] } },
{ "type": "Feature", "properties": { "lon": 76.7355179, "lat": 30.691109, "elevation": 311.0, "slope_to_next": 1.0, "flow_direction_deg": 190.31727237195227 }, "geometry": { "type": "Point", "coordinates": [ 76.7355179, 30.691109 ] } },
{ "type": "Feature", "properties": { "lon": 76.7354864, "lat": 30.6909602, "elevation": 312.0, "slope_to_next": 0.0, "flow_direction_deg": 189.71432172854307 }, "geometry": { "type": "Point", "coordinates": [ 76.7354864, 30.6909602 ] } },
{ "type": "Feature", "properties": { "lon": 76.7354778, "lat": 30.690917, "elevation": 312.0, "slope_to_next": -1.0, "flow_direction_deg": 256.59579950156069 }, "geometry": { "type": "Point", "coordinates": [ 76.7354778, 30.690917 ] } },
{ "type": "Feature", "properties": { "lon": 76.7351494, "lat": 30.6908497, "elevation": 311.0, "slope_to_next": 1.0, "flow_direction_deg": 197.12532435690693 }, "geometry": { "type": "Point", "coordinates": [ 76.7351494, 30.6908497 ] } },
{ "type": "Feature", "properties": { "lon": 76.7348529, "lat": 30.6900222, "elevation": 312.0, "slope_to_next": -2.0, "flow_direction_deg": 175.95302270328978 }, "geometry": { "type": "Point", "coordinates": [ 76.7348529, 30.6900222 ] } },
{ "type": "Feature", "properties": { "lon": 76.7349137, "lat": 30.6892832, "elevation": 310.0, "slope_to_next": 2.0, "flow_direction_deg": 209.02724858570741 }, "geometry": { "type": "Point", "coordinates": [ 76.7349137, 30.6892832 ] } },
{ "type": "Feature", "properties": { "lon": 76.7344405, "lat": 30.6885499, "elevation": 312.0, "slope_to_next": 0.0, "flow_direction_deg": 215.26134724264858 }, "geometry": { "type": "Point", "coordinates": [ 76.7344405, 30.6885499 ] } },
{ "type": "Feature", "properties": { "lon": 76.7339278, "lat": 30.6879263, "elevation": 312.0, "slope_to_next": -3.0, "flow_direction_deg": 222.08261631443821 }, "geometry": { "type": "Point", "coordinates": [ 76.7339278, 30.6879263 ] } },
{ "type": "Feature", "properties": { "lon": 76.7331223, "lat": 30.6871592, "elevation": 309.0, "slope_to_next": 2.0, "flow_direction_deg": 211.81121284320938 }, "geometry": { "type": "Point", "coordinates": [ 76.7331223, 30.6871592 ] } },
{ "type": "Feature", "properties": { "lon": 76.7327403, "lat": 30.6866296, "elevation": 311.0, "slope_to_next": -4.0, "flow_direction_deg": 165.88863625289264 }, "geometry": { "type": "Point", "coordinates": [ 76.7327403, 30.6866296 ] } },
{ "type": "Feature", "properties": { "lon": 76.7328862, "lat": 30.6861305, "elevation": 307.0, "slope_to_next": -1.0, "flow_direction_deg": 183.72497478138476 }, "geometry": { "type": "Point", "coordinates": [ 76.7328862, 30.6861305 ] } },
{ "type": "Feature", "properties": { "lon": 76.7328556, "lat": 30.6857263, "elevation": 306.0, "slope_to_next": 4.0, "flow_direction_deg": 192.88954908750409 }, "geometry": { "type": "Point", "coordinates": [ 76.7328556, 30.6857263 ] } },
{ "type": "Feature", "properties": { "lon": 76.732756, "lat": 30.685352, "elevation": 310.0, "slope_to_next": -3.0, "flow_direction_deg": 172.1397049849877 }, "geometry": { "type": "Point", "coordinates": [ 76.732756, 30.685352 ] } },
{ "type": "Feature", "properties": { "lon": 76.7327922, "lat": 30.6851265, "elevation": 307.0, "slope_to_next": -5.0, "flow_direction_deg": 155.37854927073067 }, "geometry": { "type": "Point", "coordinates": [ 76.7327922, 30.6851265 ] } },
{ "type": "Feature", "properties": { "lon": 76.7329485, "lat": 30.6848332, "elevation": 302.0, "slope_to_next": 0.0, "flow_direction_deg": 151.95450045289493 }, "geometry": { "type": "Point", "coordinates": [ 76.7329485, 30.6848332 ] } },
{ "type": "Feature", "properties": { "lon": 76.7330631, "lat": 30.6846482, "elevation": 302.0, "slope_to_next": 2.0, "flow_direction_deg": 140.14230959670886 }, "geometry": { "type": "Point", "coordinates": [ 76.7330631, 30.6846482 ] } },
{ "type": "Feature", "properties": { "lon": 76.7332559, "lat": 30.6844496, "elevation": 304.0, "slope_to_next": 0.0, "flow_direction_deg": 131.25521240762083 }, "geometry": { "type": "Point", "coordinates": [ 76.7332559, 30.6844496 ] } },
{ "type": "Feature", "properties": { "lon": 76.7334175, "lat": 30.6843277, "elevation": 304.0, "slope_to_next": 2.0, "flow_direction_deg": 126.43496398305979 }, "geometry": { "type": "Point", "coordinates": [ 76.7334175, 30.6843277 ] } },
{ "type": "Feature", "properties": { "lon": 76.7336522, "lat": 30.6841787, "elevation": 306.0, "slope_to_next": 1.0, "flow_direction_deg": 112.57074237538615 }, "geometry": { "type": "Point", "coordinates": [ 76.7336522, 30.6841787 ] } },
{ "type": "Feature", "properties": { "lon": 76.7337627, "lat": 30.6841392, "elevation": 307.0, "slope_to_next": 0.0, "flow_direction_deg": 165.5185259728388 }, "geometry": { "type": "Point", "coordinates": [ 76.7337627, 30.6841392 ] } },
{ "type": "Feature", "properties": { "lon": 76.7339425, "lat": 30.6835405, "elevation": 307.0, "slope_to_next": 0.0, "flow_direction_deg": 156.08749310583858 }, "geometry": { "type": "Point", "coordinates": [ 76.7339425, 30.6835405 ] } },
{ "type": "Feature", "properties": { "lon": 76.7342718, "lat": 30.6829018, "elevation": 307.0, "slope_to_next": 0.0, "flow_direction_deg": 219.88750320414545 }, "geometry": { "type": "Point", "coordinates": [ 76.7342718, 30.6829018 ] } },
{ "type": "Feature", "properties": { "lon": 76.7341098, "lat": 30.6827351, "elevation": 307.0, "slope_to_next": -4.0, "flow_direction_deg": 221.28898185175993 }, "geometry": { "type": "Point", "coordinates": [ 76.7341098, 30.6827351 ] } },
{ "type": "Feature", "properties": { "lon": 76.7339165, "lat": 30.6825458, "elevation": 303.0, "slope_to_next": 1.0, "flow_direction_deg": 203.01117808128026 }, "geometry": { "type": "Point", "coordinates": [ 76.7339165, 30.6825458 ] } },
{ "type": "Feature", "properties": { "lon": 76.7337963, "lat": 30.6823024, "elevation": 304.0, "slope_to_next": 0.0, "flow_direction_deg": 188.88928936822577 }, "geometry": { "type": "Point", "coordinates": [ 76.7337963, 30.6823024 ] } },
{ "type": "Feature", "properties": { "lon": 76.7337594, "lat": 30.6820995, "elevation": 304.0, "slope_to_next": 3.0, "flow_direction_deg": 196.81883866637787 }, "geometry": { "type": "Point", "coordinates": [ 76.7337594, 30.6820995 ] } },
{ "type": "Feature", "properties": { "lon": 76.7336548, "lat": 30.6818019, "elevation": 307.0, "slope_to_next": 2.0, "flow_direction_deg": 200.26671307688409 }, "geometry": { "type": "Point", "coordinates": [ 76.7336548, 30.6818019 ] } },
{ "type": "Feature", "properties": { "lon": 76.7335135, "lat": 30.6814728, "elevation": 309.0, "slope_to_next": 3.0, "flow_direction_deg": 205.24606980099838 }, "geometry": { "type": "Point", "coordinates": [ 76.7335135, 30.6814728 ] } },
{ "type": "Feature", "properties": { "lon": 76.7332416, "lat": 30.6809769, "elevation": 312.0, "slope_to_next": -2.0, "flow_direction_deg": 198.97695022405176 }, "geometry": { "type": "Point", "coordinates": [ 76.7332416, 30.6809769 ] } },
{ "type": "Feature", "properties": { "lon": 76.7331893, "lat": 30.6808461, "elevation": 310.0, "slope_to_next": 0.0, "flow_direction_deg": 198.40971949435041 }, "geometry": { "type": "Point", "coordinates": [ 76.7331893, 30.6808461 ] } },
{ "type": "Feature", "properties": { "lon": 76.7331422, "lat": 30.6807244, "elevation": 310.0, "slope_to_next": -4.0, "flow_direction_deg": 199.76969780108786 }, "geometry": { "type": "Point", "coordinates": [ 76.7331422, 30.6807244 ] } },
{ "type": "Feature", "properties": { "lon": 76.7330951, "lat": 30.6806117, "elevation": 306.0, "slope_to_next": 0.0, "flow_direction_deg": 193.38394232823742 }, "geometry": { "type": "Point", "coordinates": [ 76.7330951, 30.6806117 ] } },
{ "type": "Feature", "properties": { "lon": 76.7330689, "lat": 30.680517, "elevation": 306.0, "slope_to_next": 0.0, "flow_direction_deg": 216.18664564195464 }, "geometry": { "type": "Point", "coordinates": [ 76.7330689, 30.680517 ] } },
{ "type": "Feature", "properties": { "lon": 76.7330114, "lat": 30.6804494, "elevation": 306.0, "slope_to_next": 2.0, "flow_direction_deg": 192.97544246049171 }, "geometry": { "type": "Point", "coordinates": [ 76.7330114, 30.6804494 ] } },
{ "type": "Feature", "properties": { "lon": 76.7329957, "lat": 30.6803908, "elevation": 308.0, "slope_to_next": 0.0, "flow_direction_deg": 213.0573684373137 }, "geometry": { "type": "Point", "coordinates": [ 76.7329957, 30.6803908 ] } },
{ "type": "Feature", "properties": { "lon": 76.7329173, "lat": 30.6802872, "elevation": 308.0, "slope_to_next": 0.0, "flow_direction_deg": 197.71665868047597 }, "geometry": { "type": "Point", "coordinates": [ 76.7329173, 30.6802872 ] } },
{ "type": "Feature", "properties": { "lon": 76.7328754, "lat": 30.6801744, "elevation": 308.0, "slope_to_next": 1.0, "flow_direction_deg": 199.23745174222532 }, "geometry": { "type": "Point", "coordinates": [ 76.7328754, 30.6801744 ] } },
{ "type": "Feature", "properties": { "lon": 76.7328388, "lat": 30.6800842, "elevation": 309.0, "slope_to_next": 0.0, "flow_direction_deg": 209.68401902067217 }, "geometry": { "type": "Point", "coordinates": [ 76.7328388, 30.6800842 ] } },
{ "type": "Feature", "properties": { "lon": 76.7327761, "lat": 30.6799896, "elevation": 309.0, "slope_to_next": 0.0, "flow_direction_deg": 203.72811842294331 }, "geometry": { "type": "Point", "coordinates": [ 76.7327761, 30.6799896 ] } },
{ "type": "Feature", "properties": { "lon": 76.7327185, "lat": 30.6798769, "elevation": 309.0, "slope_to_next": 2.0, "flow_direction_deg": 215.71580870122 }, "geometry": { "type": "Point", "coordinates": [ 76.7327185, 30.6798769 ] } },
{ "type": "Feature", "properties": { "lon": 76.7326507, "lat": 30.6797958, "elevation": 311.0, "slope_to_next": -2.0, "flow_direction_deg": 220.78019425968222 }, "geometry": { "type": "Point", "coordinates": [ 76.7326507, 30.6797958 ] } },
{ "type": "Feature", "properties": { "lon": 76.7325828, "lat": 30.6797281, "elevation": 309.0, "slope_to_next": 0.0, "flow_direction_deg": 243.42627640784656 }, "geometry": { "type": "Point", "coordinates": [ 76.7325828, 30.6797281 ] } },
{ "type": "Feature", "properties": { "lon": 76.7324052, "lat": 30.6796517, "elevation": 309.0, "slope_to_next": 1.0, "flow_direction_deg": 243.34679091410169 }, "geometry": { "type": "Point", "coordinates": [ 76.7324052, 30.6796517 ] } },
{ "type": "Feature", "properties": { "lon": 76.7322486, "lat": 30.6795841, "elevation": 310.0, "slope_to_next": 1.0, "flow_direction_deg": 254.97546722578502 }, "geometry": { "type": "Point", "coordinates": [ 76.7322486, 30.6795841 ] } },
{ "type": "Feature", "properties": { "lon": 76.7320346, "lat": 30.6795347, "elevation": 311.0, "slope_to_next": 0.0, "flow_direction_deg": 249.17279674958598 }, "geometry": { "type": "Point", "coordinates": [ 76.7320346, 30.6795347 ] } },
{ "type": "Feature", "properties": { "lon": 76.7318833, "lat": 30.6794852, "elevation": 311.0, "slope_to_next": -1.0, "flow_direction_deg": 240.22048132742776 }, "geometry": { "type": "Point", "coordinates": [ 76.7318833, 30.6794852 ] } },
{ "type": "Feature", "properties": { "lon": 76.731737, "lat": 30.6794132, "elevation": 310.0, "slope_to_next": -1.0, "flow_direction_deg": 240.16948433481284 }, "geometry": { "type": "Point", "coordinates": [ 76.731737, 30.6794132 ] } },
{ "type": "Feature", "properties": { "lon": 76.7315178, "lat": 30.6793051, "elevation": 309.0, "slope_to_next": 0.0, "flow_direction_deg": 232.50084451555864 }, "geometry": { "type": "Point", "coordinates": [ 76.7315178, 30.6793051 ] } },
{ "type": "Feature", "properties": { "lon": 76.731429, "lat": 30.6792465, "elevation": 309.0, "slope_to_next": -3.0, "flow_direction_deg": 229.66176748608228 }, "geometry": { "type": "Point", "coordinates": [ 76.731429, 30.6792465 ] } },
{ "type": "Feature", "properties": { "lon": 76.7312254, "lat": 30.6790978, "elevation": 306.0, "slope_to_next": 2.0, "flow_direction_deg": 221.11858488546264 }, "geometry": { "type": "Point", "coordinates": [ 76.7312254, 30.6790978 ] } },
{ "type": "Feature", "properties": { "lon": 76.7310425, "lat": 30.6789176, "elevation": 308.0, "slope_to_next": -2.0, "flow_direction_deg": 212.29291082556765 }, "geometry": { "type": "Point", "coordinates": [ 76.7310425, 30.6789176 ] } },
{ "type": "Feature", "properties": { "lon": 76.7309067, "lat": 30.6787328, "elevation": 306.0, "slope_to_next": 0.0, "flow_direction_deg": 207.04704947684291 }, "geometry": { "type": "Point", "coordinates": [ 76.7309067, 30.6787328 ] } },
{ "type": "Feature", "properties": { "lon": 76.7308712, "lat": 30.678673, "elevation": 306.0, "slope_to_next": -1.0, "flow_direction_deg": 244.56675978652592 }, "geometry": { "type": "Point", "coordinates": [ 76.7308712, 30.678673 ] } },
{ "type": "Feature", "properties": { "lon": 76.7305976, "lat": 30.6785611, "elevation": 305.0, "slope_to_next": 0.0, "flow_direction_deg": 216.21879031462271 }, "geometry": { "type": "Point", "coordinates": [ 76.7305976, 30.6785611 ] } },
{ "type": "Feature", "properties": { "lon": 76.7294032, "lat": 30.6771585, "elevation": 305.0, "slope_to_next": 0.0, "flow_direction_deg": 214.64083765845118 }, "geometry": { "type": "Point", "coordinates": [ 76.7294032, 30.6771585 ] } },
{ "type": "Feature", "properties": { "lon": 76.72857, "lat": 30.6761213, "elevation": 305.0, "slope_to_next": -3.0, "flow_direction_deg": 232.45326351630553 }, "geometry": { "type": "Point", "coordinates": [ 76.72857, 30.6761213 ] } },
{ "type": "Feature", "properties": { "lon": 76.7267377, "lat": 30.67491, "elevation": 302.0, "slope_to_next": 1.0, "flow_direction_deg": 243.23007397358458 }, "geometry": { "type": "Point", "coordinates": [ 76.7267377, 30.67491 ] } },
{ "type": "Feature", "properties": { "lon": 76.7256992, "lat": 30.6744594, "elevation": 303.0, "slope_to_next": 2.0, "flow_direction_deg": 218.52922179648843 }, "geometry": { "type": "Point", "coordinates": [ 76.7256992, 30.6744594 ] } },
{ "type": "Feature", "properties": { "lon": 76.7245427, "lat": 30.6732102, "elevation": 305.0, "slope_to_next": 0.0, "flow_direction_deg": 212.57015410839352 }, "geometry": { "type": "Point", "coordinates": [ 76.7245427, 30.6732102 ] } },
{ "type": "Feature", "properties": { "lon": 76.7239986, "lat": 30.6724776, "elevation": 305.0, "slope_to_next": 1.0, "flow_direction_deg": 236.87262678972343 }, "geometry": { "type": "Point", "coordinates": [ 76.7239986, 30.6724776 ] } },
{ "type": "Feature", "properties": { "lon": 76.7227071, "lat": 30.6717527, "elevation": 306.0, "slope_to_next": -1.0, "flow_direction_deg": 213.51389047205444 }, "geometry": { "type": "Point", "coordinates": [ 76.7227071, 30.6717527 ] } },
{ "type": "Feature", "properties": { "lon": 76.7222737, "lat": 30.6711898, "elevation": 305.0, "slope_to_next": 0.0, "flow_direction_deg": 225.9553653982652 }, "geometry": { "type": "Point", "coordinates": [ 76.7222737, 30.6711898 ] } },
{ "type": "Feature", "properties": { "lon": 76.721517, "lat": 30.6705603, "elevation": 305.0, "slope_to_next": -1.0, "flow_direction_deg": 225.95387141045285 }, "geometry": { "type": "Point", "coordinates": [ 76.721517, 30.6705603 ] } },
{ "type": "Feature", "properties": { "lon": 76.7210118, "lat": 30.67014, "elevation": 304.0, "slope_to_next": -2.0, "flow_direction_deg": 180.691713068913 }, "geometry": { "type": "Point", "coordinates": [ 76.7210118, 30.67014 ] } },
{ "type": "Feature", "properties": { "lon": 76.7210023, "lat": 30.6694632, "elevation": 302.0, "slope_to_next": 0.0, "flow_direction_deg": 169.85649702007629 }, "geometry": { "type": "Point", "coordinates": [ 76.7210023, 30.6694632 ] } },
{ "type": "Feature", "properties": { "lon": 76.7211182, "lat": 30.668906, "elevation": 302.0, "slope_to_next": null, "flow_direction_deg": null }, "geometry": { "type": "Point", "coordinates": [ 76.7211182, 30.668906 ] } }
]
}
